n_clients,iteration,client_index,latency_ms
2,0,0,6.192
2,0,1,6.237
2,1,0,6.351
2,1,1,6.398
2,2,0,6.180
2,2,1,6.226
2,3,0,9.629
2,3,1,9.699
2,4,0,9.324
2,4,1,9.405
2,5,0,8.993
2,5,1,9.077
2,6,0,7.654
2,6,1,7.707
2,7,0,9.143
2,7,1,9.194
2,8,0,6.440
2,8,1,6.492
2,9,0,6.969
2,9,1,7.019
2,10,0,6.509
2,10,1,6.616
2,11,0,6.677
2,11,1,6.755
2,12,0,5.835
2,12,1,5.881
2,13,0,6.535
2,13,1,6.587
2,14,0,6.702
2,14,1,6.776
2,15,0,6.595
2,15,1,6.650
2,16,0,6.061
2,16,1,6.106
2,17,0,7.019
2,17,1,7.097
2,18,0,6.776
2,18,1,6.824
2,19,0,6.103
2,19,1,6.178
2,20,0,6.616
2,20,1,6.666
2,21,0,5.802
2,21,1,5.875
2,22,0,6.643
2,22,1,6.690
2,23,0,6.169
2,23,1,6.223
2,24,0,7.031
2,24,1,7.089
2,25,0,5.560
2,25,1,5.604
2,26,0,5.721
2,26,1,5.775
2,27,0,5.926
2,27,1,5.969
2,28,0,5.407
2,28,1,5.449
2,29,0,5.163
2,29,1,5.213
2,30,0,5.474
2,30,1,5.515
2,31,0,6.114
2,31,1,6.155
2,32,0,6.150
2,32,1,6.196
2,33,0,7.195
2,33,1,7.249
2,34,0,6.122
2,34,1,6.166
2,35,0,6.293
2,35,1,6.350
2,36,0,5.695
2,36,1,5.732
2,37,0,5.563
2,37,1,5.603
2,38,0,5.917
2,38,1,5.957
2,39,0,5.853
2,39,1,5.896
2,40,0,6.065
2,40,1,6.116
2,41,0,5.741
2,41,1,5.784
2,42,0,6.735
2,42,1,6.783
2,43,0,7.152
2,43,1,7.220
2,44,0,8.130
2,44,1,8.175
2,45,0,6.873
2,45,1,6.944
2,46,0,6.185
2,46,1,6.232
2,47,0,6.655
2,47,1,6.730
2,48,0,9.861
2,48,1,9.922
2,49,0,8.559
2,49,1,8.628
2,50,0,9.822
2,50,1,9.882
2,51,0,9.370
2,51,1,9.416
2,52,0,8.021
2,52,1,8.088
2,53,0,7.638
2,53,1,7.731
2,54,0,6.792
2,54,1,6.859
2,55,0,8.146
2,55,1,8.194
2,56,0,7.948
2,56,1,7.993
2,57,0,8.568
2,57,1,8.615
2,58,0,7.903
2,58,1,7.953
2,59,0,8.315
2,59,1,8.362
2,60,0,7.175
2,60,1,7.223
2,61,0,6.899
2,61,1,6.944
2,62,0,7.170
2,62,1,7.221
2,63,0,6.946
2,63,1,6.998
2,64,0,7.360
2,64,1,7.409
2,65,0,7.066
2,65,1,7.112
2,66,0,7.064
2,66,1,7.105
2,67,0,6.698
2,67,1,6.771
2,68,0,6.117
2,68,1,6.159
2,69,0,6.549
2,69,1,6.592
2,70,0,6.155
2,70,1,6.227
2,71,0,5.996
2,71,1,6.070
2,72,0,7.637
2,72,1,7.686
2,73,0,9.198
2,73,1,9.250
2,74,0,8.791
2,74,1,8.838
2,75,0,7.360
2,75,1,7.436
2,76,0,8.345
2,76,1,8.423
2,77,0,7.716
2,77,1,7.761
2,78,0,6.001
2,78,1,6.084
2,79,0,5.494
2,79,1,5.536
2,80,0,6.636
2,80,1,6.679
2,81,0,5.161
2,81,1,5.201
2,82,0,5.882
2,82,1,5.935
2,83,0,6.223
2,83,1,6.296
2,84,0,6.338
2,84,1,6.391
2,85,0,5.768
2,85,1,5.810
2,86,0,5.044
2,86,1,5.120
2,87,0,5.971
2,87,1,6.015
2,88,0,5.444
2,88,1,5.507
2,89,0,5.385
2,89,1,5.426
2,90,0,5.368
2,90,1,5.409
2,91,0,4.616
2,91,1,4.654
2,92,0,4.959
2,92,1,4.998
2,93,0,4.906
2,93,1,4.946
2,94,0,5.288
2,94,1,5.359
2,95,0,5.537
2,95,1,5.622
2,96,0,5.724
2,96,1,5.793
2,97,0,4.893
2,97,1,4.932
2,98,0,7.020
2,98,1,7.063
2,99,0,5.520
2,99,1,5.588
2,100,0,5.896
2,100,1,5.988
2,101,0,4.971
2,101,1,5.010
2,102,0,6.076
2,102,1,6.148
2,103,0,5.593
2,103,1,5.666
2,104,0,5.417
2,104,1,5.460
2,105,0,5.618
2,105,1,5.658
2,106,0,5.804
2,106,1,5.876
2,107,0,5.418
2,107,1,5.460
2,108,0,5.831
2,108,1,5.909
2,109,0,5.921
2,109,1,5.963
2,110,0,5.102
2,110,1,5.140
2,111,0,5.938
2,111,1,6.006
2,112,0,6.463
2,112,1,6.515
2,113,0,6.844
2,113,1,6.889
2,114,0,6.301
2,114,1,6.342
2,115,0,5.423
2,115,1,5.464
2,116,0,6.111
2,116,1,6.154
2,117,0,5.819
2,117,1,5.891
2,118,0,6.435
2,118,1,6.477
2,119,0,6.191
2,119,1,6.234
2,120,0,6.625
2,120,1,6.697
2,121,0,6.305
2,121,1,6.418
2,122,0,5.201
2,122,1,5.241
2,123,0,5.904
2,123,1,5.947
2,124,0,5.714
2,124,1,5.754
2,125,0,4.948
2,125,1,4.987
2,126,0,6.009
2,126,1,6.101
2,127,0,4.672
2,127,1,4.709
2,128,0,5.807
2,128,1,5.878
2,129,0,5.137
2,129,1,5.175
2,130,0,5.326
2,130,1,5.367
2,131,0,5.696
2,131,1,5.742
2,132,0,5.848
2,132,1,5.889
2,133,0,5.054
2,133,1,5.372
2,134,0,6.254
2,134,1,6.326
2,135,0,6.857
2,135,1,6.898
2,136,0,6.009
2,136,1,6.071
2,137,0,6.139
2,137,1,6.213
2,138,0,5.833
2,138,1,5.905
2,139,0,5.483
2,139,1,5.522
2,140,0,4.891
2,140,1,4.929
2,141,0,4.955
2,141,1,4.996
2,142,0,5.817
2,142,1,5.905
2,143,0,4.918
2,143,1,4.956
2,144,0,5.141
2,144,1,5.183
2,145,0,5.310
2,145,1,5.351
2,146,0,4.643
2,146,1,4.681
2,147,0,6.100
2,147,1,6.145
2,148,0,7.830
2,148,1,7.883
2,149,0,6.890
2,149,1,6.934
2,150,0,5.375
2,150,1,5.418
2,151,0,4.814
2,151,1,4.853
2,152,0,6.381
2,152,1,6.453
2,153,0,5.190
2,153,1,5.227
2,154,0,5.657
2,154,1,5.699
2,155,0,5.062
2,155,1,5.133
2,156,0,7.071
2,156,1,7.125
2,157,0,6.418
2,157,1,6.461
2,158,0,5.347
2,158,1,5.390
2,159,0,5.937
2,159,1,5.981
2,160,0,5.796
2,160,1,5.837
2,161,0,5.696
2,161,1,5.769
2,162,0,6.202
2,162,1,6.245
2,163,0,5.379
2,163,1,5.420
2,164,0,6.940
2,164,1,6.993
2,165,0,5.458
2,165,1,5.499
2,166,0,7.400
2,166,1,7.474
2,167,0,6.850
2,167,1,6.891
2,168,0,5.857
2,168,1,5.900
2,169,0,5.821
2,169,1,5.862
2,170,0,5.026
2,170,1,5.067
2,171,0,6.031
2,171,1,6.073
2,172,0,4.938
2,172,1,4.984
2,173,0,5.919
2,173,1,5.961
2,174,0,5.808
2,174,1,5.851
2,175,0,5.884
2,175,1,5.924
2,176,0,6.031
2,176,1,6.074
2,177,0,5.398
2,177,1,5.468
2,178,0,5.699
2,178,1,5.743
2,179,0,6.344
2,179,1,6.388
2,180,0,5.961
2,180,1,6.003
2,181,0,8.370
2,181,1,8.425
2,182,0,5.668
2,182,1,5.719
2,183,0,6.642
2,183,1,6.718
2,184,0,5.702
2,184,1,5.774
2,185,0,6.140
2,185,1,6.216
2,186,0,6.735
2,186,1,6.808
2,187,0,5.221
2,187,1,5.262
2,188,0,5.666
2,188,1,5.717
2,189,0,5.289
2,189,1,5.340
2,190,0,5.723
2,190,1,5.763
2,191,0,6.127
2,191,1,6.169
2,192,0,6.735
2,192,1,6.808
2,193,0,6.324
2,193,1,6.402
2,194,0,7.081
2,194,1,7.156
2,195,0,6.880
2,195,1,6.925
2,196,0,6.619
2,196,1,6.663
2,197,0,5.976
2,197,1,6.017
2,198,0,5.339
2,198,1,5.381
2,199,0,5.233
2,199,1,5.274
5,0,0,6.055
5,0,1,6.108
5,0,2,6.163
5,0,3,6.210
5,0,4,6.290
5,1,0,6.771
5,1,1,6.827
5,1,2,6.870
5,1,3,6.905
5,1,4,6.950
5,2,0,6.379
5,2,1,6.466
5,2,2,6.569
5,2,3,6.579
5,2,4,6.632
5,3,0,6.214
5,3,1,6.286
5,3,2,6.530
5,3,3,6.641
5,3,4,6.776
5,4,0,6.465
5,4,1,6.510
5,4,2,6.556
5,4,3,6.625
5,4,4,6.703
5,5,0,5.875
5,5,1,6.578
5,5,2,7.402
5,5,3,7.425
5,5,4,7.432
5,6,0,6.985
5,6,1,7.030
5,6,2,7.077
5,6,3,7.161
5,6,4,7.204
5,7,0,5.993
5,7,1,6.043
5,7,2,6.105
5,7,3,6.179
5,7,4,6.381
5,8,0,6.286
5,8,1,6.339
5,8,2,6.389
5,8,3,6.436
5,8,4,6.545
5,9,0,6.275
5,9,1,6.365
5,9,2,6.482
5,9,3,6.494
5,9,4,6.548
5,10,0,7.127
5,10,1,7.188
5,10,2,7.302
5,10,3,7.412
5,10,4,7.507
5,11,0,5.875
5,11,1,5.920
5,11,2,5.967
5,11,3,6.154
5,11,4,6.241
5,12,0,6.101
5,12,1,6.156
5,12,2,6.200
5,12,3,6.236
5,12,4,6.379
5,13,0,6.770
5,13,1,6.862
5,13,2,6.962
5,13,3,7.057
5,13,4,7.121
5,14,0,6.793
5,14,1,6.847
5,14,2,6.892
5,14,3,6.947
5,14,4,6.986
5,15,0,6.262
5,15,1,6.352
5,15,2,6.445
5,15,3,6.541
5,15,4,6.636
5,16,0,6.177
5,16,1,6.320
5,16,2,6.331
5,16,3,6.423
5,16,4,6.433
5,17,0,6.545
5,17,1,6.594
5,17,2,6.641
5,17,3,6.689
5,17,4,6.771
5,18,0,6.334
5,18,1,6.386
5,18,2,6.423
5,18,3,6.535
5,18,4,6.578
5,19,0,6.628
5,19,1,6.681
5,19,2,6.724
5,19,3,6.759
5,19,4,6.844
5,20,0,5.982
5,20,1,6.034
5,20,2,6.073
5,20,3,6.117
5,20,4,6.199
5,21,0,7.611
5,21,1,7.741
5,21,2,7.753
5,21,3,7.880
5,21,4,7.887
5,22,0,6.390
5,22,1,6.450
5,22,2,6.514
5,22,3,6.521
5,22,4,6.553
5,23,0,7.378
5,23,1,7.473
5,23,2,7.481
5,23,3,7.523
5,23,4,7.559
5,24,0,6.278
5,24,1,6.331
5,24,2,6.370
5,24,3,6.414
5,24,4,6.497
5,25,0,7.126
5,25,1,7.188
5,25,2,7.238
5,25,3,7.351
5,25,4,7.398
5,26,0,6.389
5,26,1,6.442
5,26,2,6.489
5,26,3,6.535
5,26,4,6.609
5,27,0,7.260
5,27,1,7.314
5,27,2,7.359
5,27,3,7.395
5,27,4,7.466
5,28,0,6.569
5,28,1,6.655
5,28,2,6.760
5,28,3,6.771
5,28,4,6.824
5,29,0,6.482
5,29,1,6.542
5,29,2,6.655
5,29,3,6.753
5,29,4,6.865
5,30,0,6.679
5,30,1,6.730
5,30,2,6.766
5,30,3,6.808
5,30,4,6.887
5,31,0,6.958
5,31,1,7.246
5,31,2,7.254
5,31,3,7.272
5,31,4,7.277
5,32,0,7.341
5,32,1,7.534
5,32,2,7.546
5,32,3,7.553
5,32,4,7.561
5,33,0,5.950
5,33,1,5.999
5,33,2,6.037
5,33,3,6.081
5,33,4,6.132
5,34,0,7.021
5,34,1,7.084
5,34,2,7.129
5,34,3,7.169
5,34,4,7.202
5,35,0,5.688
5,35,1,5.781
5,35,2,5.880
5,35,3,5.890
5,35,4,5.940
5,36,0,7.084
5,36,1,7.136
5,36,2,7.176
5,36,3,7.215
5,36,4,7.249
5,37,0,5.613
5,37,1,5.653
5,37,2,5.981
5,37,3,6.056
5,37,4,6.065
5,38,0,6.096
5,38,1,6.145
5,38,2,6.182
5,38,3,6.214
5,38,4,6.254
5,39,0,5.990
5,39,1,6.035
5,39,2,6.068
5,39,3,6.135
5,39,4,6.181
5,40,0,5.576
5,40,1,5.630
5,40,2,5.671
5,40,3,5.713
5,40,4,5.781
5,41,0,5.909
5,41,1,5.956
5,41,2,5.993
5,41,3,6.024
5,41,4,6.061
5,42,0,5.333
5,42,1,5.378
5,42,2,5.410
5,42,3,5.473
5,42,4,5.526
5,43,0,5.977
5,43,1,6.061
5,43,2,6.160
5,43,3,6.170
5,43,4,6.223
5,44,0,5.933
5,44,1,5.987
5,44,2,6.104
5,44,3,6.272
5,44,4,6.340
5,45,0,6.364
5,45,1,6.443
5,45,2,6.577
5,45,3,6.654
5,45,4,6.746
5,46,0,6.147
5,46,1,6.221
5,46,2,6.228
5,46,3,6.279
5,46,4,6.285
5,47,0,5.345
5,47,1,5.388
5,47,2,5.420
5,47,3,5.477
5,47,4,5.543
5,48,0,5.599
5,48,1,5.647
5,48,2,5.684
5,48,3,5.719
5,48,4,5.750
5,49,0,5.051
5,49,1,5.094
5,49,2,5.126
5,49,3,5.165
5,49,4,5.230
5,50,0,5.058
5,50,1,5.174
5,50,2,5.185
5,50,3,5.246
5,50,4,5.299
5,51,0,7.088
5,51,1,7.159
5,51,2,7.214
5,51,3,7.270
5,51,4,7.323
5,52,0,7.082
5,52,1,7.139
5,52,2,7.180
5,52,3,7.212
5,52,4,7.252
5,53,0,6.729
5,53,1,6.856
5,53,2,6.868
5,53,3,6.956
5,53,4,6.967
5,54,0,6.815
5,54,1,6.865
5,54,2,6.904
5,54,3,6.942
5,54,4,6.974
5,55,0,6.594
5,55,1,6.722
5,55,2,6.738
5,55,3,6.839
5,55,4,6.849
5,56,0,7.531
5,56,1,7.609
5,56,2,7.616
5,56,3,7.652
5,56,4,7.684
5,57,0,6.989
5,57,1,7.044
5,57,2,7.107
5,57,3,7.114
5,57,4,7.145
5,58,0,7.490
5,58,1,7.555
5,58,2,7.598
5,58,3,7.650
5,58,4,7.746
5,59,0,9.293
5,59,1,9.371
5,59,2,9.452
5,59,3,9.460
5,59,4,9.503
5,60,0,9.164
5,60,1,9.239
5,60,2,9.299
5,60,3,9.353
5,60,4,9.400
5,61,0,9.498
5,61,1,9.553
5,61,2,9.589
5,61,3,9.697
5,61,4,9.749
5,62,0,7.494
5,62,1,7.603
5,62,2,7.694
5,62,3,7.766
5,62,4,7.804
5,63,0,9.000
5,63,1,9.113
5,63,2,9.122
5,63,3,9.211
5,63,4,9.220
5,64,0,10.577
5,64,1,10.709
5,64,2,10.720
5,64,3,10.785
5,64,4,10.841
5,65,0,7.620
5,65,1,7.676
5,65,2,7.741
5,65,3,7.747
5,65,4,7.780
5,66,0,7.504
5,66,1,7.555
5,66,2,7.598
5,66,3,7.631
5,66,4,7.671
5,67,0,5.110
5,67,1,5.119
5,67,2,5.176
5,67,3,5.182
5,67,4,5.211
5,68,0,5.689
5,68,1,5.739
5,68,2,5.778
5,68,3,5.810
5,68,4,5.873
5,69,0,5.499
5,69,1,5.537
5,69,2,5.574
5,69,3,5.630
5,69,4,5.665
5,70,0,5.259
5,70,1,5.301
5,70,2,5.333
5,70,3,5.369
5,70,4,5.428
5,71,0,5.268
5,71,1,5.311
5,71,2,5.342
5,71,3,5.379
5,71,4,5.438
5,72,0,5.038
5,72,1,5.078
5,72,2,5.108
5,72,3,5.167
5,72,4,5.202
5,73,0,5.374
5,73,1,5.421
5,73,2,5.458
5,73,3,5.492
5,73,4,5.522
5,74,0,5.055
5,74,1,5.092
5,74,2,5.131
5,74,3,5.171
5,74,4,5.235
5,75,0,5.232
5,75,1,5.268
5,75,2,5.306
5,75,3,5.447
5,75,4,5.514
5,76,0,5.273
5,76,1,5.397
5,76,2,5.409
5,76,3,5.498
5,76,4,5.507
5,77,0,4.764
5,77,1,4.805
5,77,2,4.836
5,77,3,4.894
5,77,4,4.945
5,78,0,5.277
5,78,1,5.371
5,78,2,5.459
5,78,3,5.541
5,78,4,5.626
5,79,0,5.670
5,79,1,5.708
5,79,2,5.746
5,79,3,5.803
5,79,4,5.854
5,80,0,5.168
5,80,1,5.208
5,80,2,5.239
5,80,3,5.274
5,80,4,5.337
5,81,0,7.134
5,81,1,7.211
5,81,2,7.217
5,81,3,7.254
5,81,4,7.286
5,82,0,5.719
5,82,1,5.759
5,82,2,5.799
5,82,3,5.859
5,82,4,5.913
5,83,0,5.783
5,83,1,5.859
5,83,2,5.865
5,83,3,5.903
5,83,4,5.936
5,84,0,6.802
5,84,1,6.852
5,84,2,6.979
5,84,3,7.059
5,84,4,7.152
5,85,0,5.265
5,85,1,5.341
5,85,2,5.397
5,85,3,5.462
5,85,4,5.561
5,86,0,5.844
5,86,1,5.964
5,86,2,5.976
5,86,3,6.064
5,86,4,6.073
5,87,0,5.349
5,87,1,5.477
5,87,2,5.488
5,87,3,5.573
5,87,4,5.582
5,88,0,5.529
5,88,1,5.575
5,88,2,5.612
5,88,3,5.646
5,88,4,5.675
5,89,0,4.808
5,89,1,4.850
5,89,2,4.882
5,89,3,4.940
5,89,4,4.979
5,90,0,4.947
5,90,1,4.990
5,90,2,5.021
5,90,3,5.058
5,90,4,5.107
5,91,0,5.842
5,91,1,5.999
5,91,2,6.018
5,91,3,6.026
5,91,4,6.078
5,92,0,5.762
5,92,1,5.893
5,92,2,5.959
5,92,3,6.017
5,92,4,6.069
5,93,0,5.713
5,93,1,5.836
5,93,2,5.848
5,93,3,5.935
5,93,4,5.946
5,94,0,6.400
5,94,1,6.450
5,94,2,6.487
5,94,3,6.523
5,94,4,6.553
5,95,0,5.281
5,95,1,5.368
5,95,2,5.470
5,95,3,5.480
5,95,4,5.531
5,96,0,5.505
5,96,1,5.547
5,96,2,5.578
5,96,3,5.613
5,96,4,5.679
5,97,0,4.757
5,97,1,4.798
5,97,2,4.863
5,97,3,4.893
5,97,4,4.929
5,98,0,5.507
5,98,1,5.624
5,98,2,5.635
5,98,3,5.718
5,98,4,5.728
5,99,0,6.144
5,99,1,6.189
5,99,2,6.226
5,99,3,6.257
5,99,4,6.317
5,100,0,5.465
5,100,1,5.507
5,100,2,5.538
5,100,3,5.679
5,100,4,5.745
5,101,0,5.893
5,101,1,6.011
5,101,2,6.022
5,101,3,6.107
5,101,4,6.116
5,102,0,5.254
5,102,1,5.299
5,102,2,5.336
5,102,3,5.368
5,102,4,5.464
5,103,0,5.454
5,103,1,5.497
5,103,2,5.530
5,103,3,5.568
5,103,4,5.635
5,104,0,6.005
5,104,1,6.060
5,104,2,6.099
5,104,3,6.129
5,104,4,6.168
5,105,0,5.610
5,105,1,5.684
5,105,2,5.774
5,105,3,5.861
5,105,4,5.965
5,106,0,5.523
5,106,1,5.567
5,106,2,5.602
5,106,3,5.632
5,106,4,5.693
5,107,0,5.487
5,107,1,5.532
5,107,2,5.563
5,107,3,5.600
5,107,4,5.672
5,108,0,6.858
5,108,1,6.907
5,108,2,6.942
5,108,3,6.980
5,108,4,7.120
5,109,0,5.363
5,109,1,5.413
5,109,2,5.453
5,109,3,5.486
5,109,4,5.552
5,110,0,6.203
5,110,1,6.326
5,110,2,6.337
5,110,3,6.424
5,110,4,6.434
5,111,0,5.216
5,111,1,5.259
5,111,2,5.291
5,111,3,5.326
5,111,4,5.392
5,112,0,7.311
5,112,1,7.362
5,112,2,7.420
5,112,3,7.427
5,112,4,7.457
5,113,0,6.792
5,113,1,6.841
5,113,2,6.879
5,113,3,6.913
5,113,4,6.943
5,114,0,7.232
5,114,1,7.282
5,114,2,7.320
5,114,3,7.357
5,114,4,7.388
5,115,0,6.630
5,115,1,6.679
5,115,2,6.717
5,115,3,6.753
5,115,4,6.783
5,116,0,6.484
5,116,1,6.608
5,116,2,6.615
5,116,3,6.668
5,116,4,6.675
5,117,0,5.320
5,117,1,5.364
5,117,2,5.397
5,117,3,5.438
5,117,4,5.496
5,118,0,7.263
5,118,1,7.313
5,118,2,7.351
5,118,3,7.387
5,118,4,7.418
5,119,0,5.085
5,119,1,5.129
5,119,2,5.161
5,119,3,5.299
5,119,4,5.361
5,120,0,5.893
5,120,1,6.017
5,120,2,6.029
5,120,3,6.119
5,120,4,6.129
5,121,0,5.653
5,121,1,5.700
5,121,2,5.737
5,121,3,5.767
5,121,4,5.839
5,122,0,6.516
5,122,1,6.593
5,122,2,6.649
5,122,3,6.717
5,122,4,6.802
5,123,0,5.395
5,123,1,5.434
5,123,2,5.480
5,123,3,5.520
5,123,4,5.674
5,124,0,5.078
5,124,1,5.120
5,124,2,5.150
5,124,3,5.207
5,124,4,5.250
5,125,0,5.457
5,125,1,5.502
5,125,2,5.537
5,125,3,5.568
5,125,4,5.604
5,126,0,5.865
5,126,1,5.907
5,126,2,5.950
5,126,3,6.004
5,126,4,6.055
5,127,0,4.822
5,127,1,4.832
5,127,2,4.876
5,127,3,4.918
5,127,4,4.953
5,128,0,5.709
5,128,1,5.830
5,128,2,5.841
5,128,3,5.929
5,128,4,5.944
5,129,0,5.214
5,129,1,5.257
5,129,2,5.290
5,129,3,5.426
5,129,4,5.486
5,130,0,7.252
5,130,1,7.299
5,130,2,7.336
5,130,3,7.367
5,130,4,7.414
5,131,0,5.490
5,131,1,5.533
5,131,2,5.565
5,131,3,5.611
5,131,4,5.671
5,132,0,6.156
5,132,1,6.282
5,132,2,6.294
5,132,3,6.383
5,132,4,6.393
5,133,0,6.505
5,133,1,6.553
5,133,2,6.590
5,133,3,6.621
5,133,4,6.659
5,134,0,5.047
5,134,1,5.090
5,134,2,5.122
5,134,3,5.157
5,134,4,5.227
5,135,0,6.928
5,135,1,6.973
5,135,2,7.058
5,135,3,7.158
5,135,4,7.244
5,136,0,5.625
5,136,1,5.688
5,136,2,5.751
5,136,3,5.809
5,136,4,5.857
5,137,0,6.313
5,137,1,6.363
5,137,2,6.399
5,137,3,6.436
5,137,4,6.477
5,138,0,7.034
5,138,1,7.083
5,138,2,7.125
5,138,3,7.165
5,138,4,7.196
5,139,0,5.996
5,139,1,6.053
5,139,2,6.095
5,139,3,6.129
5,139,4,6.165
5,140,0,5.426
5,140,1,5.594
5,140,2,5.644
5,140,3,5.709
5,140,4,5.748
5,141,0,5.107
5,141,1,5.144
5,141,2,5.182
5,141,3,5.243
5,141,4,5.278
5,142,0,5.693
5,142,1,5.738
5,142,2,5.775
5,142,3,5.804
5,142,4,5.842
5,143,0,6.063
5,143,1,6.106
5,143,2,6.139
5,143,3,6.178
5,143,4,6.237
5,144,0,4.968
5,144,1,5.010
5,144,2,5.041
5,144,3,5.577
5,144,4,5.639
5,145,0,5.126
5,145,1,5.171
5,145,2,5.207
5,145,3,5.238
5,145,4,5.296
5,146,0,4.952
5,146,1,4.989
5,146,2,5.026
5,146,3,5.090
5,146,4,5.123
5,147,0,5.566
5,147,1,5.609
5,147,2,5.639
5,147,3,5.674
5,147,4,5.736
5,148,0,5.051
5,148,1,5.094
5,148,2,5.126
5,148,3,5.162
5,148,4,5.326
5,149,0,4.649
5,149,1,4.690
5,149,2,4.721
5,149,3,4.756
5,149,4,4.821
5,150,0,5.624
5,150,1,5.723
5,150,2,5.798
5,150,3,5.850
5,150,4,5.895
5,151,0,5.862
5,151,1,5.982
5,151,2,5.992
5,151,3,6.077
5,151,4,6.086
5,152,0,5.007
5,152,1,5.044
5,152,2,5.081
5,152,3,5.137
5,152,4,5.171
5,153,0,6.233
5,153,1,6.278
5,153,2,6.309
5,153,3,6.345
5,153,4,6.409
5,154,0,4.750
5,154,1,4.793
5,154,2,4.823
5,154,3,4.870
5,154,4,4.925
5,155,0,5.450
5,155,1,5.500
5,155,2,5.550
5,155,3,5.589
5,155,4,5.810
5,156,0,5.624
5,156,1,5.712
5,156,2,5.809
5,156,3,5.902
5,156,4,5.988
5,157,0,5.262
5,157,1,5.305
5,157,2,5.336
5,157,3,5.479
5,157,4,5.547
5,158,0,6.032
5,158,1,6.081
5,158,2,6.119
5,158,3,6.153
5,158,4,6.182
5,159,0,4.764
5,159,1,4.802
5,159,2,4.842
5,159,3,4.903
5,159,4,4.939
5,160,0,5.573
5,160,1,5.644
5,160,2,5.739
5,160,3,5.826
5,160,4,5.927
5,161,0,5.210
5,161,1,5.254
5,161,2,5.285
5,161,3,5.323
5,161,4,5.388
5,162,0,4.606
5,162,1,4.657
5,162,2,4.699
5,162,3,4.735
5,162,4,4.792
5,163,0,5.445
5,163,1,5.488
5,163,2,5.519
5,163,3,5.556
5,163,4,5.620
5,164,0,4.808
5,164,1,4.850
5,164,2,4.879
5,164,3,4.943
5,164,4,4.977
5,165,0,5.450
5,165,1,5.504
5,165,2,5.541
5,165,3,5.571
5,165,4,5.606
5,166,0,5.188
5,166,1,5.234
5,166,2,5.271
5,166,3,5.301
5,166,4,5.338
5,167,0,4.837
5,167,1,4.874
5,167,2,4.912
5,167,3,4.970
5,167,4,5.007
5,168,0,5.349
5,168,1,5.392
5,168,2,5.424
5,168,3,5.459
5,168,4,5.534
5,169,0,5.678
5,169,1,5.723
5,169,2,5.759
5,169,3,5.789
5,169,4,5.854
5,170,0,6.343
5,170,1,6.384
5,170,2,6.415
5,170,3,6.474
5,170,4,6.512
5,171,0,6.032
5,171,1,6.079
5,171,2,6.117
5,171,3,6.149
5,171,4,6.188
5,172,0,5.448
5,172,1,5.509
5,172,2,5.644
5,172,3,5.681
5,172,4,5.731
5,173,0,5.451
5,173,1,5.912
5,173,2,6.001
5,173,3,6.094
5,173,4,6.106
5,174,0,5.384
5,174,1,5.477
5,174,2,5.574
5,174,3,5.663
5,174,4,5.734
5,175,0,5.067
5,175,1,5.115
5,175,2,5.182
5,175,3,5.240
5,175,4,5.290
5,176,0,6.599
5,176,1,6.678
5,176,2,6.735
5,176,3,6.800
5,176,4,6.887
5,177,0,5.432
5,177,1,5.470
5,177,2,5.508
5,177,3,5.563
5,177,4,5.600
5,178,0,5.187
5,178,1,5.230
5,178,2,5.262
5,178,3,5.298
5,178,4,5.368
5,179,0,6.236
5,179,1,6.311
5,179,2,6.407
5,179,3,6.498
5,179,4,6.589
5,180,0,4.901
5,180,1,4.944
5,180,2,4.979
5,180,3,5.024
5,180,4,5.096
5,181,0,7.213
5,181,1,7.261
5,181,2,7.295
5,181,3,7.336
5,181,4,7.420
5,182,0,5.558
5,182,1,5.602
5,182,2,5.634
5,182,3,5.777
5,182,4,5.845
5,183,0,5.402
5,183,1,5.418
5,183,2,5.426
5,183,3,5.434
5,183,4,5.441
5,184,0,6.728
5,184,1,6.777
5,184,2,6.825
5,184,3,6.857
5,184,4,6.895
5,185,0,6.075
5,185,1,6.191
5,185,2,6.203
5,185,3,6.288
5,185,4,6.297
5,186,0,5.451
5,186,1,5.498
5,186,2,5.535
5,186,3,5.571
5,186,4,5.601
5,187,0,5.107
5,187,1,5.149
5,187,2,5.182
5,187,3,5.252
5,187,4,5.290
5,188,0,4.745
5,188,1,4.782
5,188,2,4.820
5,188,3,4.896
5,188,4,5.202
5,189,0,5.457
5,189,1,5.501
5,189,2,5.537
5,189,3,5.567
5,189,4,5.628
5,190,0,5.656
5,190,1,5.774
5,190,2,5.784
5,190,3,5.871
5,190,4,5.880
5,191,0,6.040
5,191,1,6.086
5,191,2,6.123
5,191,3,6.158
5,191,4,6.187
5,192,0,6.141
5,192,1,6.275
5,192,2,6.286
5,192,3,6.373
5,192,4,6.383
5,193,0,5.324
5,193,1,5.361
5,193,2,5.400
5,193,3,5.458
5,193,4,5.519
5,194,0,5.035
5,194,1,5.079
5,194,2,5.109
5,194,3,5.167
5,194,4,5.219
5,195,0,4.855
5,195,1,4.893
5,195,2,4.932
5,195,3,4.988
5,195,4,5.043
5,196,0,5.469
5,196,1,5.517
5,196,2,5.554
5,196,3,5.590
5,196,4,5.620
5,197,0,5.130
5,197,1,5.172
5,197,2,5.204
5,197,3,5.337
5,197,4,5.403
5,198,0,5.049
5,198,1,5.090
5,198,2,5.121
5,198,3,5.159
5,198,4,5.223
5,199,0,5.769
5,199,1,5.815
5,199,2,5.848
5,199,3,5.919
5,199,4,5.957
10,0,0,8.532
10,0,1,8.231
10,0,2,8.316
10,0,3,8.390
10,0,4,8.452
10,0,5,8.680
10,0,6,8.740
10,0,7,8.820
10,0,8,8.904
10,0,9,8.977
10,1,0,8.821
10,1,1,8.634
10,1,2,8.693
10,1,3,8.741
10,1,4,8.784
10,1,5,8.866
10,1,6,8.944
10,1,7,8.991
10,1,8,9.068
10,1,9,9.137
10,2,0,7.937
10,2,1,7.744
10,2,2,7.818
10,2,3,7.890
10,2,4,7.897
10,2,5,7.971
10,2,6,8.048
10,2,7,8.094
10,2,8,8.165
10,2,9,8.232
10,3,0,7.647
10,3,1,7.300
10,3,2,7.351
10,3,3,7.455
10,3,4,7.549
10,3,5,7.800
10,3,6,7.896
10,3,7,7.988
10,3,8,8.083
10,3,9,8.176
10,4,0,7.894
10,4,1,7.713
10,4,2,7.769
10,4,3,7.815
10,4,4,7.858
10,4,5,7.954
10,4,6,8.062
10,4,7,8.392
10,4,8,8.546
10,4,9,8.603
10,5,0,8.269
10,5,1,7.976
10,5,2,8.112
10,5,3,8.125
10,5,4,8.257
10,5,5,8.406
10,5,6,8.417
10,5,7,8.425
10,5,8,8.516
10,5,9,8.527
10,6,0,6.689
10,6,1,6.407
10,6,2,6.542
10,6,3,6.554
10,6,4,6.622
10,6,5,6.744
10,6,6,6.813
10,6,7,7.027
10,6,8,7.123
10,6,9,7.187
10,7,0,8.010
10,7,1,7.790
10,7,2,7.849
10,7,3,7.891
10,7,4,7.940
10,7,5,8.077
10,7,6,8.235
10,7,7,8.359
10,7,8,8.371
10,7,9,8.428
10,8,0,7.833
10,8,1,7.537
10,8,2,7.596
10,8,3,7.644
10,8,4,7.683
10,8,5,7.923
10,8,6,8.039
10,8,7,8.051
10,8,8,8.146
10,8,9,8.156
10,9,0,7.659
10,9,1,7.315
10,9,2,7.410
10,9,3,7.541
10,9,4,7.552
10,9,5,7.670
10,9,6,7.773
10,9,7,7.784
10,9,8,7.870
10,9,9,7.880
10,10,0,6.516
10,10,1,6.291
10,10,2,6.346
10,10,3,6.387
10,10,4,6.434
10,10,5,6.561
10,10,6,6.635
10,10,7,6.696
10,10,8,6.759
10,10,9,6.823
10,11,0,7.322
10,11,1,7.105
10,11,2,7.158
10,11,3,7.197
10,11,4,7.243
10,11,5,7.367
10,11,6,7.442
10,11,7,7.486
10,11,8,7.560
10,11,9,7.622
10,12,0,6.503
10,12,1,6.289
10,12,2,6.335
10,12,3,6.382
10,12,4,6.460
10,12,5,6.574
10,12,6,6.615
10,12,7,6.691
10,12,8,6.843
10,12,9,6.915
10,13,0,6.280
10,13,1,6.069
10,13,2,6.122
10,13,3,6.163
10,13,4,6.209
10,13,5,6.325
10,13,6,6.400
10,13,7,6.462
10,13,8,6.534
10,13,9,6.577
10,14,0,6.628
10,14,1,6.416
10,14,2,6.470
10,14,3,6.510
10,14,4,6.559
10,14,5,6.673
10,14,6,6.749
10,14,7,6.795
10,14,8,6.861
10,14,9,6.905
10,15,0,7.150
10,15,1,6.808
10,15,2,6.894
10,15,3,6.988
10,15,4,7.084
10,15,5,7.212
10,15,6,7.286
10,15,7,7.358
10,15,8,7.422
10,15,9,7.488
10,16,0,6.990
10,16,1,6.661
10,16,2,6.764
10,16,3,6.856
10,16,4,6.924
10,16,5,7.059
10,16,6,7.278
10,16,7,7.359
10,16,8,7.475
10,16,9,7.541
10,17,0,6.441
10,17,1,6.201
10,17,2,6.245
10,17,3,6.292
10,17,4,6.372
10,17,5,6.493
10,17,6,6.557
10,17,7,6.601
10,17,8,6.669
10,17,9,6.804
10,18,0,6.119
10,18,1,5.949
10,18,2,6.001
10,18,3,6.045
10,18,4,6.085
10,18,5,6.159
10,18,6,6.242
10,18,7,6.284
10,18,8,6.364
10,18,9,6.411
10,19,0,6.626
10,19,1,6.418
10,19,2,6.471
10,19,3,6.508
10,19,4,6.552
10,19,5,6.670
10,19,6,6.739
10,19,7,6.798
10,19,8,6.857
10,19,9,6.917
10,20,0,5.981
10,20,1,5.790
10,20,2,5.838
10,20,3,5.872
10,20,4,5.939
10,20,5,6.058
10,20,6,6.117
10,20,7,6.175
10,20,8,6.231
10,20,9,6.288
10,21,0,6.785
10,21,1,6.591
10,21,2,6.640
10,21,3,6.682
10,21,4,6.717
10,21,5,6.827
10,21,6,6.893
10,21,7,6.950
10,21,8,7.008
10,21,9,7.064
10,22,0,5.658
10,22,1,5.470
10,22,2,5.511
10,22,3,5.555
10,22,4,5.618
10,22,5,5.747
10,22,6,5.786
10,22,7,5.852
10,22,8,5.906
10,22,9,5.965
10,23,0,6.174
10,23,1,5.930
10,23,2,6.051
10,23,3,6.063
10,23,4,6.164
10,23,5,6.266
10,23,6,6.275
10,23,7,6.361
10,23,8,6.370
10,23,9,6.416
10,24,0,6.194
10,24,1,5.829
10,24,2,5.935
10,24,3,6.023
10,24,4,6.106
10,24,5,6.291
10,24,6,6.376
10,24,7,6.478
10,24,8,6.566
10,24,9,6.648
10,25,0,5.960
10,25,1,5.621
10,25,2,5.683
10,25,3,5.788
10,25,4,5.875
10,25,5,6.048
10,25,6,6.169
10,25,7,6.221
10,25,8,6.339
10,25,9,6.391
10,26,0,5.781
10,26,1,5.593
10,26,2,5.641
10,26,3,5.677
10,26,4,5.719
10,26,5,5.842
10,26,6,5.881
10,26,7,6.016
10,26,8,6.064
10,26,9,6.095
10,27,0,5.190
10,27,1,5.006
10,27,2,5.045
10,27,3,5.088
10,27,4,5.151
10,27,5,5.251
10,27,6,5.312
10,27,7,5.367
10,27,8,5.420
10,27,9,5.470
10,28,0,6.312
10,28,1,6.151
10,28,2,6.201
10,28,3,6.241
10,28,4,6.274
10,28,5,6.383
10,28,6,6.446
10,28,7,6.501
10,28,8,6.547
10,28,9,6.708
10,29,0,5.561
10,29,1,5.332
10,29,2,5.390
10,29,3,5.460
10,29,4,5.498
10,29,5,5.628
10,29,6,5.818
10,29,7,5.947
10,29,8,5.958
10,29,9,6.018
10,30,0,6.713
10,30,1,6.546
10,30,2,6.600
10,30,3,6.641
10,30,4,6.674
10,30,5,6.789
10,30,6,6.829
10,30,7,6.867
10,30,8,6.941
10,30,9,6.979
10,31,0,5.794
10,31,1,5.527
10,31,2,5.571
10,31,3,5.606
10,31,4,5.673
10,31,5,5.971
10,31,6,6.055
10,31,7,6.163
10,31,8,6.174
10,31,9,6.236
10,32,0,5.336
10,32,1,4.970
10,32,2,5.009
10,32,3,5.048
10,32,4,5.197
10,32,5,5.347
10,32,6,5.477
10,32,7,5.487
10,32,8,5.496
10,32,9,5.545
10,33,0,6.776
10,33,1,6.619
10,33,2,6.694
10,33,3,6.701
10,33,4,6.740
10,33,5,6.807
10,33,6,6.861
10,33,7,6.945
10,33,8,6.984
10,33,9,7.046
10,34,0,5.585
10,34,1,5.409
10,34,2,5.447
10,34,3,5.487
10,34,4,5.548
10,34,5,5.660
10,34,6,5.712
10,34,7,5.764
10,34,8,5.815
10,34,9,5.869
10,35,0,6.783
10,35,1,6.624
10,35,2,6.674
10,35,3,6.713
10,35,4,6.751
10,35,5,6.821
10,35,6,6.904
10,35,7,6.958
10,35,8,6.996
10,35,9,7.074
10,36,0,5.865
10,36,1,5.601
10,36,2,5.651
10,36,3,5.734
10,36,4,5.808
10,36,5,5.918
10,36,6,5.973
10,36,7,6.029
10,36,8,6.095
10,36,9,6.146
10,37,0,7.120
10,37,1,6.814
10,37,2,6.952
10,37,3,6.964
10,37,4,7.110
10,37,5,7.128
10,37,6,7.258
10,37,7,7.269
10,37,8,7.278
10,37,9,7.327
10,38,0,6.451
10,38,1,6.156
10,38,2,6.232
10,38,3,6.287
10,38,4,6.356
10,38,5,6.539
10,38,6,6.628
10,38,7,6.719
10,38,8,6.805
10,38,9,6.891
10,39,0,5.550
10,39,1,5.364
10,39,2,5.433
10,39,3,5.481
10,39,4,5.513
10,39,5,5.621
10,39,6,5.658
10,39,7,5.722
10,39,8,5.757
10,39,9,5.821
10,40,0,5.835
10,40,1,5.673
10,40,2,5.720
10,40,3,5.759
10,40,4,5.800
10,40,5,5.874
10,40,6,5.942
10,40,7,5.982
10,40,8,6.047
10,40,9,6.096
10,41,0,6.322
10,41,1,6.138
10,41,2,6.185
10,41,3,6.220
10,41,4,6.259
10,41,5,6.359
10,41,6,6.426
10,41,7,6.471
10,41,8,6.536
10,41,9,6.571
10,42,0,6.310
10,42,1,6.108
10,42,2,6.149
10,42,3,6.190
10,42,4,6.263
10,42,5,6.347
10,42,6,6.431
10,42,7,6.462
10,42,8,6.516
10,42,9,6.656
10,43,0,5.202
10,43,1,5.024
10,43,2,5.068
10,43,3,5.107
10,43,4,5.165
10,43,5,5.262
10,43,6,5.312
10,43,7,5.371
10,43,8,5.421
10,43,9,5.478
10,44,0,6.222
10,44,1,6.044
10,44,2,6.088
10,44,3,6.124
10,44,4,6.153
10,44,5,6.258
10,44,6,6.323
10,44,7,6.382
10,44,8,6.434
10,44,9,6.487
10,45,0,6.408
10,45,1,6.210
10,45,2,6.257
10,45,3,6.303
10,45,4,6.334
10,45,5,6.439
10,45,6,6.474
10,45,7,6.541
10,45,8,6.576
10,45,9,6.638
10,46,0,5.071
10,46,1,4.723
10,46,2,4.808
10,46,3,4.895
10,46,4,4.983
10,46,5,5.157
10,46,6,5.243
10,46,7,5.674
10,46,8,5.821
10,46,9,5.875
10,47,0,5.333
10,47,1,5.157
10,47,2,5.202
10,47,3,5.234
10,47,4,5.273
10,47,5,5.391
10,47,6,5.427
10,47,7,5.491
10,47,8,5.542
10,47,9,5.596
10,48,0,5.012
10,48,1,4.822
10,48,2,4.858
10,48,3,4.896
10,48,4,4.942
10,48,5,5.048
10,48,6,5.108
10,48,7,5.156
10,48,8,5.206
10,48,9,5.254
10,49,0,6.559
10,49,1,6.408
10,49,2,6.456
10,49,3,6.494
10,49,4,6.529
10,49,5,6.596
10,49,6,6.658
10,49,7,6.713
10,49,8,6.777
10,49,9,6.836
10,50,0,5.171
10,50,1,5.022
10,50,2,5.064
10,50,3,5.095
10,50,4,5.134
10,50,5,5.234
10,50,6,5.307
10,50,7,5.336
10,50,8,5.369
10,50,9,5.427
10,51,0,5.225
10,51,1,5.005
10,51,2,5.075
10,51,3,5.113
10,51,4,5.174
10,51,5,5.259
10,51,6,5.317
10,51,7,5.365
10,51,8,5.415
10,51,9,5.463
10,52,0,5.635
10,52,1,5.461
10,52,2,5.503
10,52,3,5.535
10,52,4,5.572
10,52,5,5.691
10,52,6,5.725
10,52,7,5.792
10,52,8,5.847
10,52,9,5.899
10,53,0,5.090
10,53,1,4.903
10,53,2,4.941
10,53,3,4.979
10,53,4,5.039
10,53,5,5.140
10,53,6,5.191
10,53,7,5.253
10,53,8,5.411
10,53,9,5.478
10,54,0,6.078
10,54,1,5.926
10,54,2,5.971
10,54,3,6.009
10,54,4,6.041
10,54,5,6.140
10,54,6,6.178
10,54,7,6.243
10,54,8,6.302
10,54,9,6.360
10,55,0,5.548
10,55,1,5.377
10,55,2,5.416
10,55,3,5.454
10,55,4,5.512
10,55,5,5.606
10,55,6,5.658
10,55,7,5.714
10,55,8,5.749
10,55,9,5.803
10,56,0,5.025
10,56,1,4.798
10,56,2,4.839
10,56,3,4.874
10,56,4,4.934
10,56,5,5.349
10,56,6,5.362
10,56,7,5.485
10,56,8,5.495
10,56,9,5.503
10,57,0,5.381
10,57,1,5.090
10,57,2,5.147
10,57,3,5.215
10,57,4,5.283
10,57,5,5.391
10,57,6,5.486
10,57,7,5.496
10,57,8,5.575
10,57,9,5.584
10,58,0,5.673
10,58,1,5.323
10,58,2,5.366
10,58,3,5.399
10,58,4,5.554
10,58,5,5.684
10,58,6,5.782
10,58,7,5.792
10,58,8,5.870
10,58,9,5.879
10,59,0,5.974
10,59,1,5.671
10,59,2,5.745
10,59,3,5.856
10,59,4,5.867
10,59,5,5.984
10,59,6,6.080
10,59,7,6.090
10,59,8,6.175
10,59,9,6.184
10,60,0,5.771
10,60,1,5.471
10,60,2,5.613
10,60,3,5.625
10,60,4,5.760
10,60,5,5.779
10,60,6,5.898
10,60,7,5.906
10,60,8,5.910
10,60,9,5.936
10,61,0,4.922
10,61,1,4.769
10,61,2,4.820
10,61,3,4.856
10,61,4,4.887
10,61,5,4.989
10,61,6,5.025
10,61,7,5.086
10,61,8,5.137
10,61,9,5.188
10,62,0,6.230
10,62,1,6.072
10,62,2,6.115
10,62,3,6.152
10,62,4,6.191
10,62,5,6.289
10,62,6,6.325
10,62,7,6.380
10,62,8,6.430
10,62,9,6.485
10,63,0,5.736
10,63,1,5.260
10,63,2,5.302
10,63,3,5.333
10,63,4,5.490
10,63,5,5.748
10,63,6,5.937
10,63,7,5.948
10,63,8,5.956
10,63,9,5.963
10,64,0,6.212
10,64,1,5.988
10,64,2,6.071
10,64,3,6.112
10,64,4,6.174
10,64,5,6.278
10,64,6,6.316
10,64,7,6.379
10,64,8,6.416
10,64,9,6.478
10,65,0,5.431
10,65,1,5.258
10,65,2,5.301
10,65,3,5.334
10,65,4,5.371
10,65,5,5.466
10,65,6,5.527
10,65,7,5.587
10,65,8,5.637
10,65,9,5.689
10,66,0,6.080
10,66,1,5.776
10,66,2,5.908
10,66,3,5.919
10,66,4,6.069
10,66,5,6.088
10,66,6,6.213
10,66,7,6.771
10,66,8,6.782
10,66,9,6.887
10,67,0,6.055
10,67,1,5.878
10,67,2,5.925
10,67,3,5.964
10,67,4,5.995
10,67,5,6.137
10,67,6,6.189
10,67,7,6.222
10,67,8,6.261
10,67,9,6.325
10,68,0,7.070
10,68,1,6.744
10,68,2,6.796
10,68,3,6.892
10,68,4,6.982
10,68,5,7.160
10,68,6,7.260
10,68,7,7.354
10,68,8,7.441
10,68,9,7.529
10,69,0,7.061
10,69,1,6.744
10,69,2,6.850
10,69,3,6.943
10,69,4,7.002
10,69,5,7.116
10,69,6,7.173
10,69,7,7.229
10,69,8,7.281
10,69,9,7.334
10,70,0,6.707
10,70,1,6.552
10,70,2,6.628
10,70,3,6.634
10,70,4,6.700
10,70,5,6.744
10,70,6,6.781
10,70,7,6.815
10,70,8,6.881
10,70,9,6.919
10,71,0,7.290
10,71,1,6.942
10,71,2,7.129
10,71,3,7.141
10,71,4,7.149
10,71,5,7.301
10,71,6,7.309
10,71,7,7.426
10,71,8,7.436
10,71,9,7.444
10,72,0,7.198
10,72,1,6.908
10,72,2,6.961
10,72,3,6.997
10,72,4,7.108
10,72,5,7.291
10,72,6,7.381
10,72,7,7.497
10,72,8,7.574
10,72,9,7.644
10,73,0,6.498
10,73,1,6.342
10,73,2,6.418
10,73,3,6.425
10,73,4,6.464
10,73,5,6.563
10,73,6,6.653
10,73,7,6.693
10,73,8,6.726
10,73,9,6.798
10,74,0,6.380
10,74,1,6.220
10,74,2,6.270
10,74,3,6.311
10,74,4,6.350
10,74,5,6.417
10,74,6,6.493
10,74,7,6.531
10,74,8,6.596
10,74,9,6.633
10,75,0,6.789
10,75,1,6.613
10,75,2,6.665
10,75,3,6.706
10,75,4,6.740
10,75,5,6.831
10,75,6,7.017
10,75,7,7.142
10,75,8,7.154
10,75,9,7.206
10,76,0,7.167
10,76,1,6.893
10,76,2,6.975
10,76,3,7.044
10,76,4,7.111
10,76,5,7.236
10,76,6,7.352
10,76,7,7.420
10,76,8,7.506
10,76,9,7.548
10,77,0,8.377
10,77,1,8.193
10,77,2,8.248
10,77,3,8.291
10,77,4,8.341
10,77,5,8.418
10,77,6,8.532
10,77,7,8.579
10,77,8,8.613
10,77,9,8.725
10,78,0,7.492
10,78,1,7.314
10,78,2,7.373
10,78,3,7.448
10,78,4,7.455
10,78,5,7.546
10,78,6,7.591
10,78,7,7.672
10,78,8,7.713
10,78,9,7.783
10,79,0,8.617
10,79,1,8.337
10,79,2,8.421
10,79,3,8.489
10,79,4,8.548
10,79,5,8.708
10,79,6,8.807
10,79,7,8.893
10,79,8,8.982
10,79,9,9.073
10,80,0,7.095
10,80,1,6.860
10,80,2,6.986
10,80,3,6.996
10,80,4,7.086
10,80,5,7.189
10,80,6,7.197
10,80,7,7.282
10,80,8,7.291
10,80,9,7.335
10,81,0,7.917
10,81,1,7.750
10,81,2,7.849
10,81,3,7.856
10,81,4,7.861
10,81,5,7.923
10,81,6,7.958
10,81,7,8.003
10,81,8,8.093
10,81,9,8.189
10,82,0,7.347
10,82,1,7.179
10,82,2,7.234
10,82,3,7.278
10,82,4,7.316
10,82,5,7.386
10,82,6,7.460
10,82,7,7.557
10,82,8,7.602
10,82,9,7.637
10,83,0,8.495
10,83,1,8.151
10,83,2,8.321
10,83,3,8.334
10,83,4,8.342
10,83,5,8.505
10,83,6,8.513
10,83,7,8.642
10,83,8,8.652
10,83,9,8.660
10,84,0,8.335
10,84,1,7.968
10,84,2,8.015
10,84,3,8.124
10,84,4,8.295
10,84,5,8.380
10,84,6,8.472
10,84,7,8.567
10,84,8,8.608
10,84,9,8.650
10,85,0,6.967
10,85,1,6.807
10,85,2,6.858
10,85,3,6.898
10,85,4,6.936
10,85,5,7.016
10,85,6,7.091
10,85,7,7.134
10,85,8,7.182
10,85,9,7.251
10,86,0,7.562
10,86,1,7.382
10,86,2,7.438
10,86,3,7.517
10,86,4,7.524
10,86,5,7.593
10,86,6,7.632
10,86,7,7.739
10,86,8,7.781
10,86,9,7.814
10,87,0,8.137
10,87,1,7.882
10,87,2,7.939
10,87,3,8.070
10,87,4,8.078
10,87,5,8.144
10,87,6,8.177
10,87,7,8.212
10,87,8,8.252
10,87,9,8.293
10,88,0,7.861
10,88,1,7.602
10,88,2,7.731
10,88,3,7.744
10,88,4,7.850
10,88,5,7.959
10,88,6,7.969
10,88,7,8.061
10,88,8,8.071
10,88,9,8.124
10,89,0,7.034
10,89,1,6.864
10,89,2,6.948
10,89,3,6.956
10,89,4,6.996
10,89,5,7.066
10,89,6,7.131
10,89,7,7.202
10,89,8,7.241
10,89,9,7.314
10,90,0,9.055
10,90,1,8.851
10,90,2,8.957
10,90,3,8.966
10,90,4,9.046
10,90,5,9.100
10,90,6,9.146
10,90,7,9.192
10,90,8,9.238
10,90,9,9.278
10,91,0,7.289
10,91,1,7.136
10,91,2,7.211
10,91,3,7.218
10,91,4,7.256
10,91,5,7.330
10,91,6,7.390
10,91,7,7.493
10,91,8,7.548
10,91,9,7.592
10,92,0,9.756
10,92,1,9.583
10,92,2,9.672
10,92,3,9.680
10,92,4,9.748
10,92,5,9.795
10,92,6,9.833
10,92,7,9.864
10,92,8,9.956
10,92,9,10.000
10,93,0,7.457
10,93,1,7.292
10,93,2,7.353
10,93,3,7.418
10,93,4,7.424
10,93,5,7.496
10,93,6,7.569
10,93,7,7.609
10,93,8,7.674
10,93,9,7.739
10,94,0,7.495
10,94,1,7.335
10,94,2,7.384
10,94,3,7.425
10,94,4,7.463
10,94,5,7.533
10,94,6,7.603
10,94,7,7.666
10,94,8,7.729
10,94,9,7.766
10,95,0,7.565
10,95,1,7.370
10,95,2,7.457
10,95,3,7.467
10,95,4,7.512
10,95,5,7.674
10,95,6,7.874
10,95,7,7.963
10,95,8,8.039
10,95,9,8.095
10,96,0,7.114
10,96,1,6.945
10,96,2,7.004
10,96,3,7.071
10,96,4,7.078
10,96,5,7.160
10,96,6,7.217
10,96,7,7.262
10,96,8,7.302
10,96,9,7.395
10,97,0,7.466
10,97,1,7.296
10,97,2,7.349
10,97,3,7.390
10,97,4,7.428
10,97,5,7.498
10,97,6,7.560
10,97,7,7.616
10,97,8,7.656
10,97,9,7.727
10,98,0,6.967
10,98,1,6.795
10,98,2,6.898
10,98,3,6.905
10,98,4,6.911
10,98,5,6.973
10,98,6,7.009
10,98,7,7.047
10,98,8,7.076
10,98,9,7.175
10,99,0,7.315
10,99,1,7.076
10,99,2,7.228
10,99,3,7.235
10,99,4,7.241
10,99,5,7.321
10,99,6,7.326
10,99,7,7.359
10,99,8,7.393
10,99,9,7.422
10,100,0,6.277
10,100,1,6.124
10,100,2,6.172
10,100,3,6.211
10,100,4,6.246
10,100,5,6.366
10,100,6,6.407
10,100,7,6.444
10,100,8,6.524
10,100,9,6.562
10,101,0,7.572
10,101,1,7.313
10,101,2,7.438
10,101,3,7.449
10,101,4,7.559
10,101,5,7.704
10,101,6,7.714
10,101,7,7.723
10,101,8,7.819
10,101,9,7.829
10,102,0,6.737
10,102,1,6.579
10,102,2,6.629
10,102,3,6.667
10,102,4,6.703
10,102,5,6.766
10,102,6,6.899
10,102,7,6.975
10,102,8,6.981
10,102,9,7.015
10,103,0,6.711
10,103,1,6.537
10,103,2,6.587
10,103,3,6.628
10,103,4,6.665
10,103,5,6.743
10,103,6,6.840
10,103,7,6.892
10,103,8,6.927
10,103,9,6.966
10,104,0,7.523
10,104,1,7.359
10,104,2,7.411
10,104,3,7.450
10,104,4,7.483
10,104,5,7.619
10,104,6,7.664
10,104,7,7.699
10,104,8,7.760
10,104,9,7.838
10,105,0,7.869
10,105,1,7.519
10,105,2,7.568
10,105,3,7.653
10,105,4,7.748
10,105,5,7.948
10,105,6,8.032
10,105,7,8.100
10,105,8,8.140
10,105,9,8.205
10,106,0,7.854
10,106,1,7.695
10,106,2,7.752
10,106,3,7.815
10,106,4,7.822
10,106,5,7.895
10,106,6,8.003
10,106,7,8.049
10,106,8,8.084
10,106,9,8.124
10,107,0,8.463
10,107,1,8.167
10,107,2,8.303
10,107,3,8.315
10,107,4,8.453
10,107,5,8.472
10,107,6,8.587
10,107,7,8.602
10,107,8,8.776
10,107,9,8.791
10,108,0,8.923
10,108,1,8.753
10,108,2,8.807
10,108,3,8.850
10,108,4,8.890
10,108,5,8.963
10,108,6,9.038
10,108,7,9.102
10,108,8,9.167
10,108,9,9.226
10,109,0,7.995
10,109,1,7.834
10,109,2,7.889
10,109,3,7.952
10,109,4,7.959
10,109,5,8.026
10,109,6,8.096
10,109,7,8.136
10,109,8,8.198
10,109,9,8.259
10,110,0,8.031
10,110,1,7.824
10,110,2,7.918
10,110,3,7.929
10,110,4,7.984
10,110,5,8.217
10,110,6,8.300
10,110,7,8.373
10,110,8,8.434
10,110,9,8.502
10,111,0,8.505
10,111,1,8.214
10,111,2,8.405
10,111,3,8.414
10,111,4,8.420
10,111,5,8.512
10,111,6,8.516
10,111,7,8.593
10,111,8,8.599
10,111,9,8.629
10,112,0,7.257
10,112,1,7.091
10,112,2,7.178
10,112,3,7.185
10,112,4,7.224
10,112,5,7.322
10,112,6,7.362
10,112,7,7.431
10,112,8,7.489
10,112,9,7.543
10,113,0,7.040
10,113,1,6.821
10,113,2,6.874
10,113,3,6.916
10,113,4,6.950
10,113,5,7.087
10,113,6,7.122
10,113,7,7.166
10,113,8,7.271
10,113,9,7.344
10,114,0,7.782
10,114,1,7.618
10,114,2,7.671
10,114,3,7.713
10,114,4,7.750
10,114,5,7.821
10,114,6,7.889
10,114,7,7.972
10,114,8,8.017
10,114,9,8.052
10,115,0,7.598
10,115,1,7.282
10,115,2,7.418
10,115,3,7.430
10,115,4,7.579
10,115,5,7.606
10,115,6,7.781
10,115,7,7.793
10,115,8,7.804
10,115,9,7.860
10,116,0,7.148
10,116,1,6.980
10,116,2,7.035
10,116,3,7.077
10,116,4,7.115
10,116,5,7.188
10,116,6,7.256
10,116,7,7.303
10,116,8,7.370
10,116,9,7.427
10,117,0,7.776
10,117,1,7.460
10,117,2,7.609
10,117,3,7.621
10,117,4,7.765
10,117,5,7.785
10,117,6,7.922
10,117,7,7.933
10,117,8,7.941
10,117,9,7.996
10,118,0,7.796
10,118,1,7.502
10,118,2,7.587
10,118,3,7.659
10,118,4,7.735
10,118,5,7.862
10,118,6,7.964
10,118,7,8.013
10,118,8,8.052
10,118,9,8.086
10,119,0,7.656
10,119,1,7.452
10,119,2,7.472
10,119,3,7.636
10,119,4,7.647
10,119,5,7.938
10,119,6,7.951
10,119,7,7.962
10,119,8,7.969
10,119,9,8.029
10,120,0,8.120
10,120,1,7.956
10,120,2,8.034
10,120,3,8.041
10,120,4,8.080
10,120,5,8.167
10,120,6,8.202
10,120,7,8.242
10,120,8,8.347
10,120,9,8.388
10,121,0,7.179
10,121,1,7.012
10,121,2,7.065
10,121,3,7.108
10,121,4,7.146
10,121,5,7.218
10,121,6,7.288
10,121,7,7.345
10,121,8,7.403
10,121,9,7.458
10,122,0,8.044
10,122,1,7.849
10,122,2,7.900
10,122,3,7.945
10,122,4,8.006
10,122,5,8.079
10,122,6,8.110
10,122,7,8.149
10,122,8,8.231
10,122,9,8.270
10,123,0,8.414
10,123,1,8.245
10,123,2,8.297
10,123,3,8.341
10,123,4,8.380
10,123,5,8.454
10,123,6,8.541
10,123,7,8.593
10,123,8,8.685
10,123,9,8.726
10,124,0,7.905
10,124,1,7.731
10,124,2,7.784
10,124,3,7.828
10,124,4,7.868
10,124,5,7.937
10,124,6,8.037
10,124,7,8.072
10,124,8,8.111
10,124,9,8.185
10,125,0,8.073
10,125,1,7.799
10,125,2,7.938
10,125,3,7.951
10,125,4,8.061
10,125,5,8.142
10,125,6,8.239
10,125,7,8.249
10,125,8,8.308
10,125,9,8.359
10,126,0,7.535
10,126,1,7.258
10,126,2,7.315
10,126,3,7.354
10,126,4,7.446
10,126,5,7.627
10,126,6,7.720
10,126,7,7.811
10,126,8,7.902
10,126,9,7.994
10,127,0,8.327
10,127,1,7.908
10,127,2,7.961
10,127,3,8.057
10,127,4,8.244
10,127,5,8.394
10,127,6,8.450
10,127,7,8.527
10,127,8,8.633
10,127,9,8.699
10,128,0,7.338
10,128,1,7.144
10,128,2,7.194
10,128,3,7.247
10,128,4,7.290
10,128,5,7.376
10,128,6,7.411
10,128,7,7.509
10,128,8,7.548
10,128,9,7.579
10,129,0,6.608
10,129,1,6.449
10,129,2,6.527
10,129,3,6.534
10,129,4,6.572
10,129,5,6.639
10,129,6,6.717
10,129,7,6.759
10,129,8,6.816
10,129,9,6.883
10,130,0,8.646
10,130,1,8.367
10,130,2,8.455
10,130,3,8.526
10,130,4,8.591
10,130,5,8.715
10,130,6,8.815
10,130,7,8.897
10,130,8,8.979
10,130,9,9.036
10,131,0,9.216
10,131,1,8.987
10,131,2,9.112
10,131,3,9.123
10,131,4,9.209
10,131,5,9.255
10,131,6,9.293
10,131,7,9.325
10,131,8,9.366
10,131,9,9.427
10,132,0,7.217
10,132,1,6.904
10,132,2,6.957
10,132,3,7.007
10,132,4,7.117
10,132,5,7.317
10,132,6,7.418
10,132,7,7.517
10,132,8,7.636
10,132,9,7.722
10,133,0,7.764
10,133,1,7.524
10,133,2,7.651
10,133,3,7.663
10,133,4,7.754
10,133,5,7.817
10,133,6,7.868
10,133,7,7.915
10,133,8,7.980
10,133,9,8.027
10,134,0,6.997
10,134,1,6.841
10,134,2,6.924
10,134,3,6.931
10,134,4,6.991
10,134,5,7.043
10,134,6,7.081
10,134,7,7.114
10,134,8,7.161
10,134,9,7.228
10,135,0,7.274
10,135,1,7.099
10,135,2,7.149
10,135,3,7.189
10,135,4,7.232
10,135,5,7.355
10,135,6,7.395
10,135,7,7.454
10,135,8,7.521
10,135,9,7.583
10,136,0,7.505
10,136,1,7.194
10,136,2,7.335
10,136,3,7.347
10,136,4,7.494
10,136,5,7.554
10,136,6,7.702
10,136,7,7.712
10,136,8,7.720
10,136,9,7.771
10,137,0,8.058
10,137,1,7.676
10,137,2,7.731
10,137,3,7.912
10,137,4,7.994
10,137,5,8.200
10,137,6,8.310
10,137,7,8.321
10,137,8,8.413
10,137,9,8.423
10,138,0,8.459
10,138,1,8.105
10,138,2,8.334
10,138,3,8.343
10,138,4,8.349
10,138,5,8.467
10,138,6,8.471
10,138,7,8.476
10,138,8,8.535
10,138,9,8.542
10,139,0,7.455
10,139,1,7.194
10,139,2,7.241
10,139,3,7.320
10,139,4,7.412
10,139,5,7.521
10,139,6,7.577
10,139,7,7.634
10,139,8,7.688
10,139,9,7.748
10,140,0,7.696
10,140,1,7.537
10,140,2,7.587
10,140,3,7.626
10,140,4,7.665
10,140,5,7.763
10,140,6,7.827
10,140,7,7.890
10,140,8,7.947
10,140,9,8.008
10,141,0,6.721
10,141,1,6.494
10,141,2,6.622
10,141,3,6.629
10,141,4,6.714
10,141,5,6.726
10,141,6,6.761
10,141,7,6.796
10,141,8,6.828
10,141,9,6.857
10,142,0,8.679
10,142,1,8.345
10,142,2,8.395
10,142,3,8.436
10,142,4,8.543
10,142,5,8.691
10,142,6,8.816
10,142,7,8.828
10,142,8,8.922
10,142,9,8.933
10,143,0,6.570
10,143,1,6.408
10,143,2,6.459
10,143,3,6.500
10,143,4,6.538
10,143,5,6.619
10,143,6,6.657
10,143,7,6.732
10,143,8,6.773
10,143,9,6.871
10,144,0,7.416
10,144,1,7.239
10,144,2,7.292
10,144,3,7.334
10,144,4,7.377
10,144,5,7.464
10,144,6,7.651
10,144,7,7.812
10,144,8,7.821
10,144,9,7.867
10,145,0,7.067
10,145,1,6.896
10,145,2,6.981
10,145,3,6.988
10,145,4,7.027
10,145,5,7.101
10,145,6,7.141
10,145,7,7.223
10,145,8,7.264
10,145,9,7.353
10,146,0,7.586
10,146,1,7.423
10,146,2,7.502
10,146,3,7.509
10,146,4,7.549
10,146,5,7.618
10,146,6,7.679
10,146,7,7.748
10,146,8,7.809
10,146,9,7.850
10,147,0,7.734
10,147,1,7.519
10,147,2,7.646
10,147,3,7.654
10,147,4,7.660
10,147,5,7.742
10,147,6,7.781
10,147,7,7.820
10,147,8,7.851
10,147,9,7.946
10,148,0,7.265
10,148,1,6.878
10,148,2,6.946
10,148,3,7.120
10,148,4,7.252
10,148,5,7.380
10,148,6,7.391
10,148,7,7.493
10,148,8,7.504
10,148,9,7.557
10,149,0,7.881
10,149,1,7.611
10,149,2,7.743
10,149,3,7.755
10,149,4,7.870
10,149,5,8.019
10,149,6,8.029
10,149,7,8.037
10,149,8,8.094
10,149,9,8.100
10,150,0,7.593
10,150,1,7.321
10,150,2,7.406
10,150,3,7.472
10,150,4,7.534
10,150,5,7.662
10,150,6,7.790
10,150,7,7.863
10,150,8,7.951
10,150,9,7.961
10,151,0,9.124
10,151,1,8.819
10,151,2,8.887
10,151,3,8.928
10,151,4,9.033
10,151,5,9.185
10,151,6,9.257
10,151,7,9.344
10,151,8,9.418
10,151,9,9.489
10,152,0,7.427
10,152,1,7.257
10,152,2,7.310
10,152,3,7.351
10,152,4,7.388
10,152,5,7.459
10,152,6,7.532
10,152,7,7.572
10,152,8,7.644
10,152,9,7.684
10,153,0,8.357
10,153,1,8.079
10,153,2,8.234
10,153,3,8.247
10,153,4,8.346
10,153,5,8.771
10,153,6,9.061
10,153,7,9.186
10,153,8,9.333
10,153,9,9.350
10,154,0,7.596
10,154,1,7.397
10,154,2,7.500
10,154,3,7.509
10,154,4,7.589
10,154,5,7.629
10,154,6,7.710
10,154,7,7.755
10,154,8,7.818
10,154,9,7.879
10,155,0,7.864
10,155,1,7.662
10,155,2,7.760
10,155,3,7.769
10,155,4,7.846
10,155,5,7.913
10,155,6,7.960
10,155,7,8.007
10,155,8,8.053
10,155,9,8.092
10,156,0,7.114
10,156,1,6.903
10,156,2,6.956
10,156,3,6.994
10,156,4,7.037
10,156,5,7.230
10,156,6,7.294
10,156,7,7.391
10,156,8,7.438
10,156,9,7.473
10,157,0,6.695
10,157,1,6.485
10,157,2,6.554
10,157,3,6.623
10,157,4,6.688
10,157,5,6.733
10,157,6,6.765
10,157,7,6.807
10,157,8,6.878
10,157,9,6.925
10,158,0,7.095
10,158,1,6.922
10,158,2,6.983
10,158,3,7.026
10,158,4,7.064
10,158,5,7.133
10,158,6,7.212
10,158,7,7.253
10,158,8,7.321
10,158,9,7.375
10,159,0,7.184
10,159,1,6.825
10,159,2,6.872
10,159,3,6.989
10,159,4,7.074
10,159,5,7.328
10,159,6,7.385
10,159,7,7.430
10,159,8,7.585
10,159,9,7.639
10,160,0,6.571
10,160,1,6.267
10,160,2,6.407
10,160,3,6.418
10,160,4,6.560
10,160,5,6.580
10,160,6,6.681
10,160,7,6.691
10,160,8,6.775
10,160,9,6.785
10,161,0,7.881
10,161,1,7.708
10,161,2,7.795
10,161,3,7.803
10,161,4,7.845
10,161,5,7.923
10,161,6,8.041
10,161,7,8.118
10,161,8,8.225
10,161,9,8.278
10,162,0,7.976
10,162,1,7.788
10,162,2,7.868
10,162,3,7.934
10,162,4,7.941
10,162,5,8.006
10,162,6,8.096
10,162,7,8.144
10,162,8,8.179
10,162,9,8.219
10,163,0,8.398
10,163,1,8.071
10,163,2,8.153
10,163,3,8.222
10,163,4,8.283
10,163,5,8.538
10,163,6,8.640
10,163,7,8.779
10,163,8,8.854
10,163,9,8.962
10,164,0,8.145
10,164,1,7.985
10,164,2,8.042
10,164,3,8.106
10,164,4,8.112
10,164,5,8.187
10,164,6,8.248
10,164,7,8.321
10,164,8,8.362
10,164,9,8.434
10,165,0,8.587
10,165,1,8.246
10,165,2,8.421
10,165,3,8.433
10,165,4,8.442
10,165,5,8.599
10,165,6,8.607
10,165,7,8.731
10,165,8,8.741
10,165,9,8.749
10,166,0,5.876
10,166,1,5.709
10,166,2,5.759
10,166,3,5.801
10,166,4,5.835
10,166,5,5.951
10,166,6,5.990
10,166,7,6.058
10,166,8,6.118
10,166,9,6.174
10,167,0,8.608
10,167,1,8.446
10,167,2,8.524
10,167,3,8.531
10,167,4,8.570
10,167,5,8.640
10,167,6,8.678
10,167,7,8.750
10,167,8,8.789
10,167,9,8.856
10,168,0,6.214
10,168,1,6.056
10,168,2,6.106
10,168,3,6.146
10,168,4,6.182
10,168,5,6.254
10,168,6,6.317
10,168,7,6.372
10,168,8,6.427
10,168,9,6.484
10,169,0,7.838
10,169,1,7.521
10,169,2,7.566
10,169,3,7.691
10,169,4,7.780
10,169,5,7.894
10,169,6,7.948
10,169,7,8.003
10,169,8,8.059
10,169,9,8.130
10,170,0,5.886
10,170,1,5.706
10,170,2,5.753
10,170,3,5.792
10,170,4,5.825
10,170,5,5.950
10,170,6,6.018
10,170,7,6.056
10,170,8,6.108
10,170,9,6.171
10,171,0,7.601
10,171,1,7.410
10,171,2,7.528
10,171,3,7.535
10,171,4,7.594
10,171,5,7.635
10,171,6,7.669
10,171,7,7.699
10,171,8,7.738
10,171,9,7.829
10,172,0,7.100
10,172,1,6.913
10,172,2,6.962
10,172,3,7.002
10,172,4,7.037
10,172,5,7.150
10,172,6,7.218
10,172,7,7.257
10,172,8,7.375
10,172,9,7.435
10,173,0,7.489
10,173,1,7.311
10,173,2,7.372
10,173,3,7.416
10,173,4,7.453
10,173,5,7.520
10,173,6,7.587
10,173,7,7.625
10,173,8,7.696
10,173,9,7.752
10,174,0,6.971
10,174,1,6.641
10,174,2,6.716
10,174,3,6.793
10,174,4,6.880
10,174,5,7.065
10,174,6,7.191
10,174,7,7.372
10,174,8,7.486
10,174,9,7.498
10,175,0,7.162
10,175,1,6.993
10,175,2,7.046
10,175,3,7.087
10,175,4,7.125
10,175,5,7.193
10,175,6,7.254
10,175,7,7.293
10,175,8,7.358
10,175,9,7.415
10,176,0,6.943
10,176,1,6.717
10,176,2,6.769
10,176,3,6.810
10,176,4,6.855
10,176,5,6.986
10,176,6,7.055
10,176,7,7.095
10,176,8,7.164
10,176,9,7.331
10,177,0,7.511
10,177,1,7.263
10,177,2,7.408
10,177,3,7.499
10,177,4,7.506
10,177,5,7.566
10,177,6,7.572
10,177,7,7.606
10,177,8,7.636
10,177,9,7.674
10,178,0,7.178
10,178,1,6.856
10,178,2,6.901
10,178,3,6.997
10,178,4,7.087
10,178,5,7.271
10,178,6,7.364
10,178,7,7.426
10,178,8,7.481
10,178,9,7.537
10,179,0,7.061
10,179,1,6.893
10,179,2,6.945
10,179,3,6.985
10,179,4,7.023
10,179,5,7.099
10,179,6,7.140
10,179,7,7.216
10,179,8,7.254
10,179,9,7.322
10,180,0,7.915
10,180,1,7.650
10,180,2,7.781
10,180,3,7.793
10,180,4,7.904
10,180,5,8.046
10,180,6,8.056
10,180,7,8.065
10,180,8,8.161
10,180,9,8.171
10,181,0,7.623
10,181,1,7.249
10,181,2,7.304
10,181,3,7.473
10,181,4,7.554
10,181,5,7.680
10,181,6,7.768
10,181,7,7.835
10,181,8,7.946
10,181,9,7.993
10,182,0,6.951
10,182,1,6.796
10,182,2,6.869
10,182,3,6.876
10,182,4,6.914
10,182,5,6.983
10,182,6,7.148
10,182,7,7.266
10,182,8,7.278
10,182,9,7.333
10,183,0,9.986
10,183,1,9.726
10,183,2,9.774
10,183,3,9.817
10,183,4,9.905
10,183,5,10.073
10,183,6,10.194
10,183,7,10.247
10,183,8,10.302
10,183,9,10.381
10,184,0,9.355
10,184,1,9.085
10,184,2,9.165
10,184,3,9.231
10,184,4,9.287
10,184,5,9.467
10,184,6,9.580
10,184,7,9.703
10,184,8,9.815
10,184,9,9.915
10,185,0,9.229
10,185,1,9.033
10,185,2,9.084
10,185,3,9.125
10,185,4,9.184
10,185,5,9.350
10,185,6,9.412
10,185,7,9.486
10,185,8,9.561
10,185,9,9.604
10,186,0,8.435
10,186,1,7.977
10,186,2,8.046
10,186,3,8.154
10,186,4,8.290
10,186,5,8.598
10,186,6,8.698
10,186,7,8.793
10,186,8,8.896
10,186,9,9.036
10,187,0,7.863
10,187,1,7.702
10,187,2,7.753
10,187,3,7.793
10,187,4,7.831
10,187,5,7.902
10,187,6,8.095
10,187,7,8.190
10,187,8,8.196
10,187,9,8.230
10,188,0,8.382
10,188,1,8.066
10,188,2,8.206
10,188,3,8.219
10,188,4,8.371
10,188,5,8.390
10,188,6,8.552
10,188,7,8.564
10,188,8,8.573
10,188,9,8.610
10,189,0,6.460
10,189,1,6.291
10,189,2,6.381
10,189,3,6.388
10,189,4,6.443
10,189,5,6.538
10,189,6,6.736
10,189,7,6.833
10,189,8,6.908
10,189,9,6.968
10,190,0,7.400
10,190,1,7.073
10,190,2,7.230
10,190,3,7.242
10,190,4,7.388
10,190,5,7.409
10,190,6,7.536
10,190,7,7.546
10,190,8,7.553
10,190,9,7.607
10,191,0,7.942
10,191,1,7.608
10,191,2,7.657
10,191,3,7.757
10,191,4,7.867
10,191,5,8.009
10,191,6,8.075
10,191,7,8.149
10,191,8,8.209
10,191,9,8.273
10,192,0,7.635
10,192,1,7.459
10,192,2,7.523
10,192,3,7.590
10,192,4,7.596
10,192,5,7.668
10,192,6,7.708
10,192,7,7.785
10,192,8,7.825
10,192,9,7.899
10,193,0,7.644
10,193,1,7.462
10,193,2,7.550
10,193,3,7.559
10,193,4,7.602
10,193,5,7.681
10,193,6,7.806
10,193,7,7.855
10,193,8,7.903
10,193,9,7.985
10,194,0,7.216
10,194,1,7.037
10,194,2,7.130
10,194,3,7.138
10,194,4,7.178
10,194,5,7.256
10,194,6,7.287
10,194,7,7.334
10,194,8,7.413
10,194,9,7.455
10,195,0,7.830
10,195,1,7.660
10,195,2,7.715
10,195,3,7.757
10,195,4,7.790
10,195,5,7.905
10,195,6,7.944
10,195,7,8.015
10,195,8,8.065
10,195,9,8.125
10,196,0,7.633
10,196,1,7.367
10,196,2,7.498
10,196,3,7.510
10,196,4,7.621
10,196,5,7.771
10,196,6,7.782
10,196,7,7.790
10,196,8,7.869
10,196,9,7.874
10,197,0,8.020
10,197,1,7.653
10,197,2,7.699
10,197,3,7.825
10,197,4,7.942
10,197,5,8.088
10,197,6,8.148
10,197,7,8.212
10,197,8,8.275
10,197,9,8.325
10,198,0,8.135
10,198,1,7.812
10,198,2,7.954
10,198,3,7.968
10,198,4,8.122
10,198,5,8.147
10,198,6,8.286
10,198,7,8.297
10,198,8,8.305
10,198,9,8.356
10,199,0,7.697
10,199,1,7.374
10,199,2,7.424
10,199,3,7.508
10,199,4,7.602
10,199,5,7.790
10,199,6,8.024
10,199,7,8.111
10,199,8,8.209
10,199,9,8.219
25,0,0,5.755
25,0,1,5.511
25,0,2,5.567
25,0,3,5.601
25,0,4,5.642
25,0,5,5.963
25,0,6,5.716
25,0,7,5.822
25,0,8,5.859
25,0,9,5.924
25,0,10,6.026
25,0,11,6.061
25,0,12,6.126
25,0,13,6.189
25,0,14,6.227
25,0,15,6.292
25,0,16,6.327
25,0,17,6.389
25,0,18,6.425
25,0,19,6.488
25,0,20,6.522
25,0,21,6.583
25,0,22,6.617
25,0,23,6.678
25,0,24,6.713
25,1,0,5.121
25,1,1,4.879
25,1,2,4.921
25,1,3,4.954
25,1,4,5.016
25,1,5,5.311
25,1,6,5.055
25,1,7,5.168
25,1,8,5.205
25,1,9,5.278
25,1,10,5.355
25,1,11,5.432
25,1,12,5.508
25,1,13,5.561
25,1,14,5.742
25,1,15,5.872
25,1,16,5.883
25,1,17,6.013
25,1,18,6.027
25,1,19,6.189
25,1,20,6.199
25,1,21,6.206
25,1,22,6.284
25,1,23,6.289
25,1,24,6.293
25,2,0,5.089
25,2,1,4.840
25,2,2,4.877
25,2,3,4.915
25,2,4,4.987
25,2,5,5.287
25,2,6,5.025
25,2,7,5.127
25,2,8,5.190
25,2,9,5.225
25,2,10,5.322
25,2,11,5.381
25,2,12,5.438
25,2,13,5.471
25,2,14,5.531
25,2,15,5.586
25,2,16,5.619
25,2,17,5.684
25,2,18,5.727
25,2,19,5.764
25,2,20,5.825
25,2,21,5.862
25,2,22,5.917
25,2,23,5.998
25,2,24,6.199
25,3,0,6.515
25,3,1,6.267
25,3,2,6.312
25,3,3,6.345
25,3,4,6.405
25,3,5,6.716
25,3,6,6.447
25,3,7,6.557
25,3,8,6.612
25,3,9,6.669
25,3,10,6.783
25,3,11,6.822
25,3,12,6.905
25,3,13,6.950
25,3,14,6.989
25,3,15,7.021
25,3,16,7.128
25,3,17,7.193
25,3,18,7.236
25,3,19,7.273
25,3,20,7.705
25,3,21,7.853
25,3,22,7.864
25,3,23,7.872
25,3,24,7.924
25,4,0,5.269
25,4,1,4.775
25,4,2,4.819
25,4,3,4.852
25,4,4,5.100
25,4,5,5.459
25,4,6,5.114
25,4,7,5.280
25,4,8,5.288
25,4,9,5.449
25,4,10,5.466
25,4,11,5.472
25,4,12,5.623
25,4,13,5.633
25,4,14,5.640
25,4,15,5.777
25,4,16,5.786
25,4,17,5.793
25,4,18,5.950
25,4,19,5.959
25,4,20,5.967
25,4,21,5.972
25,4,22,6.084
25,4,23,6.093
25,4,24,6.100
25,5,0,6.637
25,5,1,6.280
25,5,2,6.407
25,5,3,6.510
25,5,4,6.520
25,5,5,6.865
25,5,6,6.579
25,5,7,6.696
25,5,8,6.753
25,5,9,6.808
25,5,10,6.919
25,5,11,6.982
25,5,12,7.079
25,5,13,7.088
25,5,14,7.185
25,5,15,7.195
25,5,16,7.285
25,5,17,7.294
25,5,18,7.385
25,5,19,7.394
25,5,20,7.478
25,5,21,7.487
25,5,22,7.542
25,5,23,7.596
25,5,24,7.644
25,6,0,5.907
25,6,1,5.654
25,6,2,5.693
25,6,3,5.733
25,6,4,5.805
25,6,5,6.116
25,6,6,5.842
25,6,7,5.955
25,6,8,6.024
25,6,9,6.060
25,6,10,6.168
25,6,11,6.218
25,6,12,6.281
25,6,13,6.315
25,6,14,6.376
25,6,15,6.410
25,6,16,6.472
25,6,17,6.506
25,6,18,6.568
25,6,19,6.602
25,6,20,6.664
25,6,21,6.800
25,6,22,6.907
25,6,23,6.916
25,6,24,6.966
25,7,0,6.598
25,7,1,6.206
25,7,2,6.251
25,7,3,6.332
25,7,4,6.420
25,7,5,7.238
25,7,6,6.511
25,7,7,6.861
25,7,8,6.953
25,7,9,7.140
25,7,10,7.246
25,7,11,7.310
25,7,12,7.316
25,7,13,7.371
25,7,14,7.377
25,7,15,7.411
25,7,16,7.441
25,7,17,7.576
25,7,18,7.689
25,7,19,7.700
25,7,20,7.796
25,7,21,7.806
25,7,22,7.892
25,7,23,7.902
25,7,24,7.951
25,8,0,6.112
25,8,1,5.865
25,8,2,5.903
25,8,3,5.943
25,8,4,6.002
25,8,5,6.330
25,8,6,6.057
25,8,7,6.166
25,8,8,6.219
25,8,9,6.268
25,8,10,6.365
25,8,11,6.428
25,8,12,6.464
25,8,13,6.527
25,8,14,6.562
25,8,15,6.635
25,8,16,6.689
25,8,17,6.736
25,8,18,6.790
25,8,19,6.848
25,8,20,6.884
25,8,21,6.950
25,8,22,6.989
25,8,23,7.041
25,8,24,7.076
25,9,0,6.031
25,9,1,5.561
25,9,2,5.605
25,9,3,5.636
25,9,4,5.693
25,9,5,6.320
25,9,6,5.903
25,9,7,6.155
25,9,8,6.166
25,9,9,6.310
25,9,10,6.330
25,9,11,6.449
25,9,12,6.459
25,9,13,6.590
25,9,14,6.600
25,9,15,6.607
25,9,16,6.732
25,9,17,6.741
25,9,18,6.748
25,9,19,6.804
25,9,20,6.809
25,9,21,6.857
25,9,22,6.863
25,9,23,6.892
25,9,24,6.920
25,10,0,5.057
25,10,1,4.805
25,10,2,4.844
25,10,3,4.885
25,10,4,4.947
25,10,5,5.229
25,10,6,4.984
25,10,7,5.090
25,10,8,5.127
25,10,9,5.193
25,10,10,5.296
25,10,11,5.326
25,10,12,5.466
25,10,13,5.578
25,10,14,5.589
25,10,15,5.689
25,10,16,5.698
25,10,17,5.827
25,10,18,5.837
25,10,19,5.844
25,10,20,5.968
25,10,21,5.974
25,10,22,5.978
25,10,23,6.033
25,10,24,6.038
25,11,0,7.134
25,11,1,6.678
25,11,2,6.808
25,11,3,6.879
25,11,4,7.112
25,11,5,7.386
25,11,6,7.124
25,11,7,7.360
25,11,8,7.370
25,11,9,7.378
25,11,10,7.392
25,11,11,7.635
25,11,12,7.646
25,11,13,7.654
25,11,14,7.661
25,11,15,7.668
25,11,16,7.821
25,11,17,7.826
25,11,18,7.831
25,11,19,7.835
25,11,20,7.839
25,11,21,7.843
25,11,22,7.906
25,11,23,7.911
25,11,24,7.915
25,12,0,5.265
25,12,1,5.026
25,12,2,5.063
25,12,3,5.103
25,12,4,5.163
25,12,5,5.467
25,12,6,5.200
25,12,7,5.310
25,12,8,5.380
25,12,9,5.415
25,12,10,5.539
25,12,11,5.571
25,12,12,5.604
25,12,13,5.667
25,12,14,5.701
25,12,15,5.752
25,12,16,5.786
25,12,17,5.847
25,12,18,5.880
25,12,19,5.940
25,12,20,5.997
25,12,21,6.030
25,12,22,6.090
25,12,23,6.122
25,12,24,6.182
25,13,0,6.394
25,13,1,6.149
25,13,2,6.208
25,13,3,6.242
25,13,4,6.283
25,13,5,6.650
25,13,6,6.354
25,13,7,6.461
25,13,8,6.499
25,13,9,6.604
25,13,10,6.680
25,13,11,6.779
25,13,12,6.820
25,13,13,6.853
25,13,14,6.891
25,13,15,6.980
25,13,16,7.014
25,13,17,7.051
25,13,18,7.234
25,13,19,7.381
25,13,20,7.393
25,13,21,7.486
25,13,22,7.492
25,13,23,7.497
25,13,24,7.525
25,14,0,6.146
25,14,1,5.899
25,14,2,5.935
25,14,3,5.972
25,14,4,6.043
25,14,5,6.352
25,14,6,6.081
25,14,7,6.183
25,14,8,6.250
25,14,9,6.302
25,14,10,6.411
25,14,11,6.446
25,14,12,6.500
25,14,13,6.562
25,14,14,6.597
25,14,15,6.664
25,14,16,6.697
25,14,17,6.747
25,14,18,6.800
25,14,19,6.835
25,14,20,6.898
25,14,21,6.932
25,14,22,7.000
25,14,23,7.031
25,14,24,7.065
25,15,0,5.448
25,15,1,5.145
25,15,2,5.187
25,15,3,5.235
25,15,4,5.332
25,15,5,5.661
25,15,6,5.408
25,15,7,5.508
25,15,8,5.547
25,15,9,5.613
25,15,10,5.721
25,15,11,5.757
25,15,12,5.835
25,15,13,5.873
25,15,14,5.940
25,15,15,5.977
25,15,16,6.042
25,15,17,6.079
25,15,18,6.115
25,15,19,6.179
25,15,20,6.215
25,15,21,6.295
25,15,22,6.336
25,15,23,6.374
25,15,24,6.439
25,16,0,5.314
25,16,1,5.066
25,16,2,5.105
25,16,3,5.178
25,16,4,5.222
25,16,5,5.528
25,16,6,5.253
25,16,7,5.352
25,16,8,5.425
25,16,9,5.462
25,16,10,5.580
25,16,11,5.643
25,16,12,5.677
25,16,13,5.739
25,16,14,5.774
25,16,15,5.838
25,16,16,5.874
25,16,17,5.940
25,16,18,5.976
25,16,19,6.029
25,16,20,6.154
25,16,21,6.207
25,16,22,6.212
25,16,23,6.242
25,16,24,6.267
25,17,0,6.097
25,17,1,5.573
25,17,2,5.658
25,17,3,5.726
25,17,4,5.801
25,17,5,6.440
25,17,6,6.001
25,17,7,6.168
25,17,8,6.363
25,17,9,6.408
25,17,10,6.480
25,17,11,6.570
25,17,12,6.612
25,17,13,6.643
25,17,14,6.681
25,17,15,6.772
25,17,16,6.818
25,17,17,6.857
25,17,18,6.897
25,17,19,6.974
25,17,20,7.012
25,17,21,7.066
25,17,22,7.119
25,17,23,7.170
25,17,24,7.235
25,18,0,5.951
25,18,1,5.492
25,18,2,5.587
25,18,3,5.675
25,18,4,5.766
25,18,5,6.296
25,18,6,5.856
25,18,7,6.043
25,18,8,6.128
25,18,9,6.217
25,18,10,6.380
25,18,11,6.462
25,18,12,6.532
25,18,13,6.580
25,18,14,6.720
25,18,15,6.848
25,18,16,6.853
25,18,17,6.928
25,18,18,6.933
25,18,19,6.937
25,18,20,6.983
25,18,21,6.988
25,18,22,7.018
25,18,23,7.048
25,18,24,7.073
25,19,0,5.050
25,19,1,4.810
25,19,2,4.848
25,19,3,4.888
25,19,4,4.961
25,19,5,5.607
25,19,6,4.997
25,19,7,5.436
25,19,8,5.450
25,19,9,5.460
25,19,10,5.616
25,19,11,5.624
25,19,12,5.783
25,19,13,5.790
25,19,14,5.798
25,19,15,5.879
25,19,16,5.884
25,19,17,5.889
25,19,18,5.922
25,19,19,5.955
25,19,20,5.982
25,19,21,6.110
25,19,22,6.149
25,19,23,6.227
25,19,24,6.295
25,20,0,6.879
25,20,1,6.505
25,20,2,6.589
25,20,3,6.719
25,20,4,6.730
25,20,5,7.043
25,20,6,6.869
25,20,7,6.886
25,20,8,7.025
25,20,9,7.035
25,20,10,7.118
25,20,11,7.124
25,20,12,7.128
25,20,13,7.189
25,20,14,7.194
25,20,15,7.244
25,20,16,7.249
25,20,17,7.279
25,20,18,7.306
25,20,19,7.367
25,20,20,7.402
25,20,21,7.460
25,20,22,7.498
25,20,23,7.554
25,20,24,7.593
25,21,0,5.001
25,21,1,4.764
25,21,2,4.802
25,21,3,4.841
25,21,4,4.898
25,21,5,5.192
25,21,6,4.936
25,21,7,5.036
25,21,8,5.110
25,21,9,5.139
25,21,10,5.242
25,21,11,5.302
25,21,12,5.337
25,21,13,5.398
25,21,14,5.433
25,21,15,5.483
25,21,16,5.533
25,21,17,5.727
25,21,18,5.802
25,21,19,5.902
25,21,20,5.913
25,21,21,6.016
25,21,22,6.025
25,21,23,6.102
25,21,24,6.111
25,22,0,5.849
25,22,1,5.622
25,22,2,5.666
25,22,3,5.698
25,22,4,5.735
25,22,5,6.052
25,22,6,5.811
25,22,7,5.916
25,22,8,5.952
25,22,9,6.017
25,22,10,6.117
25,22,11,6.153
25,22,12,6.217
25,22,13,6.253
25,22,14,6.317
25,22,15,6.352
25,22,16,6.416
25,22,17,6.453
25,22,18,6.516
25,22,19,6.552
25,22,20,6.622
25,22,21,6.657
25,22,22,6.729
25,22,23,6.790
25,22,24,6.825
25,23,0,5.067
25,23,1,4.832
25,23,2,4.873
25,23,3,4.904
25,23,4,4.963
25,23,5,5.257
25,23,6,5.002
25,23,7,5.103
25,23,8,5.165
25,23,9,5.223
25,23,10,5.319
25,23,11,5.354
25,23,12,5.415
25,23,13,5.448
25,23,14,5.508
25,23,15,5.548
25,23,16,5.610
25,23,17,5.666
25,23,18,5.699
25,23,19,5.761
25,23,20,5.817
25,23,21,5.851
25,23,22,5.914
25,23,23,5.946
25,23,24,6.002
25,24,0,5.640
25,24,1,5.421
25,24,2,5.470
25,24,3,5.504
25,24,4,5.541
25,24,5,5.845
25,24,6,5.602
25,24,7,5.707
25,24,8,5.744
25,24,9,5.809
25,24,10,5.909
25,24,11,5.961
25,24,12,6.018
25,24,13,6.074
25,24,14,6.138
25,24,15,6.174
25,24,16,6.237
25,24,17,6.273
25,24,18,6.336
25,24,19,6.371
25,24,20,6.432
25,24,21,6.482
25,24,22,6.533
25,24,23,6.594
25,24,24,6.627
25,25,0,5.076
25,25,1,4.853
25,25,2,4.898
25,25,3,4.930
25,25,4,4.967
25,25,5,5.291
25,25,6,5.039
25,25,7,5.148
25,25,8,5.187
25,25,9,5.255
25,25,10,5.356
25,25,11,5.393
25,25,12,5.456
25,25,13,5.491
25,25,14,5.553
25,25,15,5.589
25,25,16,5.651
25,25,17,5.685
25,25,18,5.748
25,25,19,5.784
25,25,20,5.846
25,25,21,5.880
25,25,22,5.940
25,25,23,5.975
25,25,24,6.025
25,26,0,6.780
25,26,1,6.390
25,26,2,6.513
25,26,3,6.525
25,26,4,6.632
25,26,5,6.940
25,26,6,6.641
25,26,7,6.790
25,26,8,6.798
25,26,9,6.930
25,26,10,6.947
25,26,11,7.095
25,26,12,7.106
25,26,13,7.113
25,26,14,7.240
25,26,15,7.246
25,26,16,7.250
25,26,17,7.319
25,26,18,7.325
25,26,19,7.329
25,26,20,7.379
25,26,21,7.385
25,26,22,7.416
25,26,23,7.447
25,26,24,7.474
25,27,0,6.621
25,27,1,6.089
25,27,2,6.174
25,27,3,6.269
25,27,4,6.357
25,27,5,6.874
25,27,6,6.449
25,27,7,6.695
25,27,8,6.756
25,27,9,6.809
25,27,10,6.982
25,27,11,7.047
25,27,12,7.109
25,27,13,7.180
25,27,14,7.215
25,27,15,7.275
25,27,16,7.311
25,27,17,7.373
25,27,18,7.482
25,27,19,7.607
25,27,20,7.711
25,27,21,7.798
25,27,22,7.888
25,27,23,7.973
25,27,24,8.057
25,28,0,5.922
25,28,1,5.704
25,28,2,5.745
25,28,3,5.776
25,28,4,5.822
25,28,5,6.125
25,28,6,5.865
25,28,7,5.960
25,28,8,6.034
25,28,9,6.070
25,28,10,6.176
25,28,11,6.229
25,28,12,6.280
25,28,13,6.342
25,28,14,6.378
25,28,15,6.436
25,28,16,6.476
25,28,17,6.540
25,28,18,6.577
25,28,19,6.631
25,28,20,6.669
25,28,21,6.734
25,28,22,6.771
25,28,23,6.825
25,28,24,6.968
25,29,0,5.320
25,29,1,5.083
25,29,2,5.126
25,29,3,5.157
25,29,4,5.218
25,29,5,5.538
25,29,6,5.255
25,29,7,5.362
25,29,8,5.438
25,29,9,5.476
25,29,10,5.575
25,29,11,5.634
25,29,12,5.671
25,29,13,5.737
25,29,14,5.774
25,29,15,5.844
25,29,16,5.872
25,29,17,5.934
25,29,18,5.968
25,29,19,6.030
25,29,20,6.065
25,29,21,6.114
25,29,22,6.164
25,29,23,6.303
25,29,24,6.369
25,30,0,6.323
25,30,1,6.013
25,30,2,6.074
25,30,3,6.173
25,30,4,6.215
25,30,5,6.517
25,30,6,6.283
25,30,7,6.377
25,30,8,6.422
25,30,9,6.481
25,30,10,6.617
25,30,11,6.656
25,30,12,6.686
25,30,13,6.727
25,30,14,6.802
25,30,15,6.840
25,30,16,6.893
25,30,17,6.944
25,30,18,6.996
25,30,19,7.046
25,30,20,7.096
25,30,21,7.146
25,30,22,7.196
25,30,23,7.246
25,30,24,7.296
25,31,0,5.676
25,31,1,5.454
25,31,2,5.499
25,31,3,5.531
25,31,4,5.569
25,31,5,5.882
25,31,6,5.629
25,31,7,5.774
25,31,8,5.814
25,31,9,5.845
25,31,10,5.941
25,31,11,5.987
25,31,12,6.054
25,31,13,6.090
25,31,14,6.155
25,31,15,6.191
25,31,16,6.254
25,31,17,6.289
25,31,18,6.346
25,31,19,6.395
25,31,20,6.458
25,31,21,6.522
25,31,22,6.579
25,31,23,6.614
25,31,24,6.676
25,32,0,6.016
25,32,1,5.787
25,32,2,5.833
25,32,3,5.870
25,32,4,5.901
25,32,5,6.224
25,32,6,5.960
25,32,7,6.059
25,32,8,6.119
25,32,9,6.184
25,32,10,6.260
25,32,11,6.322
25,32,12,6.385
25,32,13,6.441
25,32,14,6.480
25,32,15,6.778
25,32,16,6.793
25,32,17,7.015
25,32,18,7.026
25,32,19,7.034
25,32,20,7.040
25,32,21,7.173
25,32,22,7.179
25,32,23,7.183
25,32,24,7.187
25,33,0,7.064
25,33,1,6.880
25,33,2,6.951
25,33,3,6.958
25,33,4,6.993
25,33,5,7.527
25,33,6,7.025
25,33,7,7.241
25,33,8,7.372
25,33,9,7.383
25,33,10,7.538
25,33,11,7.546
25,33,12,7.721
25,33,13,7.732
25,33,14,7.740
25,33,15,7.904
25,33,16,7.914
25,33,17,7.921
25,33,18,7.928
25,33,19,8.081
25,33,20,8.091
25,33,21,8.098
25,33,22,8.105
25,33,23,8.214
25,33,24,8.225
25,34,0,5.753
25,34,1,5.437
25,34,2,5.579
25,34,3,5.591
25,34,4,5.735
25,34,5,5.900
25,34,6,5.746
25,34,7,5.833
25,34,8,5.839
25,34,9,5.843
25,34,10,5.905
25,34,11,5.938
25,34,12,5.967
25,34,13,6.137
25,34,14,6.237
25,34,15,6.345
25,34,16,6.355
25,34,17,6.452
25,34,18,6.462
25,34,19,6.557
25,34,20,6.567
25,34,21,6.658
25,34,22,6.668
25,34,23,6.748
25,34,24,6.757
25,35,0,6.459
25,35,1,6.134
25,35,2,6.286
25,35,3,6.298
25,35,4,6.440
25,35,5,6.612
25,35,6,6.451
25,35,7,6.544
25,35,8,6.550
25,35,9,6.555
25,35,10,6.618
25,35,11,6.669
25,35,12,6.675
25,35,13,6.709
25,35,14,6.737
25,35,15,6.826
25,35,16,6.860
25,35,17,6.900
25,35,18,6.957
25,35,19,6.994
25,35,20,7.067
25,35,21,7.135
25,35,22,7.184
25,35,23,7.248
25,35,24,7.284
25,36,0,5.592
25,36,1,5.344
25,36,2,5.387
25,36,3,5.418
25,36,4,5.489
25,36,5,5.768
25,36,6,5.527
25,36,7,5.640
25,36,8,5.675
25,36,9,5.733
25,36,10,5.831
25,36,11,5.882
25,36,12,5.944
25,36,13,5.980
25,36,14,6.043
25,36,15,6.100
25,36,16,6.157
25,36,17,6.214
25,36,18,6.250
25,36,19,6.313
25,36,20,6.370
25,36,21,6.415
25,36,22,6.476
25,36,23,6.532
25,36,24,6.803
25,37,0,6.260
25,37,1,5.876
25,37,2,5.954
25,37,3,6.012
25,37,4,6.081
25,37,5,7.100
25,37,6,6.192
25,37,7,6.498
25,37,8,6.697
25,37,9,6.716
25,37,10,7.118
25,37,11,7.131
25,37,12,7.143
25,37,13,7.473
25,37,14,7.481
25,37,15,7.486
25,37,16,7.490
25,37,17,7.494
25,37,18,7.498
25,37,19,7.504
25,37,20,7.609
25,37,21,7.615
25,37,22,7.618
25,37,23,7.622
25,37,24,7.626
25,38,0,5.261
25,38,1,5.007
25,38,2,5.045
25,38,3,5.092
25,38,4,5.166
25,38,5,5.486
25,38,6,5.206
25,38,7,5.325
25,38,8,5.361
25,38,9,5.428
25,38,10,5.536
25,38,11,5.597
25,38,12,5.630
25,38,13,5.693
25,38,14,5.728
25,38,15,5.789
25,38,16,5.838
25,38,17,5.899
25,38,18,5.933
25,38,19,5.995
25,38,20,6.044
25,38,21,6.094
25,38,22,6.147
25,38,23,6.180
25,38,24,6.241
25,39,0,6.810
25,39,1,6.436
25,39,2,6.482
25,39,3,6.516
25,39,4,6.677
25,39,5,7.083
25,39,6,6.798
25,39,7,6.921
25,39,8,6.931
25,39,9,7.073
25,39,10,7.091
25,39,11,7.189
25,39,12,7.198
25,39,13,7.316
25,39,14,7.326
25,39,15,7.333
25,39,16,7.416
25,39,17,7.421
25,39,18,7.469
25,39,19,7.474
25,39,20,7.504
25,39,21,7.533
25,39,22,7.559
25,39,23,7.711
25,39,24,7.774
25,40,0,5.882
25,40,1,5.661
25,40,2,5.708
25,40,3,5.745
25,40,4,5.777
25,40,5,6.092
25,40,6,5.841
25,40,7,5.951
25,40,8,5.990
25,40,9,6.061
25,40,10,6.157
25,40,11,6.194
25,40,12,6.261
25,40,13,6.298
25,40,14,6.363
25,40,15,6.423
25,40,16,6.474
25,40,17,6.543
25,40,18,6.572
25,40,19,6.638
25,40,20,6.674
25,40,21,6.738
25,40,22,6.773
25,40,23,6.849
25,40,24,6.878
25,41,0,5.724
25,41,1,5.500
25,41,2,5.542
25,41,3,5.579
25,41,4,5.618
25,41,5,5.959
25,41,6,5.679
25,41,7,5.794
25,41,8,5.846
25,41,9,5.897
25,41,10,5.994
25,41,11,6.055
25,41,12,6.114
25,41,13,6.171
25,41,14,6.228
25,41,15,6.263
25,41,16,6.324
25,41,17,6.388
25,41,18,6.511
25,41,19,6.594
25,41,20,6.651
25,41,21,6.702
25,41,22,6.781
25,41,23,6.809
25,41,24,6.843
25,42,0,5.807
25,42,1,5.465
25,42,2,5.580
25,42,3,5.591
25,42,4,5.687
25,42,5,5.891
25,42,6,5.696
25,42,7,5.813
25,42,8,5.881
25,42,9,5.886
25,42,10,5.920
25,42,11,5.950
25,42,12,5.977
25,42,13,6.209
25,42,14,6.223
25,42,15,6.361
25,42,16,6.371
25,42,17,6.378
25,42,18,6.523
25,42,19,6.532
25,42,20,6.539
25,42,21,6.678
25,42,22,6.687
25,42,23,6.695
25,42,24,6.702
25,43,0,5.733
25,43,1,5.521
25,43,2,5.565
25,43,3,5.597
25,43,4,5.635
25,43,5,5.951
25,43,6,5.696
25,43,7,5.810
25,43,8,5.847
25,43,9,5.914
25,43,10,6.015
25,43,11,6.060
25,43,12,6.133
25,43,13,6.163
25,43,14,6.226
25,43,15,6.271
25,43,16,6.362
25,43,17,6.401
25,43,18,6.432
25,43,19,6.498
25,43,20,6.545
25,43,21,6.611
25,43,22,6.648
25,43,23,6.713
25,43,24,6.748
25,44,0,5.805
25,44,1,5.560
25,44,2,5.605
25,44,3,5.639
25,44,4,5.678
25,44,5,6.018
25,44,6,5.738
25,44,7,5.843
25,44,8,5.911
25,44,9,5.966
25,44,10,6.069
25,44,11,6.146
25,44,12,6.182
25,44,13,6.232
25,44,14,6.275
25,44,15,6.337
25,44,16,6.372
25,44,17,6.443
25,44,18,6.478
25,44,19,6.535
25,44,20,6.571
25,44,21,6.634
25,44,22,6.669
25,44,23,6.730
25,44,24,6.764
25,45,0,6.517
25,45,1,6.279
25,45,2,6.326
25,45,3,6.360
25,45,4,6.401
25,45,5,6.727
25,45,6,6.484
25,45,7,6.573
25,45,8,6.618
25,45,9,6.691
25,45,10,6.799
25,45,11,6.870
25,45,12,6.930
25,45,13,6.966
25,45,14,7.029
25,45,15,7.081
25,45,16,7.134
25,45,17,7.186
25,45,18,7.236
25,45,19,7.297
25,45,20,7.339
25,45,21,7.400
25,45,22,7.434
25,45,23,7.504
25,45,24,7.538
25,46,0,7.052
25,46,1,6.842
25,46,2,6.896
25,46,3,6.944
25,46,4,6.980
25,46,5,7.271
25,46,6,7.012
25,46,7,7.123
25,46,8,7.163
25,46,9,7.231
25,46,10,7.357
25,46,11,7.396
25,46,12,7.435
25,46,13,7.529
25,46,14,7.576
25,46,15,7.609
25,46,16,7.649
25,46,17,7.734
25,46,18,7.767
25,46,19,7.805
25,46,20,7.888
25,46,21,7.922
25,46,22,7.960
25,46,23,8.127
25,46,24,8.197
25,47,0,6.305
25,47,1,6.108
25,47,2,6.160
25,47,3,6.201
25,47,4,6.238
25,47,5,6.524
25,47,6,6.273
25,47,7,6.403
25,47,8,6.450
25,47,9,6.484
25,47,10,6.611
25,47,11,6.659
25,47,12,6.698
25,47,13,6.768
25,47,14,6.806
25,47,15,6.896
25,47,16,6.943
25,47,17,6.988
25,47,18,7.043
25,47,19,7.082
25,47,20,7.112
25,47,21,7.203
25,47,22,7.244
25,47,23,7.275
25,47,24,7.312
25,48,0,7.820
25,48,1,7.623
25,48,2,7.674
25,48,3,7.713
25,48,4,7.749
25,48,5,8.062
25,48,6,7.780
25,48,7,7.889
25,48,8,7.948
25,48,9,8.001
25,48,10,8.104
25,48,11,8.197
25,48,12,8.241
25,48,13,8.275
25,48,14,8.315
25,48,15,8.375
25,48,16,8.414
25,48,17,8.479
25,48,18,8.532
25,48,19,8.692
25,48,20,8.815
25,48,21,8.827
25,48,22,8.923
25,48,23,8.934
25,48,24,8.971
25,49,0,7.054
25,49,1,6.603
25,49,2,6.650
25,49,3,6.716
25,49,4,6.842
25,49,5,7.428
25,49,6,6.964
25,49,7,7.142
25,49,8,7.255
25,49,9,7.356
25,49,10,7.500
25,49,11,7.586
25,49,12,7.658
25,49,13,7.750
25,49,14,7.784
25,49,15,7.876
25,49,16,7.919
25,49,17,7.954
25,49,18,7.996
25,49,19,8.067
25,49,20,8.107
25,49,21,8.196
25,49,22,8.241
25,49,23,8.274
25,49,24,8.315
25,50,0,6.492
25,50,1,6.176
25,50,2,6.345
25,50,3,6.354
25,50,4,6.480
25,50,5,6.619
25,50,6,6.487
25,50,7,6.496
25,50,8,6.558
25,50,9,6.565
25,50,10,6.625
25,50,11,6.655
25,50,12,6.694
25,50,13,6.776
25,50,14,6.822
25,50,15,6.861
25,50,16,6.928
25,50,17,7.071
25,50,18,7.191
25,50,19,7.202
25,50,20,7.330
25,50,21,7.337
25,50,22,7.424
25,50,23,7.430
25,50,24,7.435
25,51,0,7.102
25,51,1,6.849
25,51,2,6.899
25,51,3,6.939
25,51,4,6.971
25,51,5,7.328
25,51,6,7.010
25,51,7,7.143
25,51,8,7.187
25,51,9,7.247
25,51,10,7.368
25,51,11,7.410
25,51,12,7.489
25,51,13,7.526
25,51,14,7.563
25,51,15,7.626
25,51,16,7.684
25,51,17,7.724
25,51,18,7.784
25,51,19,7.845
25,51,20,7.884
25,51,21,7.954
25,51,22,7.992
25,51,23,8.074
25,51,24,8.113
25,52,0,6.567
25,52,1,6.306
25,52,2,6.368
25,52,3,6.409
25,52,4,6.445
25,52,5,6.864
25,52,6,6.478
25,52,7,6.601
25,52,8,6.642
25,52,9,6.713
25,52,10,6.985
25,52,11,6.997
25,52,12,7.105
25,52,13,7.116
25,52,14,7.252
25,52,15,7.263
25,52,16,7.271
25,52,17,7.406
25,52,18,7.416
25,52,19,7.424
25,52,20,7.576
25,52,21,7.587
25,52,22,7.596
25,52,23,7.682
25,52,24,7.693
25,53,0,6.447
25,53,1,6.257
25,53,2,6.329
25,53,3,6.336
25,53,4,6.373
25,53,5,6.915
25,53,6,6.406
25,53,7,6.627
25,53,8,6.760
25,53,9,6.772
25,53,10,6.926
25,53,11,6.933
25,53,12,7.009
25,53,13,7.015
25,53,14,7.020
25,53,15,7.070
25,53,16,7.076
25,53,17,7.147
25,53,18,7.201
25,53,19,7.208
25,53,20,7.245
25,53,21,7.282
25,53,22,7.345
25,53,23,7.426
25,53,24,7.462
25,54,0,6.437
25,54,1,6.234
25,54,2,6.297
25,54,3,6.360
25,54,4,6.367
25,54,5,6.670
25,54,6,6.404
25,54,7,6.477
25,54,8,6.546
25,54,9,6.621
25,54,10,6.711
25,54,11,6.781
25,54,12,6.826
25,54,13,6.898
25,54,14,6.940
25,54,15,6.996
25,54,16,7.063
25,54,17,7.131
25,54,18,7.189
25,54,19,7.257
25,54,20,7.305
25,54,21,7.346
25,54,22,7.380
25,54,23,7.422
25,54,24,7.498
25,55,0,7.821
25,55,1,7.631
25,55,2,7.706
25,55,3,7.712
25,55,4,7.750
25,55,5,8.051
25,55,6,7.788
25,55,7,7.893
25,55,8,7.936
25,55,9,7.978
25,55,10,8.093
25,55,11,8.150
25,55,12,8.190
25,55,13,8.261
25,55,14,8.303
25,55,15,8.359
25,55,16,8.397
25,55,17,8.464
25,55,18,8.501
25,55,19,8.565
25,55,20,8.602
25,55,21,8.668
25,55,22,8.705
25,55,23,8.770
25,55,24,8.817
25,56,0,8.995
25,56,1,8.674
25,56,2,8.724
25,56,3,8.810
25,56,4,8.878
25,56,5,9.243
25,56,6,8.922
25,56,7,9.034
25,56,8,9.102
25,56,9,9.140
25,56,10,9.296
25,56,11,9.346
25,56,12,9.389
25,56,13,9.550
25,56,14,9.681
25,56,15,9.694
25,56,16,9.842
25,56,17,9.852
25,56,18,9.861
25,56,19,9.996
25,56,20,10.007
25,56,21,10.015
25,56,22,10.130
25,56,23,10.140
25,56,24,10.149
25,57,0,8.153
25,57,1,7.761
25,57,2,7.824
25,57,3,7.865
25,57,4,7.954
25,57,5,8.536
25,57,6,8.053
25,57,7,8.263
25,57,8,8.368
25,57,9,8.449
25,57,10,8.604
25,57,11,8.725
25,57,12,8.781
25,57,13,8.827
25,57,14,8.871
25,57,15,8.916
25,57,16,8.957
25,57,17,9.008
25,57,18,9.054
25,57,19,9.101
25,57,20,9.156
25,57,21,9.311
25,57,22,9.430
25,57,23,9.441
25,57,24,9.495
25,58,0,6.567
25,58,1,6.355
25,58,2,6.405
25,58,3,6.446
25,58,4,6.483
25,58,5,6.839
25,58,6,6.523
25,58,7,6.643
25,58,8,6.683
25,58,9,6.744
25,58,10,6.881
25,58,11,6.914
25,58,12,6.952
25,58,13,7.014
25,58,14,7.061
25,58,15,7.120
25,58,16,7.159
25,58,17,7.222
25,58,18,7.270
25,58,19,7.330
25,58,20,7.370
25,58,21,7.432
25,58,22,7.479
25,58,23,7.537
25,58,24,7.576
25,59,0,5.736
25,59,1,5.497
25,59,2,5.536
25,59,3,5.575
25,59,4,5.634
25,59,5,5.949
25,59,6,5.671
25,59,7,5.774
25,59,8,5.838
25,59,9,5.874
25,59,10,5.980
25,59,11,6.013
25,59,12,6.085
25,59,13,6.126
25,59,14,6.199
25,59,15,6.226
25,59,16,6.278
25,59,17,6.328
25,59,18,6.361
25,59,19,6.422
25,59,20,6.456
25,59,21,6.517
25,59,22,6.550
25,59,23,6.611
25,59,24,6.645
25,60,0,5.907
25,60,1,5.611
25,60,2,5.759
25,60,3,5.771
25,60,4,5.896
25,60,5,6.021
25,60,6,5.902
25,60,7,5.978
25,60,8,5.984
25,60,9,5.988
25,60,10,6.054
25,60,11,6.086
25,60,12,6.114
25,60,13,6.186
25,60,14,6.224
25,60,15,6.285
25,60,16,6.338
25,60,17,6.393
25,60,18,6.444
25,60,19,6.498
25,60,20,6.653
25,60,21,6.775
25,60,22,6.786
25,60,23,6.878
25,60,24,6.888
25,61,0,5.033
25,61,1,4.761
25,61,2,4.800
25,61,3,4.839
25,61,4,4.904
25,61,5,5.216
25,61,6,4.962
25,61,7,5.070
25,61,8,5.132
25,61,9,5.180
25,61,10,5.275
25,61,11,5.311
25,61,12,5.370
25,61,13,5.522
25,61,14,5.648
25,61,15,5.659
25,61,16,5.797
25,61,17,5.807
25,61,18,5.814
25,61,19,5.945
25,61,20,5.955
25,61,21,5.963
25,61,22,6.073
25,61,23,6.082
25,61,24,6.089
25,62,0,5.613
25,62,1,5.337
25,62,2,5.381
25,62,3,5.418
25,62,4,5.447
25,62,5,5.859
25,62,6,5.508
25,62,7,5.653
25,62,8,5.701
25,62,9,5.786
25,62,10,5.918
25,62,11,5.972
25,62,12,6.028
25,62,13,6.082
25,62,14,6.137
25,62,15,6.290
25,62,16,6.417
25,62,17,6.428
25,62,18,6.525
25,62,19,6.535
25,62,20,6.639
25,62,21,6.649
25,62,22,6.793
25,62,23,6.803
25,62,24,6.811
25,63,0,5.413
25,63,1,5.174
25,63,2,5.211
25,63,3,5.249
25,63,4,5.311
25,63,5,5.748
25,63,6,5.354
25,63,7,5.545
25,63,8,5.648
25,63,9,5.658
25,63,10,5.758
25,63,11,5.868
25,63,12,5.878
25,63,13,5.977
25,63,14,5.987
25,63,15,6.111
25,63,16,6.120
25,63,17,6.127
25,63,18,6.246
25,63,19,6.255
25,63,20,6.263
25,63,21,6.375
25,63,22,6.384
25,63,23,6.390
25,63,24,6.436
25,64,0,5.744
25,64,1,5.313
25,64,2,5.362
25,64,3,5.540
25,64,4,5.626
25,64,5,5.988
25,64,6,5.733
25,64,7,5.870
25,64,8,5.880
25,64,9,5.978
25,64,10,6.080
25,64,11,6.088
25,64,12,6.208
25,64,13,6.218
25,64,14,6.370
25,64,15,6.381
25,64,16,6.388
25,64,17,6.518
25,64,18,6.527
25,64,19,6.534
25,64,20,6.655
25,64,21,6.664
25,64,22,6.672
25,64,23,6.749
25,64,24,6.758
25,65,0,6.229
25,65,1,5.960
25,65,2,5.998
25,65,3,6.037
25,65,4,6.117
25,65,5,6.432
25,65,6,6.172
25,65,7,6.282
25,65,8,6.333
25,65,9,6.371
25,65,10,6.483
25,65,11,6.532
25,65,12,6.586
25,65,13,6.635
25,65,14,6.686
25,65,15,6.739
25,65,16,6.790
25,65,17,6.850
25,65,18,6.902
25,65,19,6.951
25,65,20,6.999
25,65,21,7.041
25,65,22,7.093
25,65,23,7.148
25,65,24,7.181
25,66,0,6.065
25,66,1,5.857
25,66,2,5.899
25,66,3,5.930
25,66,4,5.968
25,66,5,6.280
25,66,6,6.028
25,66,7,6.128
25,66,8,6.178
25,66,9,6.230
25,66,10,6.331
25,66,11,6.381
25,66,12,6.430
25,66,13,6.480
25,66,14,6.534
25,66,15,6.587
25,66,16,6.762
25,66,17,6.853
25,66,18,6.983
25,66,19,7.113
25,66,20,7.126
25,66,21,7.193
25,66,22,7.247
25,66,23,7.317
25,66,24,7.445
25,67,0,5.781
25,67,1,5.546
25,67,2,5.586
25,67,3,5.627
25,67,4,5.700
25,67,5,6.013
25,67,6,5.741
25,67,7,5.849
25,67,8,5.909
25,67,9,5.946
25,67,10,6.050
25,67,11,6.116
25,67,12,6.152
25,67,13,6.216
25,67,14,6.270
25,67,15,6.306
25,67,16,6.372
25,67,17,6.408
25,67,18,6.470
25,67,19,6.513
25,67,20,6.548
25,67,21,6.617
25,67,22,6.647
25,67,23,6.680
25,67,24,6.742
25,68,0,5.227
25,68,1,5.011
25,68,2,5.055
25,68,3,5.088
25,68,4,5.126
25,68,5,5.455
25,68,6,5.190
25,68,7,5.294
25,68,8,5.348
25,68,9,5.400
25,68,10,5.510
25,68,11,5.563
25,68,12,5.615
25,68,13,5.665
25,68,14,5.722
25,68,15,5.757
25,68,16,5.817
25,68,17,5.867
25,68,18,5.917
25,68,19,5.967
25,68,20,6.017
25,68,21,6.066
25,68,22,6.116
25,68,23,6.165
25,68,24,6.217
25,69,0,6.408
25,69,1,6.193
25,69,2,6.237
25,69,3,6.269
25,69,4,6.307
25,69,5,6.632
25,69,6,6.370
25,69,7,6.468
25,69,8,6.524
25,69,9,6.577
25,69,10,6.684
25,69,11,6.735
25,69,12,6.790
25,69,13,6.840
25,69,14,6.892
25,69,15,6.942
25,69,16,6.991
25,69,17,7.041
25,69,18,7.091
25,69,19,7.143
25,69,20,7.199
25,69,21,7.235
25,69,22,7.290
25,69,23,7.339
25,69,24,7.388
25,70,0,5.820
25,70,1,5.587
25,70,2,5.630
25,70,3,5.661
25,70,4,5.700
25,70,5,6.027
25,70,6,5.764
25,70,7,5.879
25,70,8,5.917
25,70,9,5.975
25,70,10,6.078
25,70,11,6.130
25,70,12,6.298
25,70,13,6.422
25,70,14,6.433
25,70,15,6.590
25,70,16,6.600
25,70,17,6.607
25,70,18,6.736
25,70,19,6.746
25,70,20,6.754
25,70,21,6.871
25,70,22,6.880
25,70,23,6.887
25,70,24,6.934
25,71,0,6.331
25,71,1,6.080
25,71,2,6.124
25,71,3,6.157
25,71,4,6.218
25,71,5,6.575
25,71,6,6.273
25,71,7,6.369
25,71,8,6.435
25,71,9,6.473
25,71,10,6.609
25,71,11,6.636
25,71,12,6.669
25,71,13,6.733
25,71,14,6.770
25,71,15,6.839
25,71,16,6.869
25,71,17,6.921
25,71,18,7.158
25,71,19,7.172
25,71,20,7.307
25,71,21,7.318
25,71,22,7.325
25,71,23,7.420
25,71,24,7.430
25,72,0,5.492
25,72,1,5.204
25,72,2,5.243
25,72,3,5.292
25,72,4,5.362
25,72,5,5.705
25,72,6,5.427
25,72,7,5.551
25,72,8,5.605
25,72,9,5.649
25,72,10,5.880
25,72,11,6.005
25,72,12,6.016
25,72,13,6.160
25,72,14,6.172
25,72,15,6.180
25,72,16,6.333
25,72,17,6.343
25,72,18,6.350
25,72,19,6.514
25,72,20,6.524
25,72,21,6.532
25,72,22,6.538
25,72,23,6.615
25,72,24,6.624
25,73,0,5.477
25,73,1,5.258
25,73,2,5.302
25,73,3,5.333
25,73,4,5.371
25,73,5,5.680
25,73,6,5.438
25,73,7,5.537
25,73,8,5.574
25,73,9,5.636
25,73,10,5.735
25,73,11,5.787
25,73,12,5.838
25,73,13,5.887
25,73,14,5.926
25,73,15,5.985
25,73,16,6.025
25,73,17,6.081
25,73,18,6.119
25,73,19,6.174
25,73,20,6.210
25,73,21,6.272
25,73,22,6.307
25,73,23,6.365
25,73,24,6.408
25,74,0,5.821
25,74,1,5.500
25,74,2,5.654
25,74,3,5.666
25,74,4,5.803
25,74,5,6.106
25,74,6,5.814
25,74,7,5.961
25,74,8,5.970
25,74,9,5.977
25,74,10,6.115
25,74,11,6.122
25,74,12,6.247
25,74,13,6.256
25,74,14,6.263
25,74,15,6.442
25,74,16,6.452
25,74,17,6.460
25,74,18,6.587
25,74,19,6.593
25,74,20,6.596
25,74,21,6.603
25,74,22,6.679
25,74,23,6.684
25,74,24,6.688
25,75,0,5.229
25,75,1,5.062
25,75,2,5.126
25,75,3,5.132
25,75,4,5.167
25,75,5,5.599
25,75,6,5.201
25,75,7,5.264
25,75,8,5.458
25,75,9,5.587
25,75,10,5.742
25,75,11,5.753
25,75,12,5.760
25,75,13,5.892
25,75,14,5.902
25,75,15,5.910
25,75,16,6.038
25,75,17,6.048
25,75,18,6.056
25,75,19,6.182
25,75,20,6.191
25,75,21,6.198
25,75,22,6.260
25,75,23,6.274
25,75,24,6.278
25,76,0,5.457
25,76,1,5.078
25,76,2,5.132
25,76,3,5.166
25,76,4,5.206
25,76,5,5.743
25,76,6,5.442
25,76,7,5.595
25,76,8,5.605
25,76,9,5.613
25,76,10,5.753
25,76,11,5.760
25,76,12,5.895
25,76,13,5.905
25,76,14,5.913
25,76,15,6.061
25,76,16,6.070
25,76,17,6.077
25,76,18,6.252
25,76,19,6.266
25,76,20,6.276
25,76,21,6.282
25,76,22,6.347
25,76,23,6.352
25,76,24,6.356
25,77,0,5.167
25,77,1,4.923
25,77,2,4.966
25,77,3,4.998
25,77,4,5.061
25,77,5,5.366
25,77,6,5.099
25,77,7,5.204
25,77,8,5.267
25,77,9,5.302
25,77,10,5.416
25,77,11,5.466
25,77,12,5.529
25,77,13,5.563
25,77,14,5.618
25,77,15,5.655
25,77,16,5.715
25,77,17,5.749
25,77,18,5.810
25,77,19,5.843
25,77,20,5.904
25,77,21,5.938
25,77,22,5.998
25,77,23,6.033
25,77,24,6.086
25,78,0,5.628
25,78,1,5.277
25,78,2,5.318
25,78,3,5.360
25,78,4,5.419
25,78,5,5.892
25,78,6,5.476
25,78,7,5.765
25,78,8,5.775
25,78,9,5.883
25,78,10,6.050
25,78,11,6.060
25,78,12,6.067
25,78,13,6.197
25,78,14,6.207
25,78,15,6.215
25,78,16,6.341
25,78,17,6.350
25,78,18,6.357
25,78,19,6.456
25,78,20,6.462
25,78,21,6.465
25,78,22,6.512
25,78,23,6.517
25,78,24,6.541
25,79,0,5.588
25,79,1,5.356
25,79,2,5.395
25,79,3,5.434
25,79,4,5.490
25,79,5,5.981
25,79,6,5.526
25,79,7,5.820
25,79,8,5.834
25,79,9,5.971
25,79,10,5.989
25,79,11,6.119
25,79,12,6.129
25,79,13,6.136
25,79,14,6.280
25,79,15,6.285
25,79,16,6.289
25,79,17,6.292
25,79,18,6.355
25,79,19,6.360
25,79,20,6.364
25,79,21,6.409
25,79,22,6.413
25,79,23,6.443
25,79,24,6.470
25,80,0,5.720
25,80,1,5.491
25,80,2,5.536
25,80,3,5.568
25,80,4,5.606
25,80,5,5.937
25,80,6,5.654
25,80,7,5.758
25,80,8,5.829
25,80,9,5.883
25,80,10,5.988
25,80,11,6.041
25,80,12,6.095
25,80,13,6.148
25,80,14,6.192
25,80,15,6.252
25,80,16,6.308
25,80,17,6.347
25,80,18,6.406
25,80,19,6.443
25,80,20,6.505
25,80,21,6.542
25,80,22,6.604
25,80,23,6.645
25,80,24,6.704
25,81,0,5.725
25,81,1,5.489
25,81,2,5.535
25,81,3,5.567
25,81,4,5.607
25,81,5,5.950
25,81,6,5.680
25,81,7,5.769
25,81,8,5.838
25,81,9,5.877
25,81,10,5.978
25,81,11,6.043
25,81,12,6.081
25,81,13,6.152
25,81,14,6.185
25,81,15,6.424
25,81,16,6.439
25,81,17,6.588
25,81,18,6.599
25,81,19,6.606
25,81,20,6.759
25,81,21,6.769
25,81,22,6.777
25,81,23,6.783
25,81,24,6.847
25,82,0,6.954
25,82,1,6.582
25,82,2,6.766
25,82,3,6.778
25,82,4,6.786
25,82,5,7.156
25,82,6,6.943
25,82,7,6.962
25,82,8,7.137
25,82,9,7.148
25,82,10,7.163
25,82,11,7.345
25,82,12,7.355
25,82,13,7.364
25,82,14,7.371
25,82,15,7.513
25,82,16,7.519
25,82,17,7.525
25,82,18,7.529
25,82,19,7.612
25,82,20,7.619
25,82,21,7.623
25,82,22,7.693
25,82,23,7.699
25,82,24,7.703
25,83,0,5.538
25,83,1,5.296
25,83,2,5.340
25,83,3,5.373
25,83,4,5.432
25,83,5,5.878
25,83,6,5.470
25,83,7,5.680
25,83,8,5.762
25,83,9,5.868
25,83,10,5.981
25,83,11,5.990
25,83,12,6.110
25,83,13,6.120
25,83,14,6.127
25,83,15,6.226
25,83,16,6.235
25,83,17,6.361
25,83,18,6.370
25,83,19,6.378
25,83,20,6.498
25,83,21,6.507
25,83,22,6.514
25,83,23,6.591
25,83,24,6.599
25,84,0,6.157
25,84,1,5.850
25,84,2,5.980
25,84,3,5.987
25,84,4,6.056
25,84,5,6.281
25,84,6,6.063
25,84,7,6.165
25,84,8,6.203
25,84,9,6.237
25,84,10,6.317
25,84,11,6.351
25,84,12,6.389
25,84,13,6.488
25,84,14,6.533
25,84,15,6.565
25,84,16,6.723
25,84,17,6.857
25,84,18,6.868
25,84,19,7.013
25,84,20,7.024
25,84,21,7.032
25,84,22,7.262
25,84,23,7.277
25,84,24,7.287
25,85,0,6.036
25,85,1,5.787
25,85,2,5.827
25,85,3,5.868
25,85,4,5.929
25,85,5,6.260
25,85,6,5.969
25,85,7,6.075
25,85,8,6.148
25,85,9,6.193
25,85,10,6.296
25,85,11,6.359
25,85,12,6.401
25,85,13,6.457
25,85,14,6.514
25,85,15,6.556
25,85,16,6.622
25,85,17,6.658
25,85,18,6.721
25,85,19,6.764
25,85,20,6.803
25,85,21,6.874
25,85,22,6.907
25,85,23,6.943
25,85,24,7.009
25,86,0,6.322
25,86,1,6.101
25,86,2,6.146
25,86,3,6.183
25,86,4,6.215
25,86,5,6.534
25,86,6,6.282
25,86,7,6.380
25,86,8,6.418
25,86,9,6.490
25,86,10,6.596
25,86,11,6.630
25,86,12,6.694
25,86,13,6.746
25,86,14,6.799
25,86,15,6.887
25,86,16,6.928
25,86,17,6.960
25,86,18,7.021
25,86,19,7.097
25,86,20,7.135
25,86,21,7.202
25,86,22,7.256
25,86,23,7.314
25,86,24,7.351
25,87,0,6.316
25,87,1,6.094
25,87,2,6.138
25,87,3,6.170
25,87,4,6.209
25,87,5,6.526
25,87,6,6.270
25,87,7,6.373
25,87,8,6.425
25,87,9,6.475
25,87,10,6.578
25,87,11,6.632
25,87,12,6.685
25,87,13,6.736
25,87,14,6.788
25,87,15,6.841
25,87,16,6.892
25,87,17,6.944
25,87,18,6.996
25,87,19,7.047
25,87,20,7.102
25,87,21,7.154
25,87,22,7.208
25,87,23,7.260
25,87,24,7.314
25,88,0,6.277
25,88,1,5.963
25,88,2,6.096
25,88,3,6.115
25,88,4,6.259
25,88,5,6.574
25,88,6,6.269
25,88,7,6.413
25,88,8,6.423
25,88,9,6.430
25,88,10,6.583
25,88,11,6.590
25,88,12,6.714
25,88,13,6.719
25,88,14,6.724
25,88,15,6.794
25,88,16,6.799
25,88,17,6.804
25,88,18,6.852
25,88,19,6.857
25,88,20,6.884
25,88,21,7.043
25,88,22,7.164
25,88,23,7.175
25,88,24,7.228
25,89,0,5.534
25,89,1,5.286
25,89,2,5.324
25,89,3,5.362
25,89,4,5.427
25,89,5,5.736
25,89,6,5.481
25,89,7,5.594
25,89,8,5.631
25,89,9,5.684
25,89,10,5.786
25,89,11,5.840
25,89,12,5.899
25,89,13,5.953
25,89,14,6.008
25,89,15,6.056
25,89,16,6.107
25,89,17,6.158
25,89,18,6.208
25,89,19,6.257
25,89,20,6.307
25,89,21,6.356
25,89,22,6.409
25,89,23,6.460
25,89,24,6.511
25,90,0,5.801
25,90,1,5.463
25,90,2,5.604
25,90,3,5.615
25,90,4,5.717
25,90,5,5.877
25,90,6,5.722
25,90,7,5.807
25,90,8,5.811
25,90,9,5.846
25,90,10,5.914
25,90,11,6.081
25,90,12,6.201
25,90,13,6.215
25,90,14,6.321
25,90,15,6.331
25,90,16,6.466
25,90,17,6.476
25,90,18,6.483
25,90,19,6.619
25,90,20,6.628
25,90,21,6.635
25,90,22,6.745
25,90,23,6.754
25,90,24,6.762
25,91,0,5.896
25,91,1,5.495
25,91,2,5.535
25,91,3,5.575
25,91,4,5.640
25,91,5,6.198
25,91,6,5.882
25,91,7,6.041
25,91,8,6.052
25,91,9,6.060
25,91,10,6.207
25,91,11,6.214
25,91,12,6.382
25,91,13,6.393
25,91,14,6.399
25,91,15,6.405
25,91,16,6.526
25,91,17,6.531
25,91,18,6.535
25,91,19,6.539
25,91,20,6.605
25,91,21,6.610
25,91,22,6.614
25,91,23,6.656
25,91,24,6.662
25,92,0,5.260
25,92,1,5.036
25,92,2,5.079
25,92,3,5.111
25,92,4,5.148
25,92,5,5.635
25,92,6,5.222
25,92,7,5.508
25,92,8,5.623
25,92,9,5.630
25,92,10,5.638
25,92,11,5.693
25,92,12,5.699
25,92,13,5.750
25,92,14,5.755
25,92,15,5.792
25,92,16,5.820
25,92,17,5.852
25,92,18,5.913
25,92,19,5.962
25,92,20,6.126
25,92,21,6.276
25,92,22,6.288
25,92,23,6.375
25,92,24,6.384
25,93,0,5.747
25,93,1,5.522
25,93,2,5.568
25,93,3,5.601
25,93,4,5.640
25,93,5,5.963
25,93,6,5.707
25,93,7,5.808
25,93,8,5.863
25,93,9,5.901
25,93,10,6.054
25,93,11,6.088
25,93,12,6.117
25,93,13,6.171
25,93,14,6.222
25,93,15,6.272
25,93,16,6.326
25,93,17,6.378
25,93,18,6.430
25,93,19,6.482
25,93,20,6.535
25,93,21,6.587
25,93,22,6.637
25,93,23,6.693
25,93,24,6.752
25,94,0,5.994
25,94,1,5.757
25,94,2,5.800
25,94,3,5.831
25,94,4,5.896
25,94,5,6.409
25,94,6,5.935
25,94,7,6.239
25,94,8,6.253
25,94,9,6.398
25,94,10,6.417
25,94,11,6.563
25,94,12,6.578
25,94,13,6.585
25,94,14,6.716
25,94,15,6.722
25,94,16,6.725
25,94,17,6.805
25,94,18,6.811
25,94,19,6.815
25,94,20,6.863
25,94,21,6.868
25,94,22,6.897
25,94,23,6.928
25,94,24,6.954
25,95,0,5.817
25,95,1,5.594
25,95,2,5.640
25,95,3,5.678
25,95,4,5.708
25,95,5,6.037
25,95,6,5.757
25,95,7,5.884
25,95,8,5.936
25,95,9,6.000
25,95,10,6.099
25,95,11,6.149
25,95,12,6.212
25,95,13,6.251
25,95,14,6.312
25,95,15,6.349
25,95,16,6.410
25,95,17,6.447
25,95,18,6.510
25,95,19,6.544
25,95,20,6.606
25,95,21,6.641
25,95,22,6.703
25,95,23,6.736
25,95,24,6.798
25,96,0,5.246
25,96,1,4.859
25,96,2,4.897
25,96,3,4.936
25,96,4,4.995
25,96,5,5.541
25,96,6,5.232
25,96,7,5.388
25,96,8,5.399
25,96,9,5.406
25,96,10,5.558
25,96,11,5.565
25,96,12,5.701
25,96,13,5.707
25,96,14,5.711
25,96,15,5.716
25,96,16,5.782
25,96,17,5.787
25,96,18,5.790
25,96,19,5.836
25,96,20,5.841
25,96,21,5.870
25,96,22,5.895
25,96,23,6.036
25,96,24,6.110
25,97,0,6.361
25,97,1,6.136
25,97,2,6.183
25,97,3,6.216
25,97,4,6.255
25,97,5,6.579
25,97,6,6.321
25,97,7,6.423
25,97,8,6.464
25,97,9,6.526
25,97,10,6.641
25,97,11,6.699
25,97,12,6.752
25,97,13,6.813
25,97,14,6.850
25,97,15,6.905
25,97,16,6.957
25,97,17,7.009
25,97,18,7.061
25,97,19,7.120
25,97,20,7.156
25,97,21,7.213
25,97,22,7.250
25,97,23,7.310
25,97,24,7.361
25,98,0,6.106
25,98,1,5.807
25,98,2,5.887
25,98,3,5.929
25,98,4,5.997
25,98,5,6.277
25,98,6,6.035
25,98,7,6.138
25,98,8,6.174
25,98,9,6.239
25,98,10,6.363
25,98,11,6.398
25,98,12,6.462
25,98,13,6.499
25,98,14,6.563
25,98,15,6.598
25,98,16,6.680
25,98,17,6.726
25,98,18,6.756
25,98,19,6.808
25,98,20,6.894
25,98,21,6.930
25,98,22,6.994
25,98,23,7.029
25,98,24,7.090
25,99,0,5.563
25,99,1,5.330
25,99,2,5.386
25,99,3,5.425
25,99,4,5.456
25,99,5,5.785
25,99,6,5.495
25,99,7,5.602
25,99,8,5.678
25,99,9,5.732
25,99,10,5.838
25,99,11,5.889
25,99,12,5.942
25,99,13,5.993
25,99,14,6.044
25,99,15,6.095
25,99,16,6.146
25,99,17,6.328
25,99,18,6.464
25,99,19,6.475
25,99,20,6.579
25,99,21,6.589
25,99,22,6.702
25,99,23,6.712
25,99,24,6.719
25,100,0,5.644
25,100,1,5.388
25,100,2,5.426
25,100,3,5.474
25,100,4,5.538
25,100,5,5.944
25,100,6,5.578
25,100,7,5.682
25,100,8,5.751
25,100,9,5.789
25,100,10,6.071
25,100,11,6.082
25,100,12,6.236
25,100,13,6.247
25,100,14,6.255
25,100,15,6.387
25,100,16,6.396
25,100,17,6.403
25,100,18,6.528
25,100,19,6.538
25,100,20,6.545
25,100,21,6.663
25,100,22,6.672
25,100,23,6.680
25,100,24,6.729
25,101,0,5.867
25,101,1,5.636
25,101,2,5.681
25,101,3,5.713
25,101,4,5.752
25,101,5,6.076
25,101,6,5.829
25,101,7,5.919
25,101,8,5.972
25,101,9,6.024
25,101,10,6.130
25,101,11,6.167
25,101,12,6.242
25,101,13,6.279
25,101,14,6.359
25,101,15,6.389
25,101,16,6.445
25,101,17,6.500
25,101,18,6.554
25,101,19,6.605
25,101,20,6.671
25,101,21,6.699
25,101,22,6.761
25,101,23,6.796
25,101,24,7.050
25,102,0,5.388
25,102,1,5.138
25,102,2,5.177
25,102,3,5.217
25,102,4,5.278
25,102,5,5.601
25,102,6,5.332
25,102,7,5.441
25,102,8,5.496
25,102,9,5.548
25,102,10,5.652
25,102,11,5.708
25,102,12,5.765
25,102,13,5.823
25,102,14,5.867
25,102,15,5.926
25,102,16,5.977
25,102,17,6.028
25,102,18,6.078
25,102,19,6.129
25,102,20,6.179
25,102,21,6.229
25,102,22,6.291
25,102,23,6.344
25,102,24,6.394
25,103,0,5.620
25,103,1,5.174
25,103,2,5.257
25,103,3,5.347
25,103,4,5.441
25,103,5,6.183
25,103,6,5.530
25,103,7,5.705
25,103,8,5.844
25,103,9,6.106
25,103,10,6.252
25,103,11,6.313
25,103,12,6.378
25,103,13,6.448
25,103,14,6.550
25,103,15,6.560
25,103,16,6.658
25,103,17,6.667
25,103,18,6.758
25,103,19,6.767
25,103,20,6.861
25,103,21,6.870
25,103,22,6.954
25,103,23,6.963
25,103,24,7.009
25,104,0,5.549
25,104,1,5.281
25,104,2,5.321
25,104,3,5.372
25,104,4,5.442
25,104,5,5.758
25,104,6,5.482
25,104,7,5.589
25,104,8,5.655
25,104,9,5.694
25,104,10,5.794
25,104,11,5.857
25,104,12,5.893
25,104,13,5.956
25,104,14,5.992
25,104,15,6.055
25,104,16,6.090
25,104,17,6.152
25,104,18,6.186
25,104,19,6.243
25,104,20,6.278
25,104,21,6.342
25,104,22,6.376
25,104,23,6.433
25,104,24,6.466
25,105,0,5.045
25,105,1,4.826
25,105,2,4.871
25,105,3,4.904
25,105,4,4.943
25,105,5,5.358
25,105,6,5.008
25,105,7,5.141
25,105,8,5.179
25,105,9,5.210
25,105,10,5.487
25,105,11,5.498
25,105,12,5.646
25,105,13,5.656
25,105,14,5.664
25,105,15,5.794
25,105,16,5.803
25,105,17,5.811
25,105,18,5.958
25,105,19,5.968
25,105,20,5.974
25,105,21,5.981
25,105,22,6.085
25,105,23,6.094
25,105,24,6.101
25,106,0,6.007
25,106,1,5.784
25,106,2,5.830
25,106,3,5.868
25,106,4,5.900
25,106,5,6.204
25,106,6,5.940
25,106,7,6.046
25,106,8,6.105
25,106,9,6.142
25,106,10,6.264
25,106,11,6.304
25,106,12,6.366
25,106,13,6.433
25,106,14,6.471
25,106,15,6.535
25,106,16,6.579
25,106,17,6.638
25,106,18,6.680
25,106,19,6.751
25,106,20,6.788
25,106,21,6.971
25,106,22,7.099
25,106,23,7.110
25,106,24,7.169
25,107,0,5.303
25,107,1,5.063
25,107,2,5.102
25,107,3,5.141
25,107,4,5.200
25,107,5,5.704
25,107,6,5.237
25,107,7,5.340
25,107,8,5.460
25,107,9,5.520
25,107,10,5.846
25,107,11,5.857
25,107,12,6.008
25,107,13,6.019
25,107,14,6.033
25,107,15,6.148
25,107,16,6.158
25,107,17,6.279
25,107,18,6.289
25,107,19,6.295
25,107,20,6.390
25,107,21,6.400
25,107,22,6.521
25,107,23,6.526
25,107,24,6.530
25,108,0,6.802
25,108,1,6.591
25,108,2,6.641
25,108,3,6.688
25,108,4,6.727
25,108,5,7.035
25,108,6,6.761
25,108,7,6.874
25,108,8,6.917
25,108,9,6.974
25,108,10,7.098
25,108,11,7.137
25,108,12,7.201
25,108,13,7.248
25,108,14,7.306
25,108,15,7.464
25,108,16,7.590
25,108,17,7.601
25,108,18,7.744
25,108,19,7.755
25,108,20,7.763
25,108,21,7.888
25,108,22,7.899
25,108,23,7.907
25,108,24,7.955
25,109,0,5.809
25,109,1,5.290
25,109,2,5.369
25,109,3,5.528
25,109,4,5.603
25,109,5,6.255
25,109,6,5.659
25,109,7,5.895
25,109,8,6.043
25,109,9,6.177
25,109,10,6.342
25,109,11,6.453
25,109,12,6.525
25,109,13,6.600
25,109,14,6.810
25,109,15,6.897
25,109,16,7.003
25,109,17,7.014
25,109,18,7.072
25,109,19,7.130
25,109,20,7.253
25,109,21,7.302
25,109,22,7.335
25,109,23,7.381
25,109,24,7.620
25,110,0,6.521
25,110,1,6.286
25,110,2,6.333
25,110,3,6.370
25,110,4,6.414
25,110,5,6.901
25,110,6,6.453
25,110,7,6.672
25,110,8,6.789
25,110,9,6.800
25,110,10,6.911
25,110,11,7.042
25,110,12,7.053
25,110,13,7.061
25,110,14,7.189
25,110,15,7.199
25,110,16,7.206
25,110,17,7.348
25,110,18,7.358
25,110,19,7.365
25,110,20,7.487
25,110,21,7.497
25,110,22,7.504
25,110,23,7.581
25,110,24,7.589
25,111,0,5.949
25,111,1,5.706
25,111,2,5.749
25,111,3,5.782
25,111,4,5.843
25,111,5,6.363
25,111,6,5.910
25,111,7,6.200
25,111,8,6.214
25,111,9,6.352
25,111,10,6.371
25,111,11,6.505
25,111,12,6.522
25,111,13,6.530
25,111,14,6.657
25,111,15,6.667
25,111,16,6.674
25,111,17,6.746
25,111,18,6.751
25,111,19,6.756
25,111,20,6.804
25,111,21,6.809
25,111,22,6.839
25,111,23,6.868
25,111,24,6.894
25,112,0,5.132
25,112,1,4.918
25,112,2,4.964
25,112,3,5.001
25,112,4,5.031
25,112,5,5.353
25,112,6,5.093
25,112,7,5.196
25,112,8,5.238
25,112,9,5.300
25,112,10,5.407
25,112,11,5.460
25,112,12,5.514
25,112,13,5.551
25,112,14,5.623
25,112,15,5.660
25,112,16,5.713
25,112,17,5.765
25,112,18,5.816
25,112,19,5.875
25,112,20,5.912
25,112,21,5.969
25,112,22,6.022
25,112,23,6.072
25,112,24,6.124
25,113,0,6.804
25,113,1,6.415
25,113,2,6.455
25,113,3,6.517
25,113,4,6.679
25,113,5,7.068
25,113,6,6.793
25,113,7,6.914
25,113,8,6.924
25,113,9,7.058
25,113,10,7.075
25,113,11,7.174
25,113,12,7.184
25,113,13,7.307
25,113,14,7.316
25,113,15,7.324
25,113,16,7.451
25,113,17,7.460
25,113,18,7.467
25,113,19,7.584
25,113,20,7.594
25,113,21,7.601
25,113,22,7.684
25,113,23,7.694
25,113,24,7.720
25,114,0,5.397
25,114,1,5.178
25,114,2,5.222
25,114,3,5.254
25,114,4,5.291
25,114,5,5.606
25,114,6,5.359
25,114,7,5.461
25,114,8,5.500
25,114,9,5.562
25,114,10,5.671
25,114,11,5.709
25,114,12,5.765
25,114,13,5.820
25,114,14,5.943
25,114,15,6.119
25,114,16,6.224
25,114,17,6.235
25,114,18,6.327
25,114,19,6.336
25,114,20,6.426
25,114,21,6.435
25,114,22,6.520
25,114,23,6.529
25,114,24,6.581
25,115,0,6.351
25,115,1,5.854
25,115,2,6.038
25,115,3,6.053
25,115,4,6.226
25,115,5,6.530
25,115,6,6.239
25,115,7,6.362
25,115,8,6.457
25,115,9,6.474
25,115,10,6.602
25,115,11,6.643
25,115,12,6.742
25,115,13,6.782
25,115,14,6.816
25,115,15,6.884
25,115,16,6.923
25,115,17,6.989
25,115,18,7.028
25,115,19,7.082
25,115,20,7.132
25,115,21,7.177
25,115,22,7.257
25,115,23,7.295
25,115,24,7.363
25,116,0,5.507
25,116,1,5.292
25,116,2,5.337
25,116,3,5.374
25,116,4,5.406
25,116,5,5.739
25,116,6,5.469
25,116,7,5.572
25,116,8,5.627
25,116,9,5.682
25,116,10,5.792
25,116,11,5.843
25,116,12,5.895
25,116,13,5.947
25,116,14,5.997
25,116,15,6.060
25,116,16,6.097
25,116,17,6.153
25,116,18,6.203
25,116,19,6.257
25,116,20,6.312
25,116,21,6.368
25,116,22,6.418
25,116,23,6.474
25,116,24,6.509
25,117,0,5.270
25,117,1,5.020
25,117,2,5.057
25,117,3,5.096
25,117,4,5.157
25,117,5,5.669
25,117,6,5.213
25,117,7,5.306
25,117,8,5.370
25,117,9,5.529
25,117,10,5.685
25,117,11,5.744
25,117,12,5.807
25,117,13,5.874
25,117,14,5.965
25,117,15,5.975
25,117,16,6.032
25,117,17,6.122
25,117,18,6.131
25,117,19,6.222
25,117,20,6.230
25,117,21,6.320
25,117,22,6.329
25,117,23,6.405
25,117,24,6.414
25,118,0,5.442
25,118,1,5.206
25,118,2,5.244
25,118,3,5.284
25,118,4,5.342
25,118,5,5.636
25,118,6,5.378
25,118,7,5.478
25,118,8,5.542
25,118,9,5.578
25,118,10,5.671
25,118,11,5.731
25,118,12,5.783
25,118,13,5.835
25,118,14,5.887
25,118,15,5.939
25,118,16,5.990
25,118,17,6.038
25,118,18,6.226
25,118,19,6.352
25,118,20,6.363
25,118,21,6.483
25,118,22,6.492
25,118,23,6.500
25,118,24,6.547
25,119,0,5.880
25,119,1,5.631
25,119,2,5.675
25,119,3,5.742
25,119,4,5.773
25,119,5,6.238
25,119,6,5.810
25,119,7,5.919
25,119,8,5.990
25,119,9,6.224
25,119,10,6.389
25,119,11,6.400
25,119,12,6.408
25,119,13,6.489
25,119,14,6.494
25,119,15,6.499
25,119,16,6.550
25,119,17,6.555
25,119,18,6.586
25,119,19,6.614
25,119,20,6.647
25,119,21,6.753
25,119,22,6.814
25,119,23,6.875
25,119,24,6.957
25,120,0,5.511
25,120,1,5.266
25,120,2,5.303
25,120,3,5.341
25,120,4,5.407
25,120,5,5.719
25,120,6,5.459
25,120,7,5.563
25,120,8,5.620
25,120,9,5.656
25,120,10,5.773
25,120,11,5.825
25,120,12,5.877
25,120,13,5.927
25,120,14,5.978
25,120,15,6.031
25,120,16,6.076
25,120,17,6.121
25,120,18,6.175
25,120,19,6.210
25,120,20,6.267
25,120,21,6.308
25,120,22,6.361
25,120,23,6.412
25,120,24,6.478
25,121,0,6.434
25,121,1,6.227
25,121,2,6.276
25,121,3,6.325
25,121,4,6.361
25,121,5,6.675
25,121,6,6.394
25,121,7,6.526
25,121,8,6.561
25,121,9,6.610
25,121,10,6.714
25,121,11,6.781
25,121,12,6.820
25,121,13,6.886
25,121,14,6.924
25,121,15,7.012
25,121,16,7.049
25,121,17,7.078
25,121,18,7.114
25,121,19,7.181
25,121,20,7.219
25,121,21,7.283
25,121,22,7.319
25,121,23,7.384
25,121,24,7.420
25,122,0,5.566
25,122,1,5.277
25,122,2,5.357
25,122,3,5.454
25,122,4,5.463
25,122,5,5.771
25,122,6,5.557
25,122,7,5.656
25,122,8,5.666
25,122,9,5.761
25,122,10,5.843
25,122,11,5.848
25,122,12,5.852
25,122,13,5.903
25,122,14,5.909
25,122,15,5.937
25,122,16,5.962
25,122,17,5.994
25,122,18,6.085
25,122,19,6.136
25,122,20,6.173
25,122,21,6.208
25,122,22,6.237
25,122,23,6.278
25,122,24,6.343
25,123,0,6.462
25,123,1,6.112
25,123,2,6.159
25,123,3,6.192
25,123,4,6.229
25,123,5,6.731
25,123,6,6.314
25,123,7,6.586
25,123,8,6.597
25,123,9,6.712
25,123,10,6.854
25,123,11,6.864
25,123,12,6.871
25,123,13,6.961
25,123,14,6.970
25,123,15,7.041
25,123,16,7.047
25,123,17,7.095
25,123,18,7.100
25,123,19,7.130
25,123,20,7.161
25,123,21,7.189
25,123,22,7.275
25,123,23,7.314
25,123,24,7.346
25,124,0,5.707
25,124,1,5.472
25,124,2,5.509
25,124,3,5.548
25,124,4,5.608
25,124,5,5.907
25,124,6,5.661
25,124,7,5.766
25,124,8,5.802
25,124,9,5.861
25,124,10,5.962
25,124,11,6.002
25,124,12,6.061
25,124,13,6.098
25,124,14,6.149
25,124,15,6.201
25,124,16,6.337
25,124,17,6.451
25,124,18,6.461
25,124,19,6.593
25,124,20,6.603
25,124,21,6.610
25,124,22,6.723
25,124,23,6.733
25,124,24,6.740
25,125,0,5.562
25,125,1,5.313
25,125,2,5.359
25,125,3,5.396
25,125,4,5.427
25,125,5,5.757
25,125,6,5.467
25,125,7,5.607
25,125,8,5.648
25,125,9,5.687
25,125,10,5.802
25,125,11,5.868
25,125,12,5.904
25,125,13,5.979
25,125,14,6.037
25,125,15,6.100
25,125,16,6.156
25,125,17,6.206
25,125,18,6.289
25,125,19,6.330
25,125,20,6.363
25,125,21,6.402
25,125,22,6.464
25,125,23,6.502
25,125,24,6.583
25,126,0,5.559
25,126,1,5.321
25,126,2,5.359
25,126,3,5.399
25,126,4,5.474
25,126,5,5.760
25,126,6,5.505
25,126,7,5.606
25,126,8,5.677
25,126,9,5.707
25,126,10,5.803
25,126,11,5.865
25,126,12,5.901
25,126,13,5.964
25,126,14,5.999
25,126,15,6.060
25,126,16,6.095
25,126,17,6.157
25,126,18,6.190
25,126,19,6.252
25,126,20,6.287
25,126,21,6.356
25,126,22,6.392
25,126,23,6.443
25,126,24,6.504
25,127,0,6.465
25,127,1,6.007
25,127,2,6.097
25,127,3,6.179
25,127,4,6.266
25,127,5,6.681
25,127,6,6.387
25,127,7,6.507
25,127,8,6.564
25,127,9,6.627
25,127,10,6.733
25,127,11,6.786
25,127,12,6.838
25,127,13,6.891
25,127,14,7.032
25,127,15,7.149
25,127,16,7.160
25,127,17,7.265
25,127,18,7.275
25,127,19,7.409
25,127,20,7.419
25,127,21,7.427
25,127,22,7.537
25,127,23,7.547
25,127,24,7.554
25,128,0,5.327
25,128,1,5.073
25,128,2,5.120
25,128,3,5.158
25,128,4,5.221
25,128,5,5.512
25,128,6,5.274
25,128,7,5.386
25,128,8,5.422
25,128,9,5.476
25,128,10,5.574
25,128,11,5.627
25,128,12,5.682
25,128,13,5.736
25,128,14,5.791
25,128,15,5.846
25,128,16,5.896
25,128,17,5.952
25,128,18,5.991
25,128,19,6.046
25,128,20,6.085
25,128,21,6.145
25,128,22,6.181
25,128,23,6.239
25,128,24,6.272
25,129,0,5.914
25,129,1,5.425
25,129,2,5.512
25,129,3,5.786
25,129,4,5.866
25,129,5,6.266
25,129,6,5.872
25,129,7,5.958
25,129,8,6.067
25,129,9,6.159
25,129,10,6.406
25,129,11,6.453
25,129,12,6.629
25,129,13,6.754
25,129,14,6.770
25,129,15,6.923
25,129,16,6.934
25,129,17,6.943
25,129,18,7.081
25,129,19,7.094
25,129,20,7.102
25,129,21,7.219
25,129,22,7.229
25,129,23,7.235
25,129,24,7.281
25,130,0,6.050
25,130,1,5.785
25,130,2,5.830
25,130,3,5.862
25,130,4,5.927
25,130,5,6.264
25,130,6,5.984
25,130,7,6.105
25,130,8,6.159
25,130,9,6.211
25,130,10,6.318
25,130,11,6.371
25,130,12,6.432
25,130,13,6.471
25,130,14,6.531
25,130,15,6.570
25,130,16,6.627
25,130,17,6.861
25,130,18,6.876
25,130,19,7.020
25,130,20,7.030
25,130,21,7.037
25,130,22,7.148
25,130,23,7.158
25,130,24,7.165
25,131,0,5.140
25,131,1,4.911
25,131,2,4.953
25,131,3,4.984
25,131,4,5.045
25,131,5,5.346
25,131,6,5.083
25,131,7,5.192
25,131,8,5.249
25,131,9,5.285
25,131,10,5.396
25,131,11,5.447
25,131,12,5.500
25,131,13,5.550
25,131,14,5.601
25,131,15,5.651
25,131,16,5.700
25,131,17,5.750
25,131,18,5.801
25,131,19,5.852
25,131,20,6.002
25,131,21,6.135
25,131,22,6.146
25,131,23,6.230
25,131,24,6.239
25,132,0,6.503
25,132,1,6.285
25,132,2,6.332
25,132,3,6.369
25,132,4,6.404
25,132,5,6.710
25,132,6,6.435
25,132,7,6.543
25,132,8,6.604
25,132,9,6.658
25,132,10,6.764
25,132,11,6.818
25,132,12,6.876
25,132,13,6.929
25,132,14,6.982
25,132,15,7.035
25,132,16,7.095
25,132,17,7.135
25,132,18,7.194
25,132,19,7.347
25,132,20,7.476
25,132,21,7.488
25,132,22,7.617
25,132,23,7.628
25,132,24,7.638
25,133,0,5.619
25,133,1,5.213
25,133,2,5.337
25,133,3,5.348
25,133,4,5.458
25,133,5,5.799
25,133,6,5.468
25,133,7,5.630
25,133,8,5.637
25,133,9,5.789
25,133,10,5.807
25,133,11,5.964
25,133,12,5.978
25,133,13,5.987
25,133,14,6.159
25,133,15,6.165
25,133,16,6.170
25,133,17,6.173
25,133,18,6.276
25,133,19,6.281
25,133,20,6.286
25,133,21,6.290
25,133,22,6.342
25,133,23,6.347
25,133,24,6.375
25,134,0,6.112
25,134,1,5.911
25,134,2,5.968
25,134,3,6.032
25,134,4,6.038
25,134,5,6.319
25,134,6,6.077
25,134,7,6.155
25,134,8,6.218
25,134,9,6.258
25,134,10,6.380
25,134,11,6.434
25,134,12,6.489
25,134,13,6.544
25,134,14,6.598
25,134,15,6.652
25,134,16,6.706
25,134,17,6.758
25,134,18,6.810
25,134,19,6.864
25,134,20,6.916
25,134,21,6.970
25,134,22,7.024
25,134,23,7.074
25,134,24,7.130
25,135,0,6.479
25,135,1,5.966
25,135,2,6.054
25,135,3,6.229
25,135,4,6.302
25,135,5,6.739
25,135,6,6.357
25,135,7,6.548
25,135,8,6.611
25,135,9,6.677
25,135,10,6.835
25,135,11,6.845
25,135,12,6.939
25,135,13,6.949
25,135,14,7.045
25,135,15,7.054
25,135,16,7.146
25,135,17,7.155
25,135,18,7.245
25,135,19,7.255
25,135,20,7.353
25,135,21,7.362
25,135,22,7.469
25,135,23,7.478
25,135,24,7.485
25,136,0,6.600
25,136,1,6.393
25,136,2,6.448
25,136,3,6.487
25,136,4,6.527
25,136,5,6.810
25,136,6,6.561
25,136,7,6.691
25,136,8,6.725
25,136,9,6.772
25,136,10,6.901
25,136,11,6.933
25,136,12,6.970
25,136,13,7.042
25,136,14,7.078
25,136,15,7.145
25,136,16,7.198
25,136,17,7.331
25,136,18,7.402
25,136,19,7.409
25,136,20,7.447
25,136,21,7.483
25,136,22,7.513
25,136,23,7.551
25,136,24,7.620
25,137,0,6.031
25,137,1,5.827
25,137,2,5.876
25,137,3,5.915
25,137,4,5.961
25,137,5,6.244
25,137,6,5.999
25,137,7,6.118
25,137,8,6.162
25,137,9,6.195
25,137,10,6.358
25,137,11,6.416
25,137,12,6.465
25,137,13,6.515
25,137,14,6.561
25,137,15,6.610
25,137,16,6.655
25,137,17,6.706
25,137,18,6.763
25,137,19,6.810
25,137,20,6.860
25,137,21,6.910
25,137,22,6.955
25,137,23,6.993
25,137,24,7.078
25,138,0,7.180
25,138,1,6.739
25,138,2,6.795
25,138,3,6.962
25,138,4,7.053
25,138,5,7.416
25,138,6,7.168
25,138,7,7.282
25,138,8,7.292
25,138,9,7.406
25,138,10,7.511
25,138,11,7.521
25,138,12,7.628
25,138,13,7.638
25,138,14,7.745
25,138,15,7.755
25,138,16,7.894
25,138,17,7.904
25,138,18,7.912
25,138,19,8.042
25,138,20,8.052
25,138,21,8.060
25,138,22,8.146
25,138,23,8.151
25,138,24,8.156
25,139,0,6.744
25,139,1,6.559
25,139,2,6.633
25,139,3,6.640
25,139,4,6.675
25,139,5,6.956
25,139,6,6.712
25,139,7,6.784
25,139,8,6.851
25,139,9,6.898
25,139,10,6.994
25,139,11,7.151
25,139,12,7.214
25,139,13,7.221
25,139,14,7.255
25,139,15,7.288
25,139,16,7.316
25,139,17,7.351
25,139,18,7.414
25,139,19,7.525
25,139,20,7.568
25,139,21,7.606
25,139,22,7.643
25,139,23,7.673
25,139,24,7.763
25,140,0,7.511
25,140,1,7.312
25,140,2,7.362
25,140,3,7.402
25,140,4,7.439
25,140,5,7.732
25,140,6,7.471
25,140,7,7.574
25,140,8,7.614
25,140,9,7.679
25,140,10,7.792
25,140,11,7.831
25,140,12,7.988
25,140,13,8.111
25,140,14,8.123
25,140,15,8.233
25,140,16,8.243
25,140,17,8.380
25,140,18,8.391
25,140,19,8.398
25,140,20,8.547
25,140,21,8.554
25,140,22,8.559
25,140,23,8.614
25,140,24,8.620
25,141,0,7.329
25,141,1,6.940
25,141,2,7.080
25,141,3,7.093
25,141,4,7.200
25,141,5,7.483
25,141,6,7.213
25,141,7,7.341
25,141,8,7.416
25,141,9,7.453
25,141,10,7.534
25,141,11,7.642
25,141,12,7.707
25,141,13,7.770
25,141,14,7.863
25,141,15,7.906
25,141,16,7.939
25,141,17,8.023
25,141,18,8.067
25,141,19,8.101
25,141,20,8.139
25,141,21,8.234
25,141,22,8.274
25,141,23,8.342
25,141,24,8.383
25,142,0,7.019
25,142,1,6.825
25,142,2,6.901
25,142,3,6.908
25,142,4,6.945
25,142,5,7.442
25,142,6,6.979
25,142,7,7.181
25,142,8,7.315
25,142,9,7.327
25,142,10,7.453
25,142,11,7.607
25,142,12,7.618
25,142,13,7.627
25,142,14,7.776
25,142,15,7.783
25,142,16,7.788
25,142,17,7.891
25,142,18,7.897
25,142,19,7.901
25,142,20,7.906
25,142,21,7.958
25,142,22,7.965
25,142,23,7.997
25,142,24,8.025
25,143,0,7.377
25,143,1,7.144
25,143,2,7.195
25,143,3,7.238
25,143,4,7.282
25,143,5,7.613
25,143,6,7.315
25,143,7,7.417
25,143,8,7.483
25,143,9,7.580
25,143,10,7.648
25,143,11,7.744
25,143,12,7.790
25,143,13,7.828
25,143,14,7.860
25,143,15,7.899
25,143,16,7.974
25,143,17,8.015
25,143,18,8.078
25,143,19,8.115
25,143,20,8.175
25,143,21,8.236
25,143,22,8.272
25,143,23,8.331
25,143,24,8.401
25,144,0,6.667
25,144,1,6.476
25,144,2,6.552
25,144,3,6.560
25,144,4,6.597
25,144,5,6.881
25,144,6,6.635
25,144,7,6.730
25,144,8,6.772
25,144,9,6.842
25,144,10,7.040
25,144,11,7.173
25,144,12,7.185
25,144,13,7.328
25,144,14,7.338
25,144,15,7.346
25,144,16,7.489
25,144,17,7.498
25,144,18,7.505
25,144,19,7.634
25,144,20,7.644
25,144,21,7.651
25,144,22,7.762
25,144,23,7.772
25,144,24,7.779
25,145,0,7.618
25,145,1,7.425
25,145,2,7.503
25,145,3,7.511
25,145,4,7.548
25,145,5,7.846
25,145,6,7.586
25,145,7,7.670
25,145,8,7.764
25,145,9,7.811
25,145,10,7.887
25,145,11,7.972
25,145,12,8.022
25,145,13,8.063
25,145,14,8.130
25,145,15,8.170
25,145,16,8.242
25,145,17,8.283
25,145,18,8.350
25,145,19,8.400
25,145,20,8.438
25,145,21,8.500
25,145,22,8.567
25,145,23,8.607
25,145,24,8.682
25,146,0,7.219
25,146,1,6.926
25,146,2,6.977
25,146,3,7.038
25,146,4,7.081
25,146,5,7.446
25,146,6,7.179
25,146,7,7.268
25,146,8,7.307
25,146,9,7.404
25,146,10,7.488
25,146,11,7.549
25,146,12,7.589
25,146,13,7.651
25,146,14,7.705
25,146,15,7.759
25,146,16,7.822
25,146,17,7.958
25,146,18,8.033
25,146,19,8.079
25,146,20,8.122
25,146,21,8.190
25,146,22,8.230
25,146,23,8.296
25,146,24,8.335
25,147,0,5.985
25,147,1,5.772
25,147,2,5.818
25,147,3,5.855
25,147,4,5.885
25,147,5,6.225
25,147,6,5.946
25,147,7,6.061
25,147,8,6.117
25,147,9,6.177
25,147,10,6.298
25,147,11,6.355
25,147,12,6.415
25,147,13,6.471
25,147,14,6.535
25,147,15,6.634
25,147,16,6.644
25,147,17,6.738
25,147,18,6.748
25,147,19,6.838
25,147,20,6.847
25,147,21,6.946
25,147,22,6.955
25,147,23,7.035
25,147,24,7.045
25,148,0,5.178
25,148,1,4.932
25,148,2,4.972
25,148,3,5.011
25,148,4,5.072
25,148,5,5.375
25,148,6,5.108
25,148,7,5.231
25,148,8,5.276
25,148,9,5.340
25,148,10,5.438
25,148,11,5.474
25,148,12,5.535
25,148,13,5.573
25,148,14,5.639
25,148,15,5.695
25,148,16,5.730
25,148,17,5.791
25,148,18,5.840
25,148,19,5.900
25,148,20,5.934
25,148,21,5.994
25,148,22,6.028
25,148,23,6.092
25,148,24,6.125
25,149,0,6.170
25,149,1,5.851
25,149,2,5.983
25,149,3,5.994
25,149,4,6.151
25,149,5,6.466
25,149,6,6.162
25,149,7,6.271
25,149,8,6.281
25,149,9,6.455
25,149,10,6.473
25,149,11,6.640
25,149,12,6.649
25,149,13,6.657
25,149,14,6.664
25,149,15,6.786
25,149,16,6.796
25,149,17,6.803
25,149,18,6.887
25,149,19,6.893
25,149,20,6.897
25,149,21,6.962
25,149,22,6.967
25,149,23,6.972
25,149,24,6.997
25,150,0,5.746
25,150,1,5.499
25,150,2,5.538
25,150,3,5.577
25,150,4,5.650
25,150,5,5.952
25,150,6,5.688
25,150,7,5.783
25,150,8,5.849
25,150,9,5.885
25,150,10,5.989
25,150,11,6.050
25,150,12,6.101
25,150,13,6.151
25,150,14,6.185
25,150,15,6.245
25,150,16,6.294
25,150,17,6.356
25,150,18,6.392
25,150,19,6.458
25,150,20,6.486
25,150,21,6.547
25,150,22,6.580
25,150,23,6.641
25,150,24,6.674
25,151,0,6.570
25,151,1,6.379
25,151,2,6.427
25,151,3,6.466
25,151,4,6.501
25,151,5,6.868
25,151,6,6.533
25,151,7,6.641
25,151,8,6.739
25,151,9,6.807
25,151,10,6.906
25,151,11,6.970
25,151,12,7.033
25,151,13,7.092
25,151,14,7.152
25,151,15,7.211
25,151,16,7.248
25,151,17,7.312
25,151,18,7.349
25,151,19,7.414
25,151,20,7.451
25,151,21,7.526
25,151,22,7.562
25,151,23,7.624
25,151,24,7.660
25,152,0,5.634
25,152,1,5.389
25,152,2,5.428
25,152,3,5.468
25,152,4,5.524
25,152,5,5.836
25,152,6,5.569
25,152,7,5.670
25,152,8,5.741
25,152,9,5.775
25,152,10,5.869
25,152,11,5.929
25,152,12,5.978
25,152,13,6.038
25,152,14,6.071
25,152,15,6.126
25,152,16,6.158
25,152,17,6.218
25,152,18,6.252
25,152,19,6.312
25,152,20,6.360
25,152,21,6.418
25,152,22,6.450
25,152,23,6.509
25,152,24,6.565
25,153,0,5.213
25,153,1,4.985
25,153,2,5.029
25,153,3,5.062
25,153,4,5.099
25,153,5,5.409
25,153,6,5.159
25,153,7,5.266
25,153,8,5.310
25,153,9,5.371
25,153,10,5.473
25,153,11,5.507
25,153,12,5.579
25,153,13,5.923
25,153,14,6.127
25,153,15,6.246
25,153,16,6.257
25,153,17,6.364
25,153,18,6.374
25,153,19,6.525
25,153,20,6.535
25,153,21,6.543
25,153,22,6.641
25,153,23,6.647
25,153,24,6.651
25,154,0,6.427
25,154,1,6.231
25,154,2,6.327
25,154,3,6.333
25,154,4,6.387
25,154,5,6.604
25,154,6,6.393
25,154,7,6.461
25,154,8,6.488
25,154,9,6.525
25,154,10,6.637
25,154,11,6.672
25,154,12,6.775
25,154,13,6.806
25,154,14,6.841
25,154,15,6.907
25,154,16,6.951
25,154,17,6.987
25,154,18,7.056
25,154,19,7.087
25,154,20,7.121
25,154,21,7.185
25,154,22,7.234
25,154,23,7.284
25,154,24,7.333
25,155,0,5.286
25,155,1,5.066
25,155,2,5.109
25,155,3,5.141
25,155,4,5.177
25,155,5,5.485
25,155,6,5.256
25,155,7,5.351
25,155,8,5.388
25,155,9,5.451
25,155,10,5.549
25,155,11,5.606
25,155,12,5.648
25,155,13,5.709
25,155,14,5.744
25,155,15,5.807
25,155,16,5.864
25,155,17,5.898
25,155,18,5.959
25,155,19,5.995
25,155,20,6.068
25,155,21,6.096
25,155,22,6.146
25,155,23,6.195
25,155,24,6.243
25,156,0,5.960
25,156,1,5.689
25,156,2,5.735
25,156,3,5.779
25,156,4,5.882
25,156,5,6.169
25,156,6,5.925
25,156,7,6.000
25,156,8,6.063
25,156,9,6.102
25,156,10,6.205
25,156,11,6.271
25,156,12,6.324
25,156,13,6.377
25,156,14,6.421
25,156,15,6.480
25,156,16,6.517
25,156,17,6.582
25,156,18,6.621
25,156,19,6.684
25,156,20,6.720
25,156,21,6.784
25,156,22,6.820
25,156,23,6.878
25,156,24,6.913
25,157,0,5.627
25,157,1,5.403
25,157,2,5.448
25,157,3,5.480
25,157,4,5.518
25,157,5,5.832
25,157,6,5.588
25,157,7,5.694
25,157,8,5.731
25,157,9,5.795
25,157,10,5.897
25,157,11,5.932
25,157,12,5.996
25,157,13,6.032
25,157,14,6.095
25,157,15,6.132
25,157,16,6.207
25,157,17,6.236
25,157,18,6.271
25,157,19,6.340
25,157,20,6.375
25,157,21,6.438
25,157,22,6.474
25,157,23,6.631
25,157,24,6.708
25,158,0,6.606
25,158,1,6.287
25,158,2,6.330
25,158,3,6.412
25,158,4,6.499
25,158,5,6.816
25,158,6,6.566
25,158,7,6.672
25,158,8,6.711
25,158,9,6.776
25,158,10,6.881
25,158,11,6.933
25,158,12,6.990
25,158,13,7.034
25,158,14,7.098
25,158,15,7.134
25,158,16,7.204
25,158,17,7.244
25,158,18,7.300
25,158,19,7.355
25,158,20,7.396
25,158,21,7.469
25,158,22,7.506
25,158,23,7.561
25,158,24,7.636
25,159,0,5.974
25,159,1,5.738
25,159,2,5.784
25,159,3,5.822
25,159,4,5.852
25,159,5,6.196
25,159,6,5.892
25,159,7,6.013
25,159,8,6.112
25,159,9,6.156
25,159,10,6.296
25,159,11,6.340
25,159,12,6.380
25,159,13,6.410
25,159,14,6.449
25,159,15,6.512
25,159,16,6.550
25,159,17,6.626
25,159,18,6.655
25,159,19,6.722
25,159,20,6.759
25,159,21,6.822
25,159,22,6.858
25,159,23,6.920
25,159,24,6.955
25,160,0,6.035
25,160,1,5.817
25,160,2,5.862
25,160,3,5.901
25,160,4,5.933
25,160,5,6.395
25,160,6,5.993
25,160,7,6.109
25,160,8,6.139
25,160,9,6.281
25,160,10,6.406
25,160,11,6.511
25,160,12,6.521
25,160,13,6.653
25,160,14,6.663
25,160,15,6.671
25,160,16,6.796
25,160,17,6.806
25,160,18,6.813
25,160,19,6.907
25,160,20,6.913
25,160,21,6.916
25,160,22,6.973
25,160,23,6.978
25,160,24,7.004
25,161,0,5.465
25,161,1,5.241
25,161,2,5.286
25,161,3,5.318
25,161,4,5.366
25,161,5,5.669
25,161,6,5.427
25,161,7,5.530
25,161,8,5.566
25,161,9,5.632
25,161,10,5.731
25,161,11,5.767
25,161,12,5.825
25,161,13,5.895
25,161,14,5.932
25,161,15,6.101
25,161,16,6.215
25,161,17,6.226
25,161,18,6.371
25,161,19,6.380
25,161,20,6.387
25,161,21,6.476
25,161,22,6.486
25,161,23,6.562
25,161,24,6.572
25,162,0,5.825
25,162,1,5.599
25,162,2,5.644
25,162,3,5.677
25,162,4,5.715
25,162,5,6.025
25,162,6,5.793
25,162,7,5.879
25,162,8,5.923
25,162,9,5.988
25,162,10,6.076
25,162,11,6.150
25,162,12,6.185
25,162,13,6.247
25,162,14,6.302
25,162,15,6.344
25,162,16,6.401
25,162,17,6.437
25,162,18,6.511
25,162,19,6.549
25,162,20,6.609
25,162,21,6.645
25,162,22,6.706
25,162,23,6.740
25,162,24,6.802
25,163,0,5.356
25,163,1,5.135
25,163,2,5.177
25,163,3,5.209
25,163,4,5.246
25,163,5,5.550
25,163,6,5.318
25,163,7,5.421
25,163,8,5.457
25,163,9,5.515
25,163,10,5.719
25,163,11,5.850
25,163,12,5.861
25,163,13,5.996
25,163,14,6.006
25,163,15,6.014
25,163,16,6.165
25,163,17,6.174
25,163,18,6.181
25,163,19,6.308
25,163,20,6.318
25,163,21,6.325
25,163,22,6.433
25,163,23,6.442
25,163,24,6.449
25,164,0,5.462
25,164,1,5.223
25,164,2,5.266
25,164,3,5.299
25,164,4,5.342
25,164,5,5.666
25,164,6,5.414
25,164,7,5.506
25,164,8,5.574
25,164,9,5.612
25,164,10,5.719
25,164,11,5.769
25,164,12,5.830
25,164,13,5.874
25,164,14,5.910
25,164,15,5.976
25,164,16,6.013
25,164,17,6.076
25,164,18,6.112
25,164,19,6.175
25,164,20,6.212
25,164,21,6.273
25,164,22,6.307
25,164,23,6.364
25,164,24,6.397
25,165,0,5.334
25,165,1,5.107
25,165,2,5.151
25,165,3,5.187
25,165,4,5.217
25,165,5,5.532
25,165,6,5.295
25,165,7,5.372
25,165,8,5.442
25,165,9,5.479
25,165,10,5.595
25,165,11,5.630
25,165,12,5.691
25,165,13,5.742
25,165,14,5.805
25,165,15,5.862
25,165,16,5.897
25,165,17,5.958
25,165,18,6.014
25,165,19,6.048
25,165,20,6.110
25,165,21,6.167
25,165,22,6.224
25,165,23,6.280
25,165,24,6.316
25,166,0,5.279
25,166,1,5.047
25,166,2,5.089
25,166,3,5.119
25,166,4,5.176
25,166,5,5.486
25,166,6,5.213
25,166,7,5.316
25,166,8,5.386
25,166,9,5.422
25,166,10,5.543
25,166,11,5.601
25,166,12,5.658
25,166,13,5.713
25,166,14,5.767
25,166,15,5.826
25,166,16,5.909
25,166,17,5.918
25,166,18,5.975
25,166,19,6.059
25,166,20,6.068
25,166,21,6.119
25,166,22,6.172
25,166,23,6.224
25,166,24,6.269
25,167,0,5.603
25,167,1,5.337
25,167,2,5.376
25,167,3,5.416
25,167,4,5.499
25,167,5,5.802
25,167,6,5.538
25,167,7,5.667
25,167,8,5.704
25,167,9,5.759
25,167,10,5.861
25,167,11,6.033
25,167,12,6.154
25,167,13,6.165
25,167,14,6.271
25,167,15,6.281
25,167,16,6.381
25,167,17,6.390
25,167,18,6.498
25,167,19,6.507
25,167,20,6.621
25,167,21,6.627
25,167,22,6.631
25,167,23,6.677
25,167,24,6.682
25,168,0,6.508
25,168,1,6.264
25,168,2,6.302
25,168,3,6.342
25,168,4,6.399
25,168,5,6.743
25,168,6,6.455
25,168,7,6.568
25,168,8,6.633
25,168,9,6.679
25,168,10,6.778
25,168,11,6.840
25,168,12,6.891
25,168,13,6.941
25,168,14,7.004
25,168,15,7.038
25,168,16,7.100
25,168,17,7.135
25,168,18,7.197
25,168,19,7.233
25,168,20,7.295
25,168,21,7.355
25,168,22,7.389
25,168,23,7.450
25,168,24,7.484
25,169,0,5.700
25,169,1,5.443
25,169,2,5.489
25,169,3,5.523
25,169,4,5.563
25,169,5,5.908
25,169,6,5.645
25,169,7,5.765
25,169,8,5.804
25,169,9,5.870
25,169,10,5.964
25,169,11,6.026
25,169,12,6.241
25,169,13,6.392
25,169,14,6.399
25,169,15,6.404
25,169,16,6.504
25,169,17,6.510
25,169,18,6.514
25,169,19,6.565
25,169,20,6.570
25,169,21,6.600
25,169,22,6.631
25,169,23,6.658
25,169,24,6.692
25,170,0,5.511
25,170,1,5.261
25,170,2,5.299
25,170,3,5.338
25,170,4,5.422
25,170,5,5.718
25,170,6,5.459
25,170,7,5.563
25,170,8,5.616
25,170,9,5.652
25,170,10,5.752
25,170,11,5.821
25,170,12,5.937
25,170,13,6.128
25,170,14,6.249
25,170,15,6.261
25,170,16,6.394
25,170,17,6.404
25,170,18,6.411
25,170,19,6.537
25,170,20,6.546
25,170,21,6.553
25,170,22,6.659
25,170,23,6.669
25,170,24,6.676
25,171,0,6.092
25,171,1,5.677
25,171,2,5.724
25,171,3,5.761
25,171,4,5.801
25,171,5,6.659
25,171,6,5.863
25,171,7,6.282
25,171,8,6.300
25,171,9,6.646
25,171,10,6.668
25,171,11,6.676
25,171,12,6.948
25,171,13,6.955
25,171,14,6.959
25,171,15,6.964
25,171,16,6.968
25,171,17,6.972
25,171,18,6.976
25,171,19,7.084
25,171,20,7.090
25,171,21,7.095
25,171,22,7.099
25,171,23,7.103
25,171,24,7.130
25,172,0,5.790
25,172,1,5.541
25,172,2,5.580
25,172,3,5.620
25,172,4,5.684
25,172,5,5.981
25,172,6,5.722
25,172,7,5.828
25,172,8,5.880
25,172,9,5.916
25,172,10,6.041
25,172,11,6.076
25,172,12,6.139
25,172,13,6.174
25,172,14,6.235
25,172,15,6.268
25,172,16,6.329
25,172,17,6.364
25,172,18,6.425
25,172,19,6.459
25,172,20,6.525
25,172,21,6.553
25,172,22,6.614
25,172,23,6.664
25,172,24,6.716
25,173,0,5.897
25,173,1,5.574
25,173,2,5.617
25,173,3,5.653
25,173,4,5.683
25,173,5,6.151
25,173,6,5.741
25,173,7,6.019
25,173,8,6.030
25,173,9,6.136
25,173,10,6.298
25,173,11,6.316
25,173,12,6.326
25,173,13,6.467
25,173,14,6.477
25,173,15,6.485
25,173,16,6.614
25,173,17,6.623
25,173,18,6.636
25,173,19,6.911
25,173,20,6.930
25,173,21,6.942
25,173,22,7.133
25,173,23,7.147
25,173,24,7.159
25,174,0,5.453
25,174,1,5.200
25,174,2,5.237
25,174,3,5.276
25,174,4,5.349
25,174,5,5.649
25,174,6,5.387
25,174,7,5.491
25,174,8,5.567
25,174,9,5.596
25,174,10,5.712
25,174,11,5.747
25,174,12,5.813
25,174,13,5.862
25,174,14,5.911
25,174,15,5.979
25,174,16,6.008
25,174,17,6.058
25,174,18,6.108
25,174,19,6.150
25,174,20,6.213
25,174,21,6.246
25,174,22,6.306
25,174,23,6.339
25,174,24,6.399
25,175,0,5.876
25,175,1,5.548
25,175,2,5.667
25,175,3,5.678
25,175,4,5.783
25,175,5,5.945
25,175,6,5.793
25,175,7,5.882
25,175,8,5.887
25,175,9,5.939
25,175,10,5.975
25,175,11,6.006
25,175,12,6.047
25,175,13,6.111
25,175,14,6.147
25,175,15,6.214
25,175,16,6.249
25,175,17,6.343
25,175,18,6.387
25,175,19,6.417
25,175,20,6.500
25,175,21,6.544
25,175,22,6.580
25,175,23,6.622
25,175,24,6.660
25,176,0,5.683
25,176,1,5.444
25,176,2,5.523
25,176,3,5.580
25,176,4,5.641
25,176,5,5.887
25,176,6,5.648
25,176,7,5.713
25,176,8,5.784
25,176,9,5.823
25,176,10,5.927
25,176,11,5.965
25,176,12,6.054
25,176,13,6.092
25,176,14,6.122
25,176,15,6.159
25,176,16,6.225
25,176,17,6.261
25,176,18,6.324
25,176,19,6.359
25,176,20,6.445
25,176,21,6.481
25,176,22,6.539
25,176,23,6.581
25,176,24,6.645
25,177,0,5.460
25,177,1,5.219
25,177,2,5.257
25,177,3,5.296
25,177,4,5.355
25,177,5,5.658
25,177,6,5.393
25,177,7,5.497
25,177,8,5.560
25,177,9,5.596
25,177,10,5.707
25,177,11,5.768
25,177,12,5.802
25,177,13,5.864
25,177,14,5.908
25,177,15,5.942
25,177,16,6.111
25,177,17,6.257
25,177,18,6.267
25,177,19,6.399
25,177,20,6.409
25,177,21,6.417
25,177,22,6.556
25,177,23,6.565
25,177,24,6.572
25,178,0,5.555
25,178,1,5.308
25,178,2,5.351
25,178,3,5.382
25,178,4,5.440
25,178,5,5.753
25,178,6,5.495
25,178,7,5.596
25,178,8,5.651
25,178,9,5.688
25,178,10,5.804
25,178,11,5.865
25,178,12,5.925
25,178,13,6.055
25,178,14,6.136
25,178,15,6.205
25,178,16,6.262
25,178,17,6.298
25,178,18,6.362
25,178,19,6.409
25,178,20,6.484
25,178,21,6.514
25,178,22,6.572
25,178,23,6.610
25,178,24,6.676
25,179,0,5.503
25,179,1,5.120
25,179,2,5.243
25,179,3,5.254
25,179,4,5.361
25,179,5,5.660
25,179,6,5.371
25,179,7,5.514
25,179,8,5.521
25,179,9,5.650
25,179,10,5.667
25,179,11,5.757
25,179,12,5.762
25,179,13,5.766
25,179,14,5.845
25,179,15,5.850
25,179,16,5.854
25,179,17,5.902
25,179,18,5.906
25,179,19,5.936
25,179,20,5.963
25,179,21,6.008
25,179,22,6.092
25,179,23,6.128
25,179,24,6.194
25,180,0,5.888
25,180,1,5.661
25,180,2,5.707
25,180,3,5.744
25,180,4,5.776
25,180,5,6.092
25,180,6,5.814
25,180,7,5.927
25,180,8,5.988
25,180,9,6.026
25,180,10,6.129
25,180,11,6.192
25,180,12,6.228
25,180,13,6.291
25,180,14,6.328
25,180,15,6.391
25,180,16,6.433
25,180,17,6.494
25,180,18,6.530
25,180,19,6.592
25,180,20,6.635
25,180,21,6.696
25,180,22,6.729
25,180,23,6.791
25,180,24,6.841
25,181,0,5.689
25,181,1,5.466
25,181,2,5.509
25,181,3,5.540
25,181,4,5.578
25,181,5,5.911
25,181,6,5.652
25,181,7,5.751
25,181,8,5.811
25,181,9,5.847
25,181,10,5.948
25,181,11,6.010
25,181,12,6.045
25,181,13,6.108
25,181,14,6.144
25,181,15,6.206
25,181,16,6.241
25,181,17,6.303
25,181,18,6.339
25,181,19,6.402
25,181,20,6.437
25,181,21,6.506
25,181,22,6.540
25,181,23,6.591
25,181,24,6.653
25,182,0,6.957
25,182,1,6.496
25,182,2,6.559
25,182,3,6.641
25,182,4,6.815
25,182,5,7.269
25,182,6,6.892
25,182,7,7.011
25,182,8,7.083
25,182,9,7.196
25,182,10,7.276
25,182,11,7.312
25,182,12,7.346
25,182,13,7.379
25,182,14,7.414
25,182,15,7.451
25,182,16,7.516
25,182,17,7.571
25,182,18,7.610
25,182,19,7.704
25,182,20,7.928
25,182,21,8.012
25,182,22,8.018
25,182,23,8.023
25,182,24,8.052
25,183,0,6.237
25,183,1,5.764
25,183,2,5.883
25,183,3,5.979
25,183,4,6.062
25,183,5,6.459
25,183,6,6.151
25,183,7,6.305
25,183,8,6.358
25,183,9,6.404
25,183,10,6.518
25,183,11,6.554
25,183,12,6.617
25,183,13,6.653
25,183,14,6.716
25,183,15,6.751
25,183,16,6.812
25,183,17,6.848
25,183,18,6.908
25,183,19,6.959
25,183,20,7.018
25,183,21,7.061
25,183,22,7.175
25,183,23,7.240
25,183,24,7.297
25,184,0,7.333
25,184,1,7.014
25,184,2,7.032
25,184,3,7.042
25,184,4,7.050
25,184,5,7.365
25,184,6,7.058
25,184,7,7.343
25,184,8,7.351
25,184,9,7.358
25,184,10,7.372
25,184,11,7.689
25,184,12,7.700
25,184,13,7.707
25,184,14,7.714
25,184,15,7.719
25,184,16,7.723
25,184,17,7.726
25,184,18,7.871
25,184,19,7.877
25,184,20,7.882
25,184,21,7.887
25,184,22,7.891
25,184,23,7.894
25,184,24,7.899
25,185,0,5.477
25,185,1,5.127
25,185,2,5.170
25,185,3,5.250
25,185,4,5.312
25,185,5,5.683
25,185,6,5.380
25,185,7,5.488
25,185,8,5.584
25,185,9,5.594
25,185,10,5.693
25,185,11,5.794
25,185,12,5.803
25,185,13,5.899
25,185,14,5.908
25,185,15,6.024
25,185,16,6.033
25,185,17,6.041
25,185,18,6.133
25,185,19,6.142
25,185,20,6.258
25,185,21,6.266
25,185,22,6.273
25,185,23,6.349
25,185,24,6.358
25,186,0,6.138
25,186,1,5.927
25,186,2,5.974
25,186,3,6.010
25,186,4,6.041
25,186,5,6.366
25,186,6,6.099
25,186,7,6.215
25,186,8,6.254
25,186,9,6.320
25,186,10,6.400
25,186,11,6.464
25,186,12,6.523
25,186,13,6.558
25,186,14,6.621
25,186,15,6.657
25,186,16,6.719
25,186,17,6.755
25,186,18,6.818
25,186,19,6.853
25,186,20,6.915
25,186,21,6.951
25,186,22,7.013
25,186,23,7.063
25,186,24,7.124
25,187,0,5.076
25,187,1,4.835
25,187,2,4.873
25,187,3,4.913
25,187,4,4.973
25,187,5,5.276
25,187,6,5.009
25,187,7,5.112
25,187,8,5.176
25,187,9,5.212
25,187,10,5.311
25,187,11,5.374
25,187,12,5.411
25,187,13,5.474
25,187,14,5.509
25,187,15,5.570
25,187,16,5.604
25,187,17,5.665
25,187,18,5.700
25,187,19,5.758
25,187,20,5.792
25,187,21,6.034
25,187,22,6.048
25,187,23,6.142
25,187,24,6.153
25,188,0,5.485
25,188,1,5.216
25,188,2,5.264
25,188,3,5.300
25,188,4,5.339
25,188,5,5.658
25,188,6,5.440
25,188,7,5.522
25,188,8,5.553
25,188,9,5.589
25,188,10,5.697
25,188,11,5.762
25,188,12,5.801
25,188,13,5.853
25,188,14,5.905
25,188,15,5.969
25,188,16,6.005
25,188,17,6.068
25,188,18,6.104
25,188,19,6.163
25,188,20,6.400
25,188,21,6.415
25,188,22,6.540
25,188,23,6.550
25,188,24,6.557
25,189,0,5.772
25,189,1,5.350
25,189,2,5.392
25,189,3,5.434
25,189,4,5.493
25,189,5,5.952
25,189,6,5.540
25,189,7,5.786
25,189,8,5.934
25,189,9,5.944
25,189,10,6.096
25,189,11,6.106
25,189,12,6.114
25,189,13,6.273
25,189,14,6.282
25,189,15,6.289
25,189,16,6.295
25,189,17,6.452
25,189,18,6.462
25,189,19,6.469
25,189,20,6.476
25,189,21,6.610
25,189,22,6.619
25,189,23,6.626
25,189,24,6.633
25,190,0,5.422
25,190,1,5.206
25,190,2,5.249
25,190,3,5.282
25,190,4,5.318
25,190,5,5.644
25,190,6,5.384
25,190,7,5.487
25,190,8,5.549
25,190,9,5.588
25,190,10,5.680
25,190,11,5.747
25,190,12,5.785
25,190,13,5.839
25,190,14,5.904
25,190,15,5.977
25,190,16,6.165
25,190,17,6.256
25,190,18,6.361
25,190,19,6.371
25,190,20,6.482
25,190,21,6.492
25,190,22,6.614
25,190,23,6.624
25,190,24,6.631
25,191,0,5.821
25,191,1,5.492
25,191,2,5.539
25,191,3,5.631
25,191,4,5.709
25,191,5,6.267
25,191,6,5.782
25,191,7,5.991
25,191,8,6.126
25,191,9,6.136
25,191,10,6.277
25,191,11,6.285
25,191,12,6.416
25,191,13,6.421
25,191,14,6.425
25,191,15,6.494
25,191,16,6.500
25,191,17,6.504
25,191,18,6.534
25,191,19,6.564
25,191,20,6.594
25,191,21,6.625
25,191,22,6.711
25,191,23,6.750
25,191,24,6.780
25,192,0,6.082
25,192,1,5.839
25,192,2,5.876
25,192,3,5.913
25,192,4,5.982
25,192,5,6.264
25,192,6,6.019
25,192,7,6.127
25,192,8,6.163
25,192,9,6.236
25,192,10,6.317
25,192,11,6.359
25,192,12,6.422
25,192,13,6.478
25,192,14,6.513
25,192,15,6.574
25,192,16,6.613
25,192,17,6.673
25,192,18,6.706
25,192,19,6.768
25,192,20,6.802
25,192,21,6.860
25,192,22,6.892
25,192,23,6.952
25,192,24,7.007
25,193,0,5.409
25,193,1,5.225
25,193,2,5.300
25,193,3,5.306
25,193,4,5.362
25,193,5,5.632
25,193,6,5.368
25,193,7,5.457
25,193,8,5.530
25,193,9,5.568
25,193,10,5.692
25,193,11,5.729
25,193,12,5.790
25,193,13,5.872
25,193,14,5.924
25,193,15,6.087
25,193,16,6.229
25,193,17,6.240
25,193,18,6.349
25,193,19,6.355
25,193,20,6.359
25,193,21,6.414
25,193,22,6.420
25,193,23,6.454
25,193,24,6.485
25,194,0,6.066
25,194,1,5.840
25,194,2,5.884
25,194,3,5.915
25,194,4,5.954
25,194,5,6.299
25,194,6,6.026
25,194,7,6.141
25,194,8,6.201
25,194,9,6.236
25,194,10,6.358
25,194,11,6.393
25,194,12,6.457
25,194,13,6.511
25,194,14,6.652
25,194,15,6.764
25,194,16,6.774
25,194,17,6.867
25,194,18,6.877
25,194,19,6.972
25,194,20,6.982
25,194,21,7.093
25,194,22,7.103
25,194,23,7.110
25,194,24,7.158
25,195,0,6.567
25,195,1,6.152
25,195,2,6.196
25,195,3,6.280
25,195,4,6.376
25,195,5,6.907
25,195,6,6.469
25,195,7,6.656
25,195,8,6.743
25,195,9,6.832
25,195,10,6.966
25,195,11,7.003
25,195,12,7.069
25,195,13,7.107
25,195,14,7.180
25,195,15,7.217
25,195,16,7.290
25,195,17,7.336
25,195,18,7.423
25,195,19,7.489
25,195,20,7.527
25,195,21,7.594
25,195,22,7.632
25,195,23,7.697
25,195,24,7.736
25,196,0,5.567
25,196,1,5.335
25,196,2,5.380
25,196,3,5.411
25,196,4,5.459
25,196,5,5.768
25,196,6,5.529
25,196,7,5.620
25,196,8,5.667
25,196,9,5.733
25,196,10,5.830
25,196,11,5.897
25,196,12,6.012
25,196,13,6.087
25,196,14,6.143
25,196,15,6.202
25,196,16,6.259
25,196,17,6.317
25,196,18,6.353
25,196,19,6.415
25,196,20,6.471
25,196,21,6.528
25,196,22,6.677
25,196,23,6.790
25,196,24,6.801
25,197,0,7.000
25,197,1,6.555
25,197,2,6.628
25,197,3,6.719
25,197,4,6.821
25,197,5,7.344
25,197,6,6.911
25,197,7,7.089
25,197,8,7.173
25,197,9,7.258
25,197,10,7.413
25,197,11,7.462
25,197,12,7.522
25,197,13,7.573
25,197,14,7.623
25,197,15,7.674
25,197,16,7.726
25,197,17,7.775
25,197,18,7.828
25,197,19,7.879
25,197,20,7.937
25,197,21,7.988
25,197,22,8.037
25,197,23,8.088
25,197,24,8.140
25,198,0,5.490
25,198,1,5.244
25,198,2,5.283
25,198,3,5.322
25,198,4,5.378
25,198,5,5.698
25,198,6,5.457
25,198,7,5.526
25,198,8,5.595
25,198,9,5.634
25,198,10,5.735
25,198,11,5.799
25,198,12,5.836
25,198,13,6.006
25,198,14,6.139
25,198,15,6.150
25,198,16,6.290
25,198,17,6.300
25,198,18,6.308
25,198,19,6.485
25,198,20,6.495
25,198,21,6.502
25,198,22,6.611
25,198,23,6.620
25,198,24,6.628
25,199,0,5.647
25,199,1,5.432
25,199,2,5.476
25,199,3,5.506
25,199,4,5.543
25,199,5,5.889
25,199,6,5.609
25,199,7,5.716
25,199,8,5.777
25,199,9,5.834
25,199,10,5.944
25,199,11,5.999
25,199,12,6.036
25,199,13,6.094
25,199,14,6.133
25,199,15,6.193
25,199,16,6.230
25,199,17,6.290
25,199,18,6.328
25,199,19,6.387
25,199,20,6.425
25,199,21,6.485
25,199,22,6.521
25,199,23,6.576
25,199,24,6.620
50,0,0,7.885
50,0,1,7.639
50,0,2,6.701
50,0,3,6.763
50,0,4,6.817
50,0,5,6.859
50,0,6,6.895
50,0,7,6.954
50,0,8,7.062
50,0,9,7.110
50,0,10,7.148
50,0,11,7.230
50,0,12,7.276
50,0,13,7.343
50,0,14,7.389
50,0,15,7.458
50,0,16,7.502
50,0,17,7.575
50,0,18,7.701
50,0,19,7.761
50,0,20,7.821
50,0,21,7.928
50,0,22,8.000
50,0,23,8.069
50,0,24,8.111
50,0,25,8.177
50,0,26,8.238
50,0,27,8.298
50,0,28,8.458
50,0,29,8.578
50,0,30,8.589
50,0,31,8.718
50,0,32,8.728
50,0,33,8.881
50,0,34,8.891
50,0,35,8.899
50,0,36,9.009
50,0,37,9.016
50,0,38,9.021
50,0,39,9.090
50,0,40,9.097
50,0,41,9.156
50,0,42,9.163
50,0,43,9.201
50,0,44,9.233
50,0,45,9.302
50,0,46,9.345
50,0,47,9.414
50,0,48,9.474
50,0,49,9.533
50,1,0,7.489
50,1,1,7.188
50,1,2,6.088
50,1,3,6.138
50,1,4,6.175
50,1,5,6.241
50,1,6,6.289
50,1,7,6.364
50,1,8,6.407
50,1,9,6.478
50,1,10,6.539
50,1,11,6.612
50,1,12,6.675
50,1,13,6.735
50,1,14,6.796
50,1,15,6.838
50,1,16,6.907
50,1,17,7.062
50,1,18,7.198
50,1,19,7.313
50,1,20,7.324
50,1,21,7.501
50,1,22,7.509
50,1,23,7.674
50,1,24,7.685
50,1,25,7.693
50,1,26,7.873
50,1,27,7.883
50,1,28,7.891
50,1,29,7.897
50,1,30,8.022
50,1,31,8.028
50,1,32,8.032
50,1,33,8.109
50,1,34,8.115
50,1,35,8.119
50,1,36,8.176
50,1,37,8.181
50,1,38,8.217
50,1,39,8.252
50,1,40,8.284
50,1,41,8.321
50,1,42,8.435
50,1,43,8.498
50,1,44,8.556
50,1,45,8.613
50,1,46,8.669
50,1,47,8.726
50,1,48,8.781
50,1,49,8.830
50,2,0,8.745
50,2,1,8.611
50,2,2,7.530
50,2,3,7.623
50,2,4,7.737
50,2,5,7.749
50,2,6,7.910
50,2,7,7.922
50,2,8,8.068
50,2,9,8.079
50,2,10,8.087
50,2,11,8.195
50,2,12,8.205
50,2,13,8.423
50,2,14,8.434
50,2,15,8.442
50,2,16,8.598
50,2,17,8.605
50,2,18,8.728
50,2,19,8.735
50,2,20,8.740
50,2,21,8.811
50,2,22,8.818
50,2,23,8.879
50,2,24,8.886
50,2,25,8.919
50,2,26,8.960
50,2,27,9.046
50,2,28,9.089
50,2,29,9.152
50,2,30,9.203
50,2,31,9.275
50,2,32,9.318
50,2,33,9.387
50,2,34,9.447
50,2,35,9.505
50,2,36,9.575
50,2,37,9.616
50,2,38,9.687
50,2,39,9.729
50,2,40,9.819
50,2,41,9.890
50,2,42,9.931
50,2,43,10.002
50,2,44,10.052
50,2,45,10.129
50,2,46,10.170
50,2,47,10.244
50,2,48,10.284
50,2,49,10.357
50,3,0,7.927
50,3,1,7.693
50,3,2,6.661
50,3,3,6.723
50,3,4,6.845
50,3,5,6.896
50,3,6,6.946
50,3,7,7.021
50,3,8,7.090
50,3,9,7.196
50,3,10,7.247
50,3,11,7.296
50,3,12,7.340
50,3,13,7.375
50,3,14,7.439
50,3,15,7.501
50,3,16,7.563
50,3,17,7.610
50,3,18,7.734
50,3,19,7.801
50,3,20,7.849
50,3,21,8.002
50,3,22,8.066
50,3,23,8.130
50,3,24,8.226
50,3,25,8.273
50,3,26,8.309
50,3,27,8.350
50,3,28,8.415
50,3,29,8.481
50,3,30,8.524
50,3,31,8.591
50,3,32,8.651
50,3,33,8.709
50,3,34,8.768
50,3,35,8.835
50,3,36,8.894
50,3,37,8.960
50,3,38,9.001
50,3,39,9.063
50,3,40,9.104
50,3,41,9.176
50,3,42,9.237
50,3,43,9.299
50,3,44,9.359
50,3,45,9.423
50,3,46,9.483
50,3,47,9.545
50,3,48,9.586
50,3,49,9.656
50,4,0,7.559
50,4,1,7.392
50,4,2,6.382
50,4,3,6.536
50,4,4,6.555
50,4,5,6.675
50,4,6,6.685
50,4,7,6.787
50,4,8,6.798
50,4,9,6.905
50,4,10,6.914
50,4,11,7.016
50,4,12,7.026
50,4,13,7.089
50,4,14,7.188
50,4,15,7.198
50,4,16,7.294
50,4,17,7.304
50,4,18,7.401
50,4,19,7.461
50,4,20,7.549
50,4,21,7.628
50,4,22,7.683
50,4,23,7.739
50,4,24,7.783
50,4,25,7.821
50,4,26,7.852
50,4,27,8.070
50,4,28,8.158
50,4,29,8.225
50,4,30,8.295
50,4,31,8.392
50,4,32,8.403
50,4,33,8.467
50,4,34,8.559
50,4,35,8.568
50,4,36,8.630
50,4,37,8.720
50,4,38,8.730
50,4,39,8.792
50,4,40,8.884
50,4,41,8.894
50,4,42,8.958
50,4,43,9.043
50,4,44,9.052
50,4,45,9.092
50,4,46,9.123
50,4,47,9.162
50,4,48,9.273
50,4,49,9.316
50,5,0,7.444
50,5,1,7.253
50,5,2,6.361
50,5,3,6.451
50,5,4,6.566
50,5,5,6.577
50,5,6,6.683
50,5,7,6.695
50,5,8,6.800
50,5,9,6.811
50,5,10,6.913
50,5,11,6.923
50,5,12,7.041
50,5,13,7.052
50,5,14,7.143
50,5,15,7.150
50,5,16,7.209
50,5,17,7.215
50,5,18,7.292
50,5,19,7.325
50,5,20,7.367
50,5,21,7.488
50,5,22,7.558
50,5,23,7.611
50,5,24,7.678
50,5,25,7.739
50,5,26,7.804
50,5,27,7.877
50,5,28,7.936
50,5,29,8.004
50,5,30,8.048
50,5,31,8.117
50,5,32,8.171
50,5,33,8.237
50,5,34,8.296
50,5,35,8.353
50,5,36,8.419
50,5,37,8.485
50,5,38,8.534
50,5,39,8.598
50,5,40,8.659
50,5,41,8.718
50,5,42,8.777
50,5,43,8.836
50,5,44,8.898
50,5,45,8.959
50,5,46,9.019
50,5,47,9.082
50,5,48,9.144
50,5,49,9.207
50,6,0,8.580
50,6,1,8.342
50,6,2,6.887
50,6,3,6.943
50,6,4,7.056
50,6,5,7.147
50,6,6,7.244
50,6,7,7.339
50,6,8,7.435
50,6,9,7.528
50,6,10,7.608
50,6,11,7.670
50,6,12,7.734
50,6,13,7.825
50,6,14,8.035
50,6,15,8.135
50,6,16,8.219
50,6,17,8.330
50,6,18,8.448
50,6,19,8.459
50,6,20,8.570
50,6,21,8.678
50,6,22,8.688
50,6,23,8.765
50,6,24,8.772
50,6,25,8.829
50,6,26,8.835
50,6,27,8.867
50,6,28,8.909
50,6,29,9.019
50,6,30,9.066
50,6,31,9.100
50,6,32,9.144
50,6,33,9.224
50,6,34,9.343
50,6,35,9.395
50,6,36,9.437
50,6,37,9.479
50,6,38,9.513
50,6,39,9.556
50,6,40,9.637
50,6,41,9.680
50,6,42,9.754
50,6,43,9.796
50,6,44,9.867
50,6,45,10.041
50,6,46,10.169
50,6,47,10.228
50,6,48,10.327
50,6,49,10.337
50,7,0,7.658
50,7,1,7.463
50,7,2,6.346
50,7,3,6.390
50,7,4,6.437
50,7,5,6.509
50,7,6,6.553
50,7,7,6.624
50,7,8,6.676
50,7,9,6.744
50,7,10,6.806
50,7,11,6.849
50,7,12,6.924
50,7,13,6.992
50,7,14,7.033
50,7,15,7.102
50,7,16,7.144
50,7,17,7.210
50,7,18,7.478
50,7,19,7.639
50,7,20,7.650
50,7,21,7.807
50,7,22,7.818
50,7,23,7.826
50,7,24,7.923
50,7,25,7.929
50,7,26,7.987
50,7,27,7.993
50,7,28,8.049
50,7,29,8.107
50,7,30,8.152
50,7,31,8.350
50,7,32,8.491
50,7,33,8.503
50,7,34,8.640
50,7,35,8.651
50,7,36,8.658
50,7,37,8.792
50,7,38,8.805
50,7,39,8.919
50,7,40,8.926
50,7,41,9.013
50,7,42,9.020
50,7,43,9.025
50,7,44,9.084
50,7,45,9.090
50,7,46,9.127
50,7,47,9.161
50,7,48,9.202
50,7,49,9.296
50,8,0,8.209
50,8,1,8.041
50,8,2,7.108
50,8,3,7.236
50,8,4,7.247
50,8,5,7.354
50,8,6,7.365
50,8,7,7.466
50,8,8,7.477
50,8,9,7.588
50,8,10,7.599
50,8,11,7.696
50,8,12,7.706
50,8,13,7.799
50,8,14,7.809
50,8,15,7.873
50,8,16,7.967
50,8,17,7.977
50,8,18,8.122
50,8,19,8.129
50,8,20,8.169
50,8,21,8.243
50,8,22,8.285
50,8,23,8.361
50,8,24,8.405
50,8,25,8.469
50,8,26,8.512
50,8,27,8.580
50,8,28,8.623
50,8,29,8.693
50,8,30,8.743
50,8,31,8.810
50,8,32,8.877
50,8,33,8.920
50,8,34,9.003
50,8,35,9.047
50,8,36,9.110
50,8,37,9.300
50,8,38,9.435
50,8,39,9.447
50,8,40,9.585
50,8,41,9.596
50,8,42,9.604
50,8,43,9.703
50,8,44,9.713
50,8,45,9.802
50,8,46,9.811
50,8,47,9.878
50,8,48,9.938
50,8,49,10.012
50,9,0,8.857
50,9,1,8.735
50,9,2,7.148
50,9,3,7.201
50,9,4,7.239
50,9,5,7.286
50,9,6,7.361
50,9,7,8.044
50,9,8,8.173
50,9,9,8.185
50,9,10,8.305
50,9,11,8.323
50,9,12,8.439
50,9,13,8.449
50,9,14,8.563
50,9,15,8.575
50,9,16,8.666
50,9,17,8.673
50,9,18,8.742
50,9,19,8.780
50,9,20,8.819
50,9,21,8.889
50,9,22,9.002
50,9,23,9.049
50,9,24,9.086
50,9,25,9.129
50,9,26,9.199
50,9,27,9.243
50,9,28,9.306
50,9,29,9.355
50,9,30,9.428
50,9,31,9.495
50,9,32,9.554
50,9,33,9.614
50,9,34,9.677
50,9,35,9.738
50,9,36,9.799
50,9,37,9.861
50,9,38,9.924
50,9,39,9.989
50,9,40,10.031
50,9,41,10.101
50,9,42,10.150
50,9,43,10.213
50,9,44,10.272
50,9,45,10.334
50,9,46,10.394
50,9,47,10.454
50,9,48,10.514
50,9,49,10.576
50,10,0,7.631
50,10,1,7.533
50,10,2,6.270
50,10,3,6.655
50,10,4,6.938
50,10,5,6.955
50,10,6,6.964
50,10,7,6.972
50,10,8,6.980
50,10,9,6.987
50,10,10,7.171
50,10,11,7.182
50,10,12,7.190
50,10,13,7.370
50,10,14,7.382
50,10,15,7.390
50,10,16,7.397
50,10,17,7.527
50,10,18,7.538
50,10,19,7.543
50,10,20,7.624
50,10,21,7.636
50,10,22,7.674
50,10,23,7.712
50,10,24,7.753
50,10,25,7.793
50,10,26,7.825
50,10,27,7.898
50,10,28,7.940
50,10,29,8.003
50,10,30,8.045
50,10,31,8.117
50,10,32,8.158
50,10,33,8.229
50,10,34,8.269
50,10,35,8.341
50,10,36,8.381
50,10,37,8.453
50,10,38,8.493
50,10,39,8.557
50,10,40,8.615
50,10,41,8.686
50,10,42,8.726
50,10,43,8.796
50,10,44,8.836
50,10,45,8.906
50,10,46,8.945
50,10,47,9.016
50,10,48,9.056
50,10,49,9.128
50,11,0,7.679
50,11,1,7.302
50,11,2,6.505
50,11,3,6.630
50,11,4,6.642
50,11,5,6.745
50,11,6,6.755
50,11,7,6.825
50,11,8,6.831
50,11,9,6.893
50,11,10,6.899
50,11,11,6.937
50,11,12,6.975
50,11,13,7.008
50,11,14,7.052
50,11,15,7.096
50,11,16,7.176
50,11,17,7.219
50,11,18,7.345
50,11,19,7.416
50,11,20,7.664
50,11,21,7.833
50,11,22,7.845
50,11,23,7.853
50,11,24,7.995
50,11,25,8.006
50,11,26,8.014
50,11,27,8.147
50,11,28,8.156
50,11,29,8.163
50,11,30,8.291
50,11,31,8.300
50,11,32,8.308
50,11,33,8.427
50,11,34,8.437
50,11,35,8.445
50,11,36,8.536
50,11,37,8.545
50,11,38,8.634
50,11,39,8.644
50,11,40,8.732
50,11,41,8.741
50,11,42,8.829
50,11,43,8.837
50,11,44,8.925
50,11,45,8.934
50,11,46,9.022
50,11,47,9.031
50,11,48,9.107
50,11,49,9.116
50,12,0,7.613
50,12,1,7.458
50,12,2,6.380
50,12,3,6.428
50,12,4,6.462
50,12,5,6.536
50,12,6,6.602
50,12,7,6.796
50,12,8,6.946
50,12,9,6.957
50,12,10,7.065
50,12,11,7.075
50,12,12,7.226
50,12,13,7.236
50,12,14,7.248
50,12,15,7.345
50,12,16,7.356
50,12,17,7.448
50,12,18,7.537
50,12,19,7.543
50,12,20,7.607
50,12,21,7.653
50,12,22,7.701
50,12,23,7.741
50,12,24,7.779
50,12,25,7.811
50,12,26,7.910
50,12,27,7.950
50,12,28,7.993
50,12,29,8.129
50,12,30,8.211
50,12,31,8.284
50,12,32,8.344
50,12,33,8.417
50,12,34,8.630
50,12,35,8.714
50,12,36,8.820
50,12,37,8.831
50,12,38,8.930
50,12,39,8.940
50,12,40,9.034
50,12,41,9.044
50,12,42,9.136
50,12,43,9.146
50,12,44,9.288
50,12,45,9.297
50,12,46,9.374
50,12,47,9.381
50,12,48,9.435
50,12,49,9.441
50,13,0,7.418
50,13,1,7.186
50,13,2,6.373
50,13,3,6.497
50,13,4,6.508
50,13,5,6.610
50,13,6,6.620
50,13,7,6.717
50,13,8,6.727
50,13,9,6.785
50,13,10,6.791
50,13,11,6.857
50,13,12,6.896
50,13,13,6.936
50,13,14,6.968
50,13,15,7.039
50,13,16,7.083
50,13,17,7.146
50,13,18,7.263
50,13,19,7.305
50,13,20,7.377
50,13,21,7.477
50,13,22,7.649
50,13,23,7.779
50,13,24,7.790
50,13,25,7.933
50,13,26,7.944
50,13,27,7.951
50,13,28,8.081
50,13,29,8.090
50,13,30,8.098
50,13,31,8.224
50,13,32,8.233
50,13,33,8.240
50,13,34,8.359
50,13,35,8.369
50,13,36,8.376
50,13,37,8.462
50,13,38,8.471
50,13,39,8.558
50,13,40,8.566
50,13,41,8.653
50,13,42,8.662
50,13,43,8.752
50,13,44,8.761
50,13,45,8.908
50,13,46,8.917
50,13,47,9.024
50,13,48,9.033
50,13,49,9.041
50,14,0,7.370
50,14,1,7.145
50,14,2,6.319
50,14,3,6.370
50,14,4,6.423
50,14,5,6.469
50,14,6,6.508
50,14,7,6.541
50,14,8,6.598
50,14,9,6.715
50,14,10,6.762
50,14,11,6.801
50,14,12,6.835
50,14,13,6.876
50,14,14,6.954
50,14,15,6.997
50,14,16,7.036
50,14,17,7.105
50,14,18,7.215
50,14,19,7.255
50,14,20,7.323
50,14,21,7.438
50,14,22,7.477
50,14,23,7.544
50,14,24,7.597
50,14,25,7.659
50,14,26,7.699
50,14,27,7.853
50,14,28,7.959
50,14,29,7.969
50,14,30,8.062
50,14,31,8.071
50,14,32,8.161
50,14,33,8.171
50,14,34,8.258
50,14,35,8.267
50,14,36,8.353
50,14,37,8.362
50,14,38,8.448
50,14,39,8.457
50,14,40,8.539
50,14,41,8.548
50,14,42,8.588
50,14,43,8.621
50,14,44,8.654
50,14,45,8.683
50,14,46,8.725
50,14,47,8.827
50,14,48,8.873
50,14,49,8.907
50,15,0,7.151
50,15,1,6.978
50,15,2,6.089
50,15,3,6.209
50,15,4,6.220
50,15,5,6.332
50,15,6,6.341
50,15,7,6.456
50,15,8,6.466
50,15,9,6.563
50,15,10,6.573
50,15,11,6.667
50,15,12,6.676
50,15,13,6.769
50,15,14,6.779
50,15,15,6.870
50,15,16,6.879
50,15,17,6.969
50,15,18,7.068
50,15,19,7.077
50,15,20,7.146
50,15,21,7.185
50,15,22,7.220
50,15,23,7.255
50,15,24,7.285
50,15,25,7.325
50,15,26,7.406
50,15,27,7.454
50,15,28,7.513
50,15,29,7.551
50,15,30,7.614
50,15,31,7.670
50,15,32,7.725
50,15,33,7.876
50,15,34,7.989
50,15,35,8.000
50,15,36,8.094
50,15,37,8.104
50,15,38,8.192
50,15,39,8.202
50,15,40,8.286
50,15,41,8.295
50,15,42,8.382
50,15,43,8.391
50,15,44,8.471
50,15,45,8.480
50,15,46,8.530
50,15,47,8.583
50,15,48,8.636
50,15,49,8.684
50,16,0,7.109
50,16,1,6.899
50,16,2,5.819
50,16,3,5.859
50,16,4,5.899
50,16,5,5.965
50,16,6,6.021
50,16,7,6.076
50,16,8,6.281
50,16,9,6.390
50,16,10,6.400
50,16,11,6.457
50,16,12,6.532
50,16,13,6.619
50,16,14,6.716
50,16,15,6.728
50,16,16,6.794
50,16,17,6.847
50,16,18,6.953
50,16,19,7.014
50,16,20,7.066
50,16,21,7.142
50,16,22,7.174
50,16,23,7.202
50,16,24,7.297
50,16,25,7.340
50,16,26,7.386
50,16,27,7.418
50,16,28,7.468
50,16,29,7.532
50,16,30,7.575
50,16,31,7.638
50,16,32,7.691
50,16,33,7.754
50,16,34,7.790
50,16,35,7.862
50,16,36,7.905
50,16,37,7.966
50,16,38,8.027
50,16,39,8.063
50,16,40,8.137
50,16,41,8.202
50,16,42,8.255
50,16,43,8.316
50,16,44,8.352
50,16,45,8.415
50,16,46,8.473
50,16,47,8.534
50,16,48,8.569
50,16,49,8.633
50,17,0,6.918
50,17,1,6.690
50,17,2,5.883
50,17,3,5.929
50,17,4,5.993
50,17,5,6.031
50,17,6,6.062
50,17,7,6.112
50,17,8,6.151
50,17,9,6.235
50,17,10,6.267
50,17,11,6.325
50,17,12,6.363
50,17,13,6.426
50,17,14,6.476
50,17,15,6.530
50,17,16,6.585
50,17,17,6.652
50,17,18,6.757
50,17,19,6.809
50,17,20,6.864
50,17,21,6.970
50,17,22,7.035
50,17,23,7.071
50,17,24,7.135
50,17,25,7.171
50,17,26,7.235
50,17,27,7.271
50,17,28,7.334
50,17,29,7.371
50,17,30,7.431
50,17,31,7.490
50,17,32,7.525
50,17,33,7.587
50,17,34,7.645
50,17,35,7.679
50,17,36,7.751
50,17,37,7.808
50,17,38,7.858
50,17,39,7.932
50,17,40,7.967
50,17,41,8.030
50,17,42,8.078
50,17,43,8.139
50,17,44,8.174
50,17,45,8.235
50,17,46,8.290
50,17,47,8.343
50,17,48,8.582
50,17,49,8.597
50,18,0,6.994
50,18,1,6.755
50,18,2,5.616
50,18,3,5.662
50,18,4,5.697
50,18,5,5.737
50,18,6,5.828
50,18,7,5.913
50,18,8,5.969
50,18,9,6.036
50,18,10,6.074
50,18,11,6.183
50,18,12,6.219
50,18,13,6.248
50,18,14,6.438
50,18,15,6.568
50,18,16,6.580
50,18,17,6.744
50,18,18,6.763
50,18,19,6.855
50,18,20,6.861
50,18,21,7.039
50,18,22,7.073
50,18,23,7.123
50,18,24,7.352
50,18,25,7.533
50,18,26,7.544
50,18,27,7.552
50,18,28,7.725
50,18,29,7.735
50,18,30,7.743
50,18,31,7.751
50,18,32,7.948
50,18,33,7.959
50,18,34,7.967
50,18,35,7.971
50,18,36,8.060
50,18,37,8.065
50,18,38,8.070
50,18,39,8.074
50,18,40,8.139
50,18,41,8.144
50,18,42,8.148
50,18,43,8.178
50,18,44,8.208
50,18,45,8.242
50,18,46,8.268
50,18,47,8.379
50,18,48,8.441
50,18,49,8.491
50,19,0,7.299
50,19,1,7.181
50,19,2,5.730
50,19,3,5.768
50,19,4,5.808
50,19,5,5.866
50,19,6,5.912
50,19,7,5.980
50,19,8,6.016
50,19,9,6.081
50,19,10,6.142
50,19,11,6.493
50,19,12,6.658
50,19,13,6.748
50,19,14,6.857
50,19,15,6.868
50,19,16,6.975
50,19,17,6.985
50,19,18,7.189
50,19,19,7.193
50,19,20,7.293
50,19,21,7.304
50,19,22,7.309
50,19,23,7.369
50,19,24,7.375
50,19,25,7.427
50,19,26,7.433
50,19,27,7.464
50,19,28,7.492
50,19,29,7.527
50,19,30,7.585
50,19,31,7.621
50,19,32,7.685
50,19,33,7.719
50,19,34,7.910
50,19,35,8.126
50,19,36,8.138
50,19,37,8.146
50,19,38,8.321
50,19,39,8.331
50,19,40,8.339
50,19,41,8.346
50,19,42,8.553
50,19,43,8.564
50,19,44,8.571
50,19,45,8.577
50,19,46,8.583
50,19,47,8.699
50,19,48,8.708
50,19,49,8.715
50,20,0,10.657
50,20,1,10.260
50,20,2,8.956
50,20,3,9.028
50,20,4,9.090
50,20,5,9.149
50,20,6,9.200
50,20,7,9.305
50,20,8,9.357
50,20,9,9.399
50,20,10,9.511
50,20,11,9.579
50,20,12,9.687
50,20,13,9.786
50,20,14,9.885
50,20,15,9.983
50,20,16,10.080
50,20,17,10.190
50,20,18,10.364
50,20,19,10.456
50,20,20,10.556
50,20,21,10.752
50,20,22,10.846
50,20,23,10.942
50,20,24,11.038
50,20,25,11.134
50,20,26,11.228
50,20,27,11.322
50,20,28,11.416
50,20,29,11.511
50,20,30,11.611
50,20,31,11.708
50,20,32,11.805
50,20,33,11.899
50,20,34,11.999
50,20,35,12.086
50,20,36,12.184
50,20,37,12.287
50,20,38,12.384
50,20,39,12.478
50,20,40,12.573
50,20,41,12.672
50,20,42,12.772
50,20,43,12.869
50,20,44,12.967
50,20,45,13.062
50,20,46,13.154
50,20,47,13.249
50,20,48,13.341
50,20,49,13.434
50,21,0,9.274
50,21,1,9.060
50,21,2,7.601
50,21,3,7.675
50,21,4,7.740
50,21,5,7.802
50,21,6,7.855
50,21,7,7.946
50,21,8,8.048
50,21,9,8.155
50,21,10,8.253
50,21,11,8.364
50,21,12,8.437
50,21,13,8.539
50,21,14,8.641
50,21,15,8.741
50,21,16,8.841
50,21,17,8.944
50,21,18,9.104
50,21,19,9.150
50,21,20,9.192
50,21,21,9.317
50,21,22,9.387
50,21,23,9.426
50,21,24,9.494
50,21,25,9.533
50,21,26,9.599
50,21,27,9.637
50,21,28,9.704
50,21,29,9.741
50,21,30,9.807
50,21,31,9.845
50,21,32,9.910
50,21,33,9.945
50,21,34,10.009
50,21,35,10.066
50,21,36,10.120
50,21,37,10.173
50,21,38,10.227
50,21,39,10.279
50,21,40,10.344
50,21,41,10.382
50,21,42,10.447
50,21,43,10.500
50,21,44,10.554
50,21,45,10.619
50,21,46,10.673
50,21,47,10.757
50,21,48,10.835
50,21,49,10.919
50,22,0,7.654
50,22,1,7.530
50,22,2,6.741
50,22,3,6.875
50,22,4,6.887
50,22,5,7.053
50,22,6,7.066
50,22,7,7.074
50,22,8,7.233
50,22,9,7.244
50,22,10,7.251
50,22,11,7.366
50,22,12,7.373
50,22,13,7.377
50,22,14,7.382
50,22,15,7.454
50,22,16,7.460
50,22,17,7.465
50,22,18,7.548
50,22,19,7.593
50,22,20,7.648
50,22,21,7.683
50,22,22,7.720
50,22,23,7.878
50,22,24,8.006
50,22,25,8.016
50,22,26,8.155
50,22,27,8.166
50,22,28,8.174
50,22,29,8.308
50,22,30,8.318
50,22,31,8.325
50,22,32,8.455
50,22,33,8.465
50,22,34,8.473
50,22,35,8.551
50,22,36,8.557
50,22,37,8.561
50,22,38,8.617
50,22,39,8.623
50,22,40,8.651
50,22,41,8.686
50,22,42,8.857
50,22,43,8.989
50,22,44,9.001
50,22,45,9.167
50,22,46,9.178
50,22,47,9.186
50,22,48,9.270
50,22,49,9.280
50,23,0,9.989
50,23,1,9.876
50,23,2,8.764
50,23,3,8.865
50,23,4,8.872
50,23,5,8.910
50,23,6,8.949
50,23,7,8.987
50,23,8,9.036
50,23,9,9.113
50,23,10,9.154
50,23,11,9.221
50,23,12,9.397
50,23,13,9.486
50,23,14,9.601
50,23,15,9.613
50,23,16,9.723
50,23,17,9.733
50,23,18,9.884
50,23,19,9.977
50,23,20,9.984
50,23,21,10.048
50,23,22,10.054
50,23,23,10.108
50,23,24,10.114
50,23,25,10.142
50,23,26,10.249
50,23,27,10.384
50,23,28,10.429
50,23,29,10.463
50,23,30,10.561
50,23,31,10.640
50,23,32,10.718
50,23,33,10.832
50,23,34,10.927
50,23,35,10.989
50,23,36,11.097
50,23,37,11.141
50,23,38,11.260
50,23,39,11.342
50,23,40,11.427
50,23,41,11.514
50,23,42,11.581
50,23,43,11.621
50,23,44,11.680
50,23,45,11.732
50,23,46,11.787
50,23,47,11.839
50,23,48,11.901
50,23,49,11.959
50,24,0,7.011
50,24,1,6.885
50,24,2,6.084
50,24,3,6.214
50,24,4,6.226
50,24,5,6.339
50,24,6,6.349
50,24,7,6.489
50,24,8,6.499
50,24,9,6.507
50,24,10,6.655
50,24,11,6.666
50,24,12,6.674
50,24,13,6.776
50,24,14,6.782
50,24,15,6.787
50,24,16,6.874
50,24,17,6.880
50,24,18,6.938
50,24,19,6.944
50,24,20,6.977
50,24,21,7.044
50,24,22,7.072
50,24,23,7.137
50,24,24,7.176
50,24,25,7.230
50,24,26,7.267
50,24,27,7.330
50,24,28,7.372
50,24,29,7.421
50,24,30,7.459
50,24,31,7.533
50,24,32,7.570
50,24,33,7.630
50,24,34,7.669
50,24,35,7.731
50,24,36,7.770
50,24,37,7.832
50,24,38,7.890
50,24,39,7.929
50,24,40,7.988
50,24,41,8.027
50,24,42,8.087
50,24,43,8.126
50,24,44,8.190
50,24,45,8.229
50,24,46,8.285
50,24,47,8.322
50,24,48,8.379
50,24,49,8.431
50,25,0,7.874
50,25,1,7.667
50,25,2,6.857
50,25,3,6.905
50,25,4,6.944
50,25,5,6.983
50,25,6,7.015
50,25,7,7.079
50,25,8,7.122
50,25,9,7.183
50,25,10,7.238
50,25,11,7.291
50,25,12,7.346
50,25,13,7.384
50,25,14,7.444
50,25,15,7.497
50,25,16,7.550
50,25,17,7.610
50,25,18,7.722
50,25,19,7.776
50,25,20,7.836
50,25,21,7.933
50,25,22,7.973
50,25,23,8.036
50,25,24,8.073
50,25,25,8.136
50,25,26,8.188
50,25,27,8.232
50,25,28,8.287
50,25,29,8.375
50,25,30,8.418
50,25,31,8.455
50,25,32,8.485
50,25,33,8.523
50,25,34,8.577
50,25,35,8.620
50,25,36,8.682
50,25,37,8.734
50,25,38,8.786
50,25,39,8.846
50,25,40,8.903
50,25,41,8.943
50,25,42,9.000
50,25,43,9.039
50,25,44,9.100
50,25,45,9.136
50,25,46,9.197
50,25,47,9.236
50,25,48,9.297
50,25,49,9.335
50,26,0,8.088
50,26,1,7.810
50,26,2,6.603
50,26,3,6.688
50,26,4,6.786
50,26,5,6.878
50,26,6,6.972
50,26,7,7.038
50,26,8,7.092
50,26,9,7.145
50,26,10,7.203
50,26,11,7.239
50,26,12,7.297
50,26,13,7.472
50,26,14,7.614
50,26,15,7.625
50,26,16,7.734
50,26,17,7.744
50,26,18,7.872
50,26,19,7.938
50,26,20,7.997
50,26,21,8.135
50,26,22,8.198
50,26,23,8.236
50,26,24,8.346
50,26,25,8.387
50,26,26,8.424
50,26,27,8.464
50,26,28,8.622
50,26,29,8.748
50,26,30,8.759
50,26,31,8.949
50,26,32,8.960
50,26,33,8.968
50,26,34,9.157
50,26,35,9.167
50,26,36,9.175
50,26,37,9.182
50,26,38,9.358
50,26,39,9.363
50,26,40,9.368
50,26,41,9.373
50,26,42,9.469
50,26,43,9.475
50,26,44,9.479
50,26,45,9.484
50,26,46,9.549
50,26,47,9.554
50,26,48,9.599
50,26,49,9.605
50,27,0,7.572
50,27,1,7.370
50,27,2,6.551
50,27,3,6.606
50,27,4,6.646
50,27,5,6.679
50,27,6,6.718
50,27,7,6.788
50,27,8,6.826
50,27,9,6.891
50,27,10,6.948
50,27,11,7.001
50,27,12,7.057
50,27,13,7.109
50,27,14,7.162
50,27,15,7.224
50,27,16,7.262
50,27,17,7.317
50,27,18,7.424
50,27,19,7.477
50,27,20,7.529
50,27,21,7.634
50,27,22,7.672
50,27,23,7.732
50,27,24,7.773
50,27,25,7.836
50,27,26,7.875
50,27,27,7.930
50,27,28,7.989
50,27,29,8.046
50,27,30,8.086
50,27,31,8.147
50,27,32,8.191
50,27,33,8.250
50,27,34,8.300
50,27,35,8.351
50,27,36,8.403
50,27,37,8.456
50,27,38,8.508
50,27,39,8.559
50,27,40,8.612
50,27,41,8.663
50,27,42,8.714
50,27,43,8.765
50,27,44,8.816
50,27,45,8.871
50,27,46,8.905
50,27,47,8.968
50,27,48,9.018
50,27,49,9.069
50,28,0,7.581
50,28,1,7.370
50,28,2,6.597
50,28,3,6.645
50,28,4,6.726
50,28,5,6.802
50,28,6,6.816
50,28,7,6.853
50,28,8,6.891
50,28,9,6.926
50,28,10,6.958
50,28,11,7.031
50,28,12,7.062
50,28,13,7.101
50,28,14,7.165
50,28,15,7.205
50,28,16,7.262
50,28,17,7.301
50,28,18,7.408
50,28,19,7.483
50,28,20,7.522
50,28,21,7.618
50,28,22,7.682
50,28,23,7.741
50,28,24,7.776
50,28,25,7.838
50,28,26,7.888
50,28,27,7.950
50,28,28,7.987
50,28,29,8.049
50,28,30,8.084
50,28,31,8.147
50,28,32,8.201
50,28,33,8.237
50,28,34,8.302
50,28,35,8.361
50,28,36,8.397
50,28,37,8.460
50,28,38,8.517
50,28,39,8.573
50,28,40,8.629
50,28,41,8.686
50,28,42,8.744
50,28,43,8.778
50,28,44,8.841
50,28,45,8.891
50,28,46,8.950
50,28,47,8.999
50,28,48,9.058
50,28,49,9.114
50,29,0,6.732
50,29,1,6.533
50,29,2,5.707
50,29,3,5.754
50,29,4,5.788
50,29,5,5.838
50,29,6,5.925
50,29,7,5.965
50,29,8,6.037
50,29,9,6.101
50,29,10,6.140
50,29,11,6.205
50,29,12,6.244
50,29,13,6.296
50,29,14,6.333
50,29,15,6.408
50,29,16,6.445
50,29,17,6.497
50,29,18,6.609
50,29,19,6.644
50,29,20,6.697
50,29,21,6.794
50,29,22,6.844
50,29,23,6.907
50,29,24,6.941
50,29,25,7.004
50,29,26,7.039
50,29,27,7.101
50,29,28,7.136
50,29,29,7.197
50,29,30,7.252
50,29,31,7.285
50,29,32,7.348
50,29,33,7.405
50,29,34,7.592
50,29,35,7.676
50,29,36,7.782
50,29,37,7.792
50,29,38,7.902
50,29,39,7.911
50,29,40,7.999
50,29,41,8.008
50,29,42,8.071
50,29,43,8.164
50,29,44,8.173
50,29,45,8.264
50,29,46,8.273
50,29,47,8.359
50,29,48,8.368
50,29,49,8.402
50,30,0,6.780
50,30,1,6.567
50,30,2,5.700
50,30,3,5.749
50,30,4,5.789
50,30,5,5.836
50,30,6,5.869
50,30,7,5.935
50,30,8,6.007
50,30,9,6.066
50,30,10,6.125
50,30,11,6.179
50,30,12,6.231
50,30,13,6.285
50,30,14,6.338
50,30,15,6.377
50,30,16,6.441
50,30,17,6.511
50,30,18,6.620
50,30,19,6.674
50,30,20,6.727
50,30,21,6.838
50,30,22,6.889
50,30,23,6.947
50,30,24,7.020
50,30,25,7.075
50,30,26,7.127
50,30,27,7.182
50,30,28,7.234
50,30,29,7.286
50,30,30,7.338
50,30,31,7.394
50,30,32,7.445
50,30,33,7.516
50,30,34,7.571
50,30,35,7.630
50,30,36,7.669
50,30,37,7.729
50,30,38,7.877
50,30,39,7.998
50,30,40,8.009
50,30,41,8.109
50,30,42,8.119
50,30,43,8.218
50,30,44,8.229
50,30,45,8.327
50,30,46,8.337
50,30,47,8.425
50,30,48,8.434
50,30,49,8.482
50,31,0,6.599
50,31,1,6.485
50,31,2,5.475
50,31,3,5.522
50,31,4,5.562
50,31,5,5.595
50,31,6,5.657
50,31,7,5.721
50,31,8,5.761
50,31,9,5.950
50,31,10,6.078
50,31,11,6.090
50,31,12,6.208
50,31,13,6.220
50,31,14,6.380
50,31,15,6.390
50,31,16,6.398
50,31,17,6.480
50,31,18,6.490
50,31,19,6.544
50,31,20,6.550
50,31,21,6.629
50,31,22,6.666
50,31,23,6.759
50,31,24,6.795
50,31,25,6.836
50,31,26,7.020
50,31,27,7.149
50,31,28,7.160
50,31,29,7.350
50,31,30,7.362
50,31,31,7.370
50,31,32,7.536
50,31,33,7.545
50,31,34,7.554
50,31,35,7.564
50,31,36,7.684
50,31,37,7.689
50,31,38,7.694
50,31,39,7.698
50,31,40,7.793
50,31,41,7.799
50,31,42,7.804
50,31,43,7.862
50,31,44,7.867
50,31,45,7.899
50,31,46,7.931
50,31,47,7.963
50,31,48,8.120
50,31,49,8.181
50,32,0,7.551
50,32,1,7.368
50,32,2,6.533
50,32,3,6.583
50,32,4,6.622
50,32,5,6.660
50,32,6,6.693
50,32,7,6.732
50,32,8,6.797
50,32,9,6.843
50,32,10,6.904
50,32,11,6.961
50,32,12,7.009
50,32,13,7.072
50,32,14,7.115
50,32,15,7.213
50,32,16,7.265
50,32,17,7.310
50,32,18,7.416
50,32,19,7.460
50,32,20,7.503
50,32,21,7.594
50,32,22,7.639
50,32,23,7.679
50,32,24,7.731
50,32,25,7.770
50,32,26,7.814
50,32,27,7.858
50,32,28,7.929
50,32,29,8.080
50,32,30,8.178
50,32,31,8.275
50,32,32,8.356
50,32,33,8.444
50,32,34,8.539
50,32,35,8.628
50,32,36,8.711
50,32,37,8.802
50,32,38,8.886
50,32,39,8.982
50,32,40,9.022
50,32,41,9.054
50,32,42,9.104
50,32,43,9.168
50,32,44,9.207
50,32,45,9.261
50,32,46,9.318
50,32,47,9.398
50,32,48,9.429
50,32,49,9.483
50,33,0,7.328
50,33,1,6.954
50,33,2,5.852
50,33,3,5.981
50,33,4,5.994
50,33,5,6.099
50,33,6,6.109
50,33,7,6.168
50,33,8,6.237
50,33,9,6.304
50,33,10,6.361
50,33,11,6.430
50,33,12,6.603
50,33,13,6.682
50,33,14,6.752
50,33,15,6.799
50,33,16,6.831
50,33,17,6.869
50,33,18,7.032
50,33,19,7.115
50,33,20,7.238
50,33,21,7.417
50,33,22,7.471
50,33,23,7.549
50,33,24,7.590
50,33,25,7.679
50,33,26,7.724
50,33,27,7.762
50,33,28,7.793
50,33,29,7.839
50,33,30,7.935
50,33,31,7.976
50,33,32,8.028
50,33,33,8.124
50,33,34,8.165
50,33,35,8.197
50,33,36,8.284
50,33,37,8.327
50,33,38,8.365
50,33,39,8.397
50,33,40,8.456
50,33,41,8.494
50,33,42,8.557
50,33,43,8.597
50,33,44,8.657
50,33,45,8.698
50,33,46,8.761
50,33,47,8.801
50,33,48,8.858
50,33,49,8.911
50,34,0,7.561
50,34,1,7.367
50,34,2,6.317
50,34,3,6.370
50,34,4,6.412
50,34,5,6.447
50,34,6,6.626
50,34,7,6.710
50,34,8,6.825
50,34,9,6.836
50,34,10,6.938
50,34,11,6.949
50,34,12,7.006
50,34,13,7.063
50,34,14,7.128
50,34,15,7.188
50,34,16,7.256
50,34,17,7.357
50,34,18,7.465
50,34,19,7.475
50,34,20,7.555
50,34,21,7.610
50,34,22,7.615
50,34,23,7.644
50,34,24,7.679
50,34,25,7.836
50,34,26,7.964
50,34,27,7.977
50,34,28,8.118
50,34,29,8.128
50,34,30,8.136
50,34,31,8.269
50,34,32,8.279
50,34,33,8.301
50,34,34,8.437
50,34,35,8.447
50,34,36,8.455
50,34,37,8.591
50,34,38,8.597
50,34,39,8.601
50,34,40,8.696
50,34,41,8.701
50,34,42,8.706
50,34,43,8.710
50,34,44,8.768
50,34,45,8.773
50,34,46,8.805
50,34,47,8.838
50,34,48,8.867
50,34,49,8.902
50,35,0,7.043
50,35,1,6.846
50,35,2,5.961
50,35,3,6.008
50,35,4,6.048
50,35,5,6.080
50,35,6,6.118
50,35,7,6.189
50,35,8,6.229
50,35,9,6.294
50,35,10,6.349
50,35,11,6.387
50,35,12,6.452
50,35,13,6.491
50,35,14,6.554
50,35,15,6.630
50,35,16,6.704
50,35,17,6.777
50,35,18,6.883
50,35,19,6.944
50,35,20,6.982
50,35,21,7.083
50,35,22,7.144
50,35,23,7.181
50,35,24,7.243
50,35,25,7.280
50,35,26,7.337
50,35,27,7.373
50,35,28,7.449
50,35,29,7.486
50,35,30,7.541
50,35,31,7.776
50,35,32,7.790
50,35,33,7.940
50,35,34,7.951
50,35,35,7.958
50,35,36,8.102
50,35,37,8.107
50,35,38,8.111
50,35,39,8.115
50,35,40,8.185
50,35,41,8.191
50,35,42,8.195
50,35,43,8.243
50,35,44,8.248
50,35,45,8.278
50,35,46,8.307
50,35,47,8.339
50,35,48,8.406
50,35,49,8.442
50,36,0,6.476
50,36,1,6.276
50,36,2,5.475
50,36,3,5.520
50,36,4,5.553
50,36,5,5.613
50,36,6,5.661
50,36,7,5.719
50,36,8,5.779
50,36,9,5.840
50,36,10,5.877
50,36,11,5.942
50,36,12,5.978
50,36,13,6.041
50,36,14,6.077
50,36,15,6.140
50,36,16,6.176
50,36,17,6.241
50,36,18,6.340
50,36,19,6.376
50,36,20,6.439
50,36,21,6.526
50,36,22,6.576
50,36,23,6.625
50,36,24,6.675
50,36,25,6.728
50,36,26,6.775
50,36,27,6.836
50,36,28,6.870
50,36,29,6.982
50,36,30,7.021
50,36,31,7.050
50,36,32,7.093
50,36,33,7.130
50,36,34,7.207
50,36,35,7.238
50,36,36,7.305
50,36,37,7.344
50,36,38,7.525
50,36,39,7.657
50,36,40,7.669
50,36,41,7.821
50,36,42,7.831
50,36,43,7.838
50,36,44,7.977
50,36,45,7.987
50,36,46,7.994
50,36,47,8.114
50,36,48,8.124
50,36,49,8.132
50,37,0,6.799
50,37,1,6.588
50,37,2,5.780
50,37,3,5.825
50,37,4,5.857
50,37,5,5.897
50,37,6,5.963
50,37,7,6.000
50,37,8,6.066
50,37,9,6.106
50,37,10,6.171
50,37,11,6.208
50,37,12,6.271
50,37,13,6.329
50,37,14,6.388
50,37,15,6.422
50,37,16,6.484
50,37,17,6.526
50,37,18,6.625
50,37,19,6.688
50,37,20,6.731
50,37,21,6.836
50,37,22,6.890
50,37,23,6.939
50,37,24,6.990
50,37,25,7.039
50,37,26,7.101
50,37,27,7.135
50,37,28,7.196
50,37,29,7.229
50,37,30,7.289
50,37,31,7.324
50,37,32,7.385
50,37,33,7.432
50,37,34,7.493
50,37,35,7.528
50,37,36,7.589
50,37,37,7.645
50,37,38,7.701
50,37,39,7.744
50,37,40,7.808
50,37,41,7.852
50,37,42,7.890
50,37,43,7.947
50,37,44,7.984
50,37,45,8.049
50,37,46,8.084
50,37,47,8.145
50,37,48,8.178
50,37,49,8.435
50,38,0,7.003
50,38,1,6.668
50,38,2,5.707
50,38,3,5.751
50,38,4,5.785
50,38,5,5.823
50,38,6,5.894
50,38,7,5.933
50,38,8,5.998
50,38,9,6.038
50,38,10,6.098
50,38,11,6.333
50,38,12,6.347
50,38,13,6.503
50,38,14,6.514
50,38,15,6.521
50,38,16,6.650
50,38,17,6.661
50,38,18,6.850
50,38,19,6.860
50,38,20,6.868
50,38,21,7.013
50,38,22,7.021
50,38,23,7.182
50,38,24,7.192
50,38,25,7.199
50,38,26,7.205
50,38,27,7.422
50,38,28,7.432
50,38,29,7.440
50,38,30,7.446
50,38,31,7.632
50,38,32,7.642
50,38,33,7.650
50,38,34,7.657
50,38,35,7.664
50,38,36,7.764
50,38,37,7.769
50,38,38,7.772
50,38,39,7.776
50,38,40,7.847
50,38,41,7.853
50,38,42,7.856
50,38,43,7.981
50,38,44,8.115
50,38,45,8.126
50,38,46,8.224
50,38,47,8.234
50,38,48,8.337
50,38,49,8.346
50,39,0,6.432
50,39,1,6.245
50,39,2,5.448
50,39,3,5.486
50,39,4,5.526
50,39,5,5.591
50,39,6,5.630
50,39,7,5.693
50,39,8,5.745
50,39,9,5.797
50,39,10,5.851
50,39,11,5.904
50,39,12,5.941
50,39,13,6.003
50,39,14,6.044
50,39,15,6.104
50,39,16,6.143
50,39,17,6.205
50,39,18,6.302
50,39,19,6.341
50,39,20,6.395
50,39,21,6.493
50,39,22,6.529
50,39,23,6.588
50,39,24,6.625
50,39,25,6.686
50,39,26,6.721
50,39,27,6.779
50,39,28,6.816
50,39,29,6.872
50,39,30,6.907
50,39,31,6.983
50,39,32,7.109
50,39,33,7.186
50,39,34,7.293
50,39,35,7.549
50,39,36,7.736
50,39,37,7.748
50,39,38,7.757
50,39,39,7.927
50,39,40,7.937
50,39,41,7.945
50,39,42,7.952
50,39,43,8.058
50,39,44,8.064
50,39,45,8.068
50,39,46,8.071
50,39,47,8.131
50,39,48,8.136
50,39,49,8.167
50,40,0,6.176
50,40,1,6.056
50,40,2,5.052
50,40,3,5.134
50,40,4,5.251
50,40,5,5.261
50,40,6,5.371
50,40,7,5.381
50,40,8,5.481
50,40,9,5.491
50,40,10,5.595
50,40,11,5.605
50,40,12,5.767
50,40,13,5.776
50,40,14,5.784
50,40,15,5.910
50,40,16,5.920
50,40,17,5.927
50,40,18,6.065
50,40,19,6.073
50,40,20,6.171
50,40,21,6.226
50,40,22,6.231
50,40,23,6.264
50,40,24,6.291
50,40,25,6.466
50,40,26,6.567
50,40,27,6.674
50,40,28,6.721
50,40,29,6.760
50,40,30,6.860
50,40,31,6.903
50,40,32,6.934
50,40,33,7.023
50,40,34,7.073
50,40,35,7.106
50,40,36,7.206
50,40,37,7.261
50,40,38,7.315
50,40,39,7.367
50,40,40,7.420
50,40,41,7.477
50,40,42,7.514
50,40,43,7.573
50,40,44,7.673
50,40,45,7.717
50,40,46,7.754
50,40,47,7.789
50,40,48,7.817
50,40,49,7.852
50,41,0,6.710
50,41,1,6.519
50,41,2,5.426
50,41,3,5.499
50,41,4,5.565
50,41,5,5.746
50,41,6,5.832
50,41,7,5.944
50,41,8,5.955
50,41,9,6.070
50,41,10,6.080
50,41,11,6.212
50,41,12,6.222
50,41,13,6.229
50,41,14,6.358
50,41,15,6.368
50,41,16,6.375
50,41,17,6.510
50,41,18,6.527
50,41,19,6.695
50,41,20,6.703
50,41,21,6.822
50,41,22,6.829
50,41,23,6.833
50,41,24,6.837
50,41,25,6.913
50,41,26,6.918
50,41,27,6.923
50,41,28,6.972
50,41,29,6.978
50,41,30,7.009
50,41,31,7.044
50,41,32,7.073
50,41,33,7.119
50,41,34,7.178
50,41,35,7.411
50,41,36,7.426
50,41,37,7.569
50,41,38,7.580
50,41,39,7.588
50,41,40,7.716
50,41,41,7.726
50,41,42,7.733
50,41,43,7.859
50,41,44,7.869
50,41,45,7.876
50,41,46,7.989
50,41,47,7.998
50,41,48,8.004
50,41,49,8.050
50,42,0,6.496
50,42,1,6.315
50,42,2,5.241
50,42,3,5.288
50,42,4,5.495
50,42,5,5.615
50,42,6,5.626
50,42,7,5.730
50,42,8,5.740
50,42,9,5.888
50,42,10,5.898
50,42,11,5.906
50,42,12,6.034
50,42,13,6.043
50,42,14,6.050
50,42,15,6.174
50,42,16,6.184
50,42,17,6.191
50,42,18,6.325
50,42,19,6.331
50,42,20,6.487
50,42,21,6.504
50,42,22,6.619
50,42,23,6.625
50,42,24,6.629
50,42,25,6.633
50,42,26,6.702
50,42,27,6.707
50,42,28,6.711
50,42,29,6.780
50,42,30,6.785
50,42,31,6.818
50,42,32,6.844
50,42,33,6.931
50,42,34,6.971
50,42,35,7.001
50,42,36,7.061
50,42,37,7.098
50,42,38,7.156
50,42,39,7.193
50,42,40,7.265
50,42,41,7.380
50,42,42,7.459
50,42,43,7.521
50,42,44,7.571
50,42,45,7.623
50,42,46,7.675
50,42,47,7.717
50,42,48,7.774
50,42,49,7.826
50,43,0,6.485
50,43,1,6.278
50,43,2,5.484
50,43,3,5.531
50,43,4,5.569
50,43,5,5.601
50,43,6,5.640
50,43,7,5.716
50,43,8,5.757
50,43,9,5.824
50,43,10,5.863
50,43,11,5.920
50,43,12,5.957
50,43,13,6.019
50,43,14,6.055
50,43,15,6.116
50,43,16,6.167
50,43,17,6.223
50,43,18,6.332
50,43,19,6.384
50,43,20,6.429
50,43,21,6.522
50,43,22,6.579
50,43,23,6.615
50,43,24,6.675
50,43,25,6.724
50,43,26,6.905
50,43,27,7.032
50,43,28,7.045
50,43,29,7.204
50,43,30,7.214
50,43,31,7.222
50,43,32,7.326
50,43,33,7.332
50,43,34,7.336
50,43,35,7.406
50,43,36,7.412
50,43,37,7.416
50,43,38,7.465
50,43,39,7.470
50,43,40,7.510
50,43,41,7.557
50,43,42,7.598
50,43,43,7.642
50,43,44,7.802
50,43,45,7.914
50,43,46,7.925
50,43,47,8.016
50,43,48,8.025
50,43,49,8.077
50,44,0,6.234
50,44,1,6.029
50,44,2,5.180
50,44,3,5.227
50,44,4,5.261
50,44,5,5.322
50,44,6,5.389
50,44,7,5.429
50,44,8,5.495
50,44,9,5.557
50,44,10,5.594
50,44,11,5.660
50,44,12,5.719
50,44,13,5.755
50,44,14,5.829
50,44,15,5.865
50,44,16,5.929
50,44,17,5.966
50,44,18,6.065
50,44,19,6.127
50,44,20,6.171
50,44,21,6.291
50,44,22,6.341
50,44,23,6.404
50,44,24,6.440
50,44,25,6.501
50,44,26,6.560
50,44,27,6.596
50,44,28,6.665
50,44,29,6.729
50,44,30,6.765
50,44,31,6.831
50,44,32,6.888
50,44,33,6.925
50,44,34,6.991
50,44,35,7.029
50,44,36,7.090
50,44,37,7.124
50,44,38,7.186
50,44,39,7.220
50,44,40,7.282
50,44,41,7.317
50,44,42,7.377
50,44,43,7.433
50,44,44,7.585
50,44,45,7.711
50,44,46,7.722
50,44,47,7.839
50,44,48,7.849
50,44,49,7.856
50,45,0,7.010
50,45,1,6.821
50,45,2,5.643
50,45,3,5.690
50,45,4,5.730
50,45,5,5.761
50,45,6,5.840
50,45,7,5.884
50,45,8,5.945
50,45,9,5.991
50,45,10,6.050
50,45,11,6.104
50,45,12,6.292
50,45,13,6.435
50,45,14,6.446
50,45,15,6.625
50,45,16,6.636
50,45,17,6.644
50,45,18,6.831
50,45,19,6.839
50,45,20,6.846
50,45,21,7.020
50,45,22,7.027
50,45,23,7.035
50,45,24,7.203
50,45,25,7.213
50,45,26,7.220
50,45,27,7.227
50,45,28,7.390
50,45,29,7.399
50,45,30,7.403
50,45,31,7.407
50,45,32,7.488
50,45,33,7.493
50,45,34,7.497
50,45,35,7.501
50,45,36,7.550
50,45,37,7.555
50,45,38,7.602
50,45,39,7.608
50,45,40,7.633
50,45,41,7.666
50,45,42,7.825
50,45,43,7.939
50,45,44,7.950
50,45,45,8.057
50,45,46,8.068
50,45,47,8.189
50,45,48,8.198
50,45,49,8.206
50,46,0,7.282
50,46,1,6.816
50,46,2,6.015
50,46,3,6.058
50,46,4,6.090
50,46,5,6.128
50,46,6,6.197
50,46,7,6.234
50,46,8,6.298
50,46,9,6.353
50,46,10,6.392
50,46,11,6.452
50,46,12,6.508
50,46,13,6.562
50,46,14,6.613
50,46,15,6.657
50,46,16,6.717
50,46,17,6.754
50,46,18,6.873
50,46,19,6.992
50,46,20,7.164
50,46,21,7.294
50,46,22,7.400
50,46,23,7.410
50,46,24,7.540
50,46,25,7.550
50,46,26,7.558
50,46,27,7.692
50,46,28,7.702
50,46,29,7.708
50,46,30,7.836
50,46,31,7.846
50,46,32,7.853
50,46,33,7.983
50,46,34,7.992
50,46,35,7.999
50,46,36,8.199
50,46,37,8.211
50,46,38,8.218
50,46,39,8.225
50,46,40,8.387
50,46,41,8.397
50,46,42,8.404
50,46,43,8.411
50,46,44,8.561
50,46,45,8.571
50,46,46,8.578
50,46,47,8.585
50,46,48,8.663
50,46,49,8.672
50,47,0,7.372
50,47,1,6.983
50,47,2,5.607
50,47,3,5.690
50,47,4,5.756
50,47,5,5.818
50,47,6,5.870
50,47,7,5.973
50,47,8,6.054
50,47,9,6.133
50,47,10,6.220
50,47,11,6.309
50,47,12,6.394
50,47,13,6.505
50,47,14,6.570
50,47,15,6.651
50,47,16,6.732
50,47,17,6.817
50,47,18,7.098
50,47,19,7.190
50,47,20,7.283
50,47,21,7.459
50,47,22,7.548
50,47,23,7.629
50,47,24,7.714
50,47,25,7.797
50,47,26,7.880
50,47,27,7.960
50,47,28,8.040
50,47,29,8.092
50,47,30,8.129
50,47,31,8.188
50,47,32,8.232
50,47,33,8.284
50,47,34,8.335
50,47,35,8.475
50,47,36,8.584
50,47,37,8.594
50,47,38,8.693
50,47,39,8.703
50,47,40,8.830
50,47,41,8.840
50,47,42,8.848
50,47,43,8.974
50,47,44,8.983
50,47,45,8.991
50,47,46,9.106
50,47,47,9.115
50,47,48,9.122
50,47,49,9.170
50,48,0,6.503
50,48,1,6.229
50,48,2,5.343
50,48,3,5.474
50,48,4,5.485
50,48,5,5.600
50,48,6,5.610
50,48,7,5.756
50,48,8,5.766
50,48,9,5.774
50,48,10,5.909
50,48,11,5.919
50,48,12,5.926
50,48,13,6.057
50,48,14,6.067
50,48,15,6.074
50,48,16,6.212
50,48,17,6.222
50,48,18,6.358
50,48,19,6.367
50,48,20,6.375
50,48,21,6.513
50,48,22,6.520
50,48,23,6.623
50,48,24,6.629
50,48,25,6.633
50,48,26,6.702
50,48,27,6.707
50,48,28,6.711
50,48,29,6.761
50,48,30,6.767
50,48,31,6.798
50,48,32,6.825
50,48,33,6.861
50,48,34,7.020
50,48,35,7.144
50,48,36,7.155
50,48,37,7.325
50,48,38,7.336
50,48,39,7.345
50,48,40,7.491
50,48,41,7.508
50,48,42,7.525
50,48,43,7.712
50,48,44,7.722
50,48,45,7.730
50,48,46,7.817
50,48,47,7.822
50,48,48,7.827
50,48,49,7.865
50,49,0,7.176
50,49,1,7.006
50,49,2,5.924
50,49,3,5.974
50,49,4,6.014
50,49,5,6.050
50,49,6,6.092
50,49,7,6.139
50,49,8,6.177
50,49,9,6.242
50,49,10,6.283
50,49,11,6.353
50,49,12,6.392
50,49,13,6.631
50,49,14,6.646
50,49,15,6.812
50,49,16,6.823
50,49,17,6.831
50,49,18,7.016
50,49,19,7.024
50,49,20,7.032
50,49,21,7.182
50,49,22,7.187
50,49,23,7.191
50,49,24,7.281
50,49,25,7.287
50,49,26,7.292
50,49,27,7.296
50,49,28,7.345
50,49,29,7.351
50,49,30,7.387
50,49,31,7.482
50,49,32,7.524
50,49,33,7.593
50,49,34,7.639
50,49,35,7.699
50,49,36,7.750
50,49,37,7.808
50,49,38,7.845
50,49,39,7.906
50,49,40,7.964
50,49,41,8.022
50,49,42,8.057
50,49,43,8.233
50,49,44,8.363
50,49,45,8.374
50,49,46,8.478
50,49,47,8.497
50,49,48,8.590
50,49,49,8.601
50,50,0,7.485
50,50,1,7.118
50,50,2,6.283
50,50,3,6.330
50,50,4,6.364
50,50,5,6.404
50,50,6,6.471
50,50,7,6.510
50,50,8,6.575
50,50,9,6.628
50,50,10,6.683
50,50,11,6.738
50,50,12,6.790
50,50,13,6.856
50,50,14,6.910
50,50,15,6.961
50,50,16,7.024
50,50,17,7.060
50,50,18,7.179
50,50,19,7.356
50,50,20,7.474
50,50,21,7.627
50,50,22,7.637
50,50,23,7.776
50,50,24,7.786
50,50,25,7.793
50,50,26,7.950
50,50,27,7.959
50,50,28,7.967
50,50,29,7.975
50,50,30,8.106
50,50,31,8.116
50,50,32,8.124
50,50,33,8.310
50,50,34,8.318
50,50,35,8.328
50,50,36,8.333
50,50,37,8.433
50,50,38,8.438
50,50,39,8.443
50,50,40,8.447
50,50,41,8.498
50,50,42,8.504
50,50,43,8.533
50,50,44,8.678
50,50,45,8.751
50,50,46,8.849
50,50,47,8.859
50,50,48,8.942
50,50,49,8.951
50,51,0,7.715
50,51,1,7.489
50,51,2,6.654
50,51,3,6.696
50,51,4,6.737
50,51,5,6.815
50,51,6,6.878
50,51,7,6.916
50,51,8,7.004
50,51,9,7.038
50,51,10,7.075
50,51,11,7.148
50,51,12,7.179
50,51,13,7.216
50,51,14,7.284
50,51,15,7.321
50,51,16,7.386
50,51,17,7.422
50,51,18,7.548
50,51,19,7.584
50,51,20,7.679
50,51,21,7.748
50,51,22,7.786
50,51,23,7.854
50,51,24,7.892
50,51,25,7.928
50,51,26,8.004
50,51,27,8.043
50,51,28,8.099
50,51,29,8.134
50,51,30,8.199
50,51,31,8.235
50,51,32,8.297
50,51,33,8.331
50,51,34,8.394
50,51,35,8.430
50,51,36,8.491
50,51,37,8.542
50,51,38,8.605
50,51,39,8.668
50,51,40,8.874
50,51,41,9.021
50,51,42,9.032
50,51,43,9.194
50,51,44,9.205
50,51,45,9.213
50,51,46,9.374
50,51,47,9.384
50,51,48,9.391
50,51,49,9.443
50,52,0,7.012
50,52,1,6.818
50,52,2,5.890
50,52,3,5.993
50,52,4,6.134
50,52,5,6.178
50,52,6,6.211
50,52,7,6.249
50,52,8,6.317
50,52,9,6.390
50,52,10,6.423
50,52,11,6.461
50,52,12,6.522
50,52,13,6.560
50,52,14,6.617
50,52,15,6.654
50,52,16,6.714
50,52,17,6.766
50,52,18,6.870
50,52,19,6.921
50,52,20,6.973
50,52,21,7.070
50,52,22,7.109
50,52,23,7.171
50,52,24,7.235
50,52,25,7.340
50,52,26,7.453
50,52,27,7.548
50,52,28,7.637
50,52,29,7.720
50,52,30,7.806
50,52,31,7.894
50,52,32,7.976
50,52,33,8.059
50,52,34,8.146
50,52,35,8.233
50,52,36,8.313
50,52,37,8.393
50,52,38,8.478
50,52,39,8.539
50,52,40,8.583
50,52,41,8.639
50,52,42,8.677
50,52,43,8.734
50,52,44,8.772
50,52,45,8.829
50,52,46,8.880
50,52,47,8.933
50,52,48,8.990
50,52,49,9.048
50,53,0,7.864
50,53,1,7.566
50,53,2,6.692
50,53,3,6.821
50,53,4,6.832
50,53,5,6.941
50,53,6,6.951
50,53,7,7.094
50,53,8,7.105
50,53,9,7.113
50,53,10,7.249
50,53,11,7.260
50,53,12,7.269
50,53,13,7.400
50,53,14,7.410
50,53,15,7.417
50,53,16,7.549
50,53,17,7.559
50,53,18,7.707
50,53,19,7.717
50,53,20,7.725
50,53,21,7.870
50,53,22,7.875
50,53,23,7.879
50,53,24,7.958
50,53,25,7.964
50,53,26,7.968
50,53,27,8.025
50,53,28,8.031
50,53,29,8.086
50,53,30,8.092
50,53,31,8.126
50,53,32,8.154
50,53,33,8.218
50,53,34,8.253
50,53,35,8.314
50,53,36,8.367
50,53,37,8.419
50,53,38,8.472
50,53,39,8.523
50,53,40,8.576
50,53,41,8.630
50,53,42,8.680
50,53,43,8.732
50,53,44,8.782
50,53,45,8.834
50,53,46,8.888
50,53,47,8.941
50,53,48,8.992
50,53,49,9.046
50,54,0,6.519
50,54,1,6.328
50,54,2,5.278
50,54,3,5.315
50,54,4,5.353
50,54,5,5.412
50,54,6,5.450
50,54,7,5.519
50,54,8,5.570
50,54,9,5.620
50,54,10,5.670
50,54,11,5.816
50,54,12,5.946
50,54,13,5.957
50,54,14,6.126
50,54,15,6.137
50,54,16,6.144
50,54,17,6.319
50,54,18,6.336
50,54,19,6.342
50,54,20,6.509
50,54,21,6.526
50,54,22,6.533
50,54,23,6.740
50,54,24,6.750
50,54,25,6.757
50,54,26,6.763
50,54,27,6.769
50,54,28,6.972
50,54,29,6.982
50,54,30,7.032
50,54,31,7.040
50,54,32,7.047
50,54,33,7.292
50,54,34,7.302
50,54,35,7.310
50,54,36,7.316
50,54,37,7.322
50,54,38,7.329
50,54,39,7.606
50,54,40,7.616
50,54,41,7.624
50,54,42,7.630
50,54,43,7.637
50,54,44,7.643
50,54,45,7.648
50,54,46,7.795
50,54,47,7.804
50,54,48,7.811
50,54,49,7.817
50,55,0,7.000
50,55,1,6.900
50,55,2,5.900
50,55,3,6.029
50,55,4,6.040
50,55,5,6.161
50,55,6,6.171
50,55,7,6.318
50,55,8,6.328
50,55,9,6.337
50,55,10,6.402
50,55,11,6.464
50,55,12,6.522
50,55,13,6.580
50,55,14,6.636
50,55,15,6.726
50,55,16,6.830
50,55,17,6.837
50,55,18,6.906
50,55,19,6.960
50,55,20,6.966
50,55,21,7.031
50,55,22,7.071
50,55,23,7.221
50,55,24,7.333
50,55,25,7.343
50,55,26,7.442
50,55,27,7.452
50,55,28,7.574
50,55,29,7.583
50,55,30,7.591
50,55,31,7.688
50,55,32,7.698
50,55,33,7.826
50,55,34,7.836
50,55,35,7.844
50,55,36,7.968
50,55,37,7.978
50,55,38,7.985
50,55,39,8.113
50,55,40,8.123
50,55,41,8.131
50,55,42,8.253
50,55,43,8.258
50,55,44,8.262
50,55,45,8.334
50,55,46,8.339
50,55,47,8.343
50,55,48,8.373
50,55,49,8.399
50,56,0,6.092
50,56,1,5.927
50,56,2,4.955
50,56,3,4.993
50,56,4,5.033
50,56,5,5.091
50,56,6,5.152
50,56,7,5.210
50,56,8,5.265
50,56,9,5.302
50,56,10,5.364
50,56,11,5.507
50,56,12,5.621
50,56,13,5.632
50,56,14,5.760
50,56,15,5.770
50,56,16,5.777
50,56,17,5.917
50,56,18,5.935
50,56,19,6.082
50,56,20,6.088
50,56,21,6.095
50,56,22,6.159
50,56,23,6.164
50,56,24,6.168
50,56,25,6.198
50,56,26,6.224
50,56,27,6.297
50,56,28,6.361
50,56,29,6.395
50,56,30,6.560
50,56,31,6.686
50,56,32,6.698
50,56,33,6.844
50,56,34,6.854
50,56,35,6.862
50,56,36,7.038
50,56,37,7.047
50,56,38,7.055
50,56,39,7.062
50,56,40,7.222
50,56,41,7.231
50,56,42,7.238
50,56,43,7.244
50,56,44,7.405
50,56,45,7.412
50,56,46,7.424
50,56,47,7.428
50,56,48,7.478
50,56,49,7.483
50,57,0,7.018
50,57,1,6.806
50,57,2,5.830
50,57,3,5.919
50,57,4,5.995
50,57,5,6.100
50,57,6,6.148
50,57,7,6.189
50,57,8,6.253
50,57,9,6.311
50,57,10,6.376
50,57,11,6.430
50,57,12,6.476
50,57,13,6.534
50,57,14,6.588
50,57,15,6.645
50,57,16,6.698
50,57,17,6.752
50,57,18,6.844
50,57,19,6.904
50,57,20,6.949
50,57,21,7.070
50,57,22,7.127
50,57,23,7.182
50,57,24,7.236
50,57,25,7.291
50,57,26,7.346
50,57,27,7.404
50,57,28,7.440
50,57,29,7.503
50,57,30,7.555
50,57,31,7.611
50,57,32,7.664
50,57,33,7.726
50,57,34,7.785
50,57,35,7.887
50,57,36,7.951
50,57,37,8.046
50,57,38,8.056
50,57,39,8.149
50,57,40,8.159
50,57,41,8.249
50,57,42,8.258
50,57,43,8.346
50,57,44,8.356
50,57,45,8.444
50,57,46,8.452
50,57,47,8.502
50,57,48,8.507
50,57,49,8.532
50,58,0,6.230
50,58,1,5.925
50,58,2,4.918
50,58,3,4.964
50,58,4,5.032
50,58,5,5.219
50,58,6,5.348
50,58,7,5.359
50,58,8,5.470
50,58,9,5.480
50,58,10,5.615
50,58,11,5.625
50,58,12,5.632
50,58,13,5.765
50,58,14,5.775
50,58,15,5.782
50,58,16,5.907
50,58,17,5.917
50,58,18,6.048
50,58,19,6.058
50,58,20,6.065
50,58,21,6.240
50,58,22,6.250
50,58,23,6.337
50,58,24,6.342
50,58,25,6.346
50,58,26,6.384
50,58,27,6.410
50,58,28,6.529
50,58,29,6.619
50,58,30,6.740
50,58,31,6.815
50,58,32,6.847
50,58,33,6.885
50,58,34,6.977
50,58,35,7.017
50,58,36,7.049
50,58,37,7.086
50,58,38,7.181
50,58,39,7.225
50,58,40,7.262
50,58,41,7.292
50,58,42,7.329
50,58,43,7.417
50,58,44,7.472
50,58,45,7.535
50,58,46,7.597
50,58,47,7.660
50,58,48,7.719
50,58,49,7.771
50,59,0,6.965
50,59,1,6.768
50,59,2,5.940
50,59,3,5.986
50,59,4,6.021
50,59,5,6.061
50,59,6,6.128
50,59,7,6.176
50,59,8,6.245
50,59,9,6.282
50,59,10,6.348
50,59,11,6.403
50,59,12,6.465
50,59,13,6.524
50,59,14,6.561
50,59,15,6.629
50,59,16,6.665
50,59,17,6.732
50,59,18,6.832
50,59,19,6.867
50,59,20,6.929
50,59,21,7.028
50,59,22,7.064
50,59,23,7.126
50,59,24,7.177
50,59,25,7.239
50,59,26,7.274
50,59,27,7.336
50,59,28,7.370
50,59,29,7.439
50,59,30,7.475
50,59,31,7.560
50,59,32,7.597
50,59,33,7.672
50,59,34,7.704
50,59,35,7.759
50,59,36,7.796
50,59,37,7.860
50,59,38,7.898
50,59,39,7.973
50,59,40,8.010
50,59,41,8.073
50,59,42,8.109
50,59,43,8.160
50,59,44,8.208
50,59,45,8.270
50,59,46,8.304
50,59,47,8.365
50,59,48,8.414
50,59,49,8.468
50,60,0,7.413
50,60,1,7.267
50,60,2,6.283
50,60,3,6.336
50,60,4,6.375
50,60,5,6.422
50,60,6,6.459
50,60,7,6.491
50,60,8,6.532
50,60,9,6.633
50,60,10,6.667
50,60,11,6.704
50,60,12,6.860
50,60,13,6.983
50,60,14,6.994
50,60,15,7.103
50,60,16,7.114
50,60,17,7.256
50,60,18,7.275
50,60,19,7.402
50,60,20,7.408
50,60,21,7.485
50,60,22,7.491
50,60,23,7.496
50,60,24,7.528
50,60,25,7.568
50,60,26,7.595
50,60,27,7.694
50,60,28,7.735
50,60,29,7.771
50,60,30,7.802
50,60,31,7.888
50,60,32,7.933
50,60,33,7.965
50,60,34,8.006
50,60,35,8.074
50,60,36,8.113
50,60,37,8.180
50,60,38,8.217
50,60,39,8.311
50,60,40,8.352
50,60,41,8.385
50,60,42,8.421
50,60,43,8.487
50,60,44,8.524
50,60,45,8.589
50,60,46,8.624
50,60,47,8.768
50,60,48,8.865
50,60,49,8.875
50,61,0,7.754
50,61,1,7.604
50,61,2,6.873
50,61,3,7.023
50,61,4,7.034
50,61,5,7.195
50,61,6,7.202
50,61,7,7.206
50,61,8,7.301
50,61,9,7.307
50,61,10,7.311
50,61,11,7.315
50,61,12,7.374
50,61,13,7.380
50,61,14,7.433
50,61,15,7.438
50,61,16,7.471
50,61,17,7.500
50,61,18,7.649
50,61,19,7.688
50,61,20,7.723
50,61,21,7.790
50,61,22,7.880
50,61,23,7.916
50,61,24,7.955
50,61,25,8.035
50,61,26,8.075
50,61,27,8.106
50,61,28,8.144
50,61,29,8.203
50,61,30,8.241
50,61,31,8.306
50,61,32,8.342
50,61,33,8.405
50,61,34,8.440
50,61,35,8.500
50,61,36,8.550
50,61,37,8.626
50,61,38,8.655
50,61,39,8.694
50,61,40,8.771
50,61,41,8.814
50,61,42,8.852
50,61,43,9.009
50,61,44,9.166
50,61,45,9.178
50,61,46,9.309
50,61,47,9.319
50,61,48,9.326
50,61,49,9.377
50,62,0,9.121
50,62,1,9.014
50,62,2,8.227
50,62,3,8.364
50,62,4,8.376
50,62,5,8.519
50,62,6,8.530
50,62,7,8.539
50,62,8,8.678
50,62,9,8.688
50,62,10,8.696
50,62,11,8.836
50,62,12,8.842
50,62,13,8.847
50,62,14,8.939
50,62,15,8.945
50,62,16,8.950
50,62,17,8.954
50,62,18,9.021
50,62,19,9.055
50,62,20,9.090
50,62,21,9.159
50,62,22,9.250
50,62,23,9.295
50,62,24,9.329
50,62,25,9.366
50,62,26,9.433
50,62,27,9.473
50,62,28,9.539
50,62,29,9.577
50,62,30,9.647
50,62,31,9.677
50,62,32,9.767
50,62,33,9.807
50,62,34,9.849
50,62,35,9.889
50,62,36,9.956
50,62,37,9.995
50,62,38,10.055
50,62,39,10.096
50,62,40,10.157
50,62,41,10.198
50,62,42,10.258
50,62,43,10.310
50,62,44,10.361
50,62,45,10.418
50,62,46,10.515
50,62,47,10.575
50,62,48,10.631
50,62,49,10.680
50,63,0,8.309
50,63,1,8.081
50,63,2,7.169
50,63,3,7.250
50,63,4,7.257
50,63,5,7.291
50,63,6,7.357
50,63,7,7.496
50,63,8,7.553
50,63,9,7.622
50,63,10,7.688
50,63,11,7.735
50,63,12,7.776
50,63,13,7.807
50,63,14,7.900
50,63,15,7.946
50,63,16,7.981
50,63,17,8.021
50,63,18,8.120
50,63,19,8.225
50,63,20,8.269
50,63,21,8.341
50,63,22,8.379
50,63,23,8.480
50,63,24,8.530
50,63,25,8.572
50,63,26,8.614
50,63,27,8.704
50,63,28,8.750
50,63,29,8.791
50,63,30,8.823
50,63,31,8.862
50,63,32,8.924
50,63,33,9.016
50,63,34,9.051
50,63,35,9.128
50,63,36,9.192
50,63,37,9.252
50,63,38,9.309
50,63,39,9.373
50,63,40,9.468
50,63,41,9.477
50,63,42,9.571
50,63,43,9.581
50,63,44,9.673
50,63,45,9.683
50,63,46,9.775
50,63,47,9.784
50,63,48,9.866
50,63,49,9.876
50,64,0,7.543
50,64,1,7.373
50,64,2,6.385
50,64,3,6.433
50,64,4,6.471
50,64,5,6.507
50,64,6,6.542
50,64,7,6.582
50,64,8,6.652
50,64,9,6.807
50,64,10,6.936
50,64,11,6.948
50,64,12,7.063
50,64,13,7.074
50,64,14,7.214
50,64,15,7.225
50,64,16,7.232
50,64,17,7.363
50,64,18,7.381
50,64,19,7.525
50,64,20,7.535
50,64,21,7.685
50,64,22,7.691
50,64,23,7.695
50,64,24,7.773
50,64,25,7.779
50,64,26,7.784
50,64,27,7.837
50,64,28,7.843
50,64,29,7.878
50,64,30,7.907
50,64,31,7.944
50,64,32,8.102
50,64,33,8.226
50,64,34,8.238
50,64,35,8.348
50,64,36,8.360
50,64,37,8.506
50,64,38,8.516
50,64,39,8.524
50,64,40,8.675
50,64,41,8.685
50,64,42,8.693
50,64,43,8.830
50,64,44,8.836
50,64,45,8.841
50,64,46,8.923
50,64,47,8.929
50,64,48,8.933
50,64,49,8.937
50,65,0,8.048
50,65,1,7.838
50,65,2,7.044
50,65,3,7.097
50,65,4,7.136
50,65,5,7.174
50,65,6,7.212
50,65,7,7.242
50,65,8,7.307
50,65,9,7.346
50,65,10,7.450
50,65,11,7.504
50,65,12,7.540
50,65,13,7.581
50,65,14,7.668
50,65,15,7.710
50,65,16,7.742
50,65,17,7.800
50,65,18,7.903
50,65,19,7.942
50,65,20,8.011
50,65,21,8.115
50,65,22,8.152
50,65,23,8.217
50,65,24,8.300
50,65,25,8.343
50,65,26,8.375
50,65,27,8.413
50,65,28,8.474
50,65,29,8.511
50,65,30,8.574
50,65,31,8.611
50,65,32,8.716
50,65,33,8.748
50,65,34,8.825
50,65,35,8.858
50,65,36,8.948
50,65,37,8.994
50,65,38,9.031
50,65,39,9.063
50,65,40,9.100
50,65,41,9.166
50,65,42,9.205
50,65,43,9.266
50,65,44,9.349
50,65,45,9.391
50,65,46,9.427
50,65,47,9.470
50,65,48,9.505
50,65,49,9.575
50,66,0,8.818
50,66,1,8.657
50,66,2,7.633
50,66,3,7.683
50,66,4,7.722
50,66,5,7.759
50,66,6,7.789
50,66,7,7.828
50,66,8,7.898
50,66,9,7.952
50,66,10,8.012
50,66,11,8.075
50,66,12,8.120
50,66,13,8.271
50,66,14,8.388
50,66,15,8.399
50,66,16,8.509
50,66,17,8.520
50,66,18,8.667
50,66,19,8.676
50,66,20,8.809
50,66,21,8.826
50,66,22,8.952
50,66,23,8.961
50,66,24,8.968
50,66,25,9.090
50,66,26,9.100
50,66,27,9.107
50,66,28,9.230
50,66,29,9.239
50,66,30,9.247
50,66,31,9.370
50,66,32,9.380
50,66,33,9.387
50,66,34,9.506
50,66,35,9.517
50,66,36,9.524
50,66,37,9.628
50,66,38,9.637
50,66,39,9.811
50,66,40,9.816
50,66,41,9.821
50,66,42,9.916
50,66,43,9.922
50,66,44,9.926
50,66,45,9.929
50,66,46,9.978
50,66,47,9.983
50,66,48,10.013
50,66,49,10.039
50,67,0,6.603
50,67,1,6.410
50,67,2,5.612
50,67,3,5.658
50,67,4,5.700
50,67,5,5.739
50,67,6,5.769
50,67,7,5.842
50,67,8,5.883
50,67,9,5.951
50,67,10,5.988
50,67,11,6.039
50,67,12,6.091
50,67,13,6.141
50,67,14,6.204
50,67,15,6.250
50,67,16,6.307
50,67,17,6.359
50,67,18,6.472
50,67,19,6.507
50,67,20,6.568
50,67,21,6.666
50,67,22,6.701
50,67,23,6.763
50,67,24,6.797
50,67,25,6.865
50,67,26,6.909
50,67,27,6.989
50,67,28,7.055
50,67,29,7.089
50,67,30,7.149
50,67,31,7.183
50,67,32,7.245
50,67,33,7.478
50,67,34,7.493
50,67,35,7.637
50,67,36,7.647
50,67,37,7.656
50,67,38,7.792
50,67,39,7.802
50,67,40,7.809
50,67,41,7.953
50,67,42,7.963
50,67,43,7.971
50,67,44,8.105
50,67,45,8.111
50,67,46,8.115
50,67,47,8.119
50,67,48,8.163
50,67,49,8.168
50,68,0,6.877
50,68,1,6.672
50,68,2,5.899
50,68,3,5.954
50,68,4,6.017
50,68,5,6.023
50,68,6,6.058
50,68,7,6.088
50,68,8,6.151
50,68,9,6.192
50,68,10,6.264
50,68,11,6.304
50,68,12,6.367
50,68,13,6.405
50,68,14,6.466
50,68,15,6.512
50,68,16,6.567
50,68,17,6.620
50,68,18,6.726
50,68,19,6.779
50,68,20,6.838
50,68,21,7.040
50,68,22,7.171
50,68,23,7.183
50,68,24,7.327
50,68,25,7.338
50,68,26,7.347
50,68,27,7.479
50,68,28,7.489
50,68,29,7.497
50,68,30,7.650
50,68,31,7.658
50,68,32,7.664
50,68,33,7.787
50,68,34,7.794
50,68,35,7.799
50,68,36,7.803
50,68,37,7.865
50,68,38,7.872
50,68,39,7.940
50,68,40,7.946
50,68,41,8.000
50,68,42,8.005
50,68,43,8.037
50,68,44,8.066
50,68,45,8.103
50,68,46,8.165
50,68,47,8.202
50,68,48,8.264
50,68,49,8.318
50,69,0,7.923
50,69,1,7.793
50,69,2,6.966
50,69,3,7.134
50,69,4,7.146
50,69,5,7.154
50,69,6,7.291
50,69,7,7.301
50,69,8,7.309
50,69,9,7.452
50,69,10,7.462
50,69,11,7.469
50,69,12,7.595
50,69,13,7.605
50,69,14,7.613
50,69,15,7.704
50,69,16,7.714
50,69,17,7.787
50,69,18,7.825
50,69,19,7.857
50,69,20,7.886
50,69,21,8.085
50,69,22,8.209
50,69,23,8.220
50,69,24,8.360
50,69,25,8.371
50,69,26,8.379
50,69,27,8.514
50,69,28,8.523
50,69,29,8.531
50,69,30,8.697
50,69,31,8.707
50,69,32,8.715
50,69,33,8.905
50,69,34,8.916
50,69,35,8.923
50,69,36,8.929
50,69,37,9.021
50,69,38,9.026
50,69,39,9.031
50,69,40,9.101
50,69,41,9.106
50,69,42,9.110
50,69,43,9.160
50,69,44,9.165
50,69,45,9.197
50,69,46,9.225
50,69,47,9.289
50,69,48,9.325
50,69,49,9.392
50,70,0,7.265
50,70,1,7.051
50,70,2,6.244
50,70,3,6.297
50,70,4,6.338
50,70,5,6.377
50,70,6,6.427
50,70,7,6.459
50,70,8,6.509
50,70,9,6.590
50,70,10,6.621
50,70,11,6.689
50,70,12,6.727
50,70,13,6.792
50,70,14,6.828
50,70,15,6.894
50,70,16,6.952
50,70,17,6.989
50,70,18,7.101
50,70,19,7.163
50,70,20,7.201
50,70,21,7.303
50,70,22,7.366
50,70,23,7.424
50,70,24,7.467
50,70,25,7.530
50,70,26,7.679
50,70,27,7.792
50,70,28,7.802
50,70,29,7.904
50,70,30,7.914
50,70,31,8.082
50,70,32,8.093
50,70,33,8.100
50,70,34,8.245
50,70,35,8.255
50,70,36,8.264
50,70,37,8.390
50,70,38,8.400
50,70,39,8.407
50,70,40,8.533
50,70,41,8.542
50,70,42,8.550
50,70,43,8.676
50,70,44,8.685
50,70,45,8.692
50,70,46,8.805
50,70,47,8.814
50,70,48,8.821
50,70,49,8.869
50,71,0,6.846
50,71,1,6.680
50,71,2,5.705
50,71,3,5.755
50,71,4,5.795
50,71,5,5.833
50,71,6,5.871
50,71,7,5.915
50,71,8,5.955
50,71,9,6.022
50,71,10,6.063
50,71,11,6.119
50,71,12,6.159
50,71,13,6.221
50,71,14,6.259
50,71,15,6.434
50,71,16,6.554
50,71,17,6.567
50,71,18,6.691
50,71,19,6.828
50,71,20,6.838
50,71,21,6.976
50,71,22,6.987
50,71,23,6.994
50,71,24,7.130
50,71,25,7.140
50,71,26,7.147
50,71,27,7.326
50,71,28,7.336
50,71,29,7.343
50,71,30,7.350
50,71,31,7.486
50,71,32,7.496
50,71,33,7.504
50,71,34,7.663
50,71,35,7.673
50,71,36,7.682
50,71,37,7.689
50,71,38,7.814
50,71,39,7.823
50,71,40,7.831
50,71,41,7.946
50,71,42,7.952
50,71,43,7.956
50,71,44,8.095
50,71,45,8.103
50,71,46,8.108
50,71,47,8.180
50,71,48,8.194
50,71,49,8.200
50,72,0,7.604
50,72,1,7.397
50,72,2,6.573
50,72,3,6.628
50,72,4,6.674
50,72,5,6.705
50,72,6,6.743
50,72,7,6.816
50,72,8,6.854
50,72,9,6.920
50,72,10,6.959
50,72,11,7.024
50,72,12,7.085
50,72,13,7.139
50,72,14,7.178
50,72,15,7.249
50,72,16,7.287
50,72,17,7.359
50,72,18,7.463
50,72,19,7.503
50,72,20,7.567
50,72,21,7.666
50,72,22,7.702
50,72,23,7.765
50,72,24,8.006
50,72,25,8.021
50,72,26,8.171
50,72,27,8.182
50,72,28,8.190
50,72,29,8.330
50,72,30,8.340
50,72,31,8.348
50,72,32,8.507
50,72,33,8.517
50,72,34,8.525
50,72,35,8.532
50,72,36,8.712
50,72,37,8.723
50,72,38,8.730
50,72,39,8.861
50,72,40,8.871
50,72,41,8.879
50,72,42,8.966
50,72,43,8.975
50,72,44,9.029
50,72,45,9.091
50,72,46,9.142
50,72,47,9.205
50,72,48,9.372
50,72,49,9.442
50,73,0,8.210
50,73,1,7.972
50,73,2,7.082
50,73,3,7.130
50,73,4,7.178
50,73,5,7.214
50,73,6,7.250
50,73,7,7.326
50,73,8,7.384
50,73,9,7.441
50,73,10,7.499
50,73,11,7.556
50,73,12,7.621
50,73,13,7.739
50,73,14,7.749
50,73,15,7.849
50,73,16,7.858
50,73,17,7.963
50,73,18,8.096
50,73,19,8.106
50,73,20,8.113
50,73,21,8.220
50,73,22,8.344
50,73,23,8.354
50,73,24,8.362
50,73,25,8.458
50,73,26,8.464
50,73,27,8.541
50,73,28,8.547
50,73,29,8.551
50,73,30,8.582
50,73,31,8.613
50,73,32,8.643
50,73,33,8.671
50,73,34,8.738
50,73,35,8.773
50,73,36,8.841
50,73,37,8.876
50,73,38,8.939
50,73,39,8.972
50,73,40,9.035
50,73,41,9.085
50,73,42,9.146
50,73,43,9.181
50,73,44,9.243
50,73,45,9.483
50,73,46,9.497
50,73,47,9.624
50,73,48,9.635
50,73,49,9.643
50,74,0,6.817
50,74,1,6.338
50,74,2,5.519
50,74,3,5.567
50,74,4,5.606
50,74,5,5.638
50,74,6,5.677
50,74,7,5.742
50,74,8,5.782
50,74,9,5.846
50,74,10,5.901
50,74,11,5.954
50,74,12,6.006
50,74,13,6.062
50,74,14,6.122
50,74,15,6.178
50,74,16,6.231
50,74,17,6.285
50,74,18,6.408
50,74,19,6.649
50,74,20,6.664
50,74,21,6.828
50,74,22,6.837
50,74,23,6.986
50,74,24,7.002
50,74,25,7.009
50,74,26,7.180
50,74,27,7.189
50,74,28,7.197
50,74,29,7.204
50,74,30,7.368
50,74,31,7.379
50,74,32,7.387
50,74,33,7.393
50,74,34,7.502
50,74,35,7.508
50,74,36,7.512
50,74,37,7.516
50,74,38,7.581
50,74,39,7.587
50,74,40,7.591
50,74,41,7.622
50,74,42,7.655
50,74,43,7.683
50,74,44,7.719
50,74,45,7.814
50,74,46,7.848
50,74,47,7.890
50,74,48,7.926
50,74,49,7.992
50,75,0,8.010
50,75,1,7.806
50,75,2,6.717
50,75,3,6.781
50,75,4,6.888
50,75,5,6.976
50,75,6,7.036
50,75,7,7.197
50,75,8,7.326
50,75,9,7.337
50,75,10,7.480
50,75,11,7.490
50,75,12,7.499
50,75,13,7.633
50,75,14,7.644
50,75,15,7.652
50,75,16,7.787
50,75,17,7.797
50,75,18,7.986
50,75,19,7.996
50,75,20,8.003
50,75,21,8.159
50,75,22,8.164
50,75,23,8.168
50,75,24,8.173
50,75,25,8.264
50,75,26,8.270
50,75,27,8.274
50,75,28,8.279
50,75,29,8.327
50,75,30,8.332
50,75,31,8.364
50,75,32,8.397
50,75,33,8.429
50,75,34,8.464
50,75,35,8.564
50,75,36,8.608
50,75,37,8.646
50,75,38,8.676
50,75,39,8.763
50,75,40,8.802
50,75,41,8.884
50,75,42,8.954
50,75,43,8.993
50,75,44,9.057
50,75,45,9.094
50,75,46,9.154
50,75,47,9.212
50,75,48,9.247
50,75,49,9.311
50,76,0,7.803
50,76,1,7.641
50,76,2,6.445
50,76,3,6.577
50,76,4,6.588
50,76,5,6.730
50,76,6,6.741
50,76,7,6.749
50,76,8,6.871
50,76,9,6.881
50,76,10,6.889
50,76,11,6.956
50,76,12,7.157
50,76,13,7.236
50,76,14,7.310
50,76,15,7.472
50,76,16,7.483
50,76,17,7.630
50,76,18,7.649
50,76,19,7.784
50,76,20,7.795
50,76,21,7.939
50,76,22,7.948
50,76,23,7.955
50,76,24,8.118
50,76,25,8.128
50,76,26,8.133
50,76,27,8.216
50,76,28,8.222
50,76,29,8.227
50,76,30,8.285
50,76,31,8.291
50,76,32,8.346
50,76,33,8.352
50,76,34,8.408
50,76,35,8.452
50,76,36,8.495
50,76,37,8.525
50,76,38,8.605
50,76,39,8.651
50,76,40,8.811
50,76,41,8.930
50,76,42,8.941
50,76,43,9.048
50,76,44,9.058
50,76,45,9.158
50,76,46,9.168
50,76,47,9.289
50,76,48,9.304
50,76,49,9.356
50,77,0,8.455
50,77,1,8.245
50,77,2,7.457
50,77,3,7.507
50,77,4,7.547
50,77,5,7.584
50,77,6,7.619
50,77,7,7.649
50,77,8,7.711
50,77,9,7.749
50,77,10,7.816
50,77,11,7.870
50,77,12,7.923
50,77,13,7.978
50,77,14,8.016
50,77,15,8.086
50,77,16,8.129
50,77,17,8.189
50,77,18,8.293
50,77,19,8.352
50,77,20,8.390
50,77,21,8.500
50,77,22,8.559
50,77,23,8.595
50,77,24,8.659
50,77,25,8.703
50,77,26,8.758
50,77,27,8.810
50,77,28,8.871
50,77,29,8.923
50,77,30,8.973
50,77,31,9.029
50,77,32,9.080
50,77,33,9.137
50,77,34,9.173
50,77,35,9.233
50,77,36,9.290
50,77,37,9.344
50,77,38,9.397
50,77,39,9.447
50,77,40,9.504
50,77,41,9.563
50,77,42,9.602
50,77,43,9.661
50,77,44,9.702
50,77,45,9.763
50,77,46,9.803
50,77,47,9.862
50,77,48,9.900
50,77,49,9.960
50,78,0,6.522
50,78,1,6.312
50,78,2,5.493
50,78,3,5.541
50,78,4,5.579
50,78,5,5.611
50,78,6,5.672
50,78,7,5.711
50,78,8,5.778
50,78,9,5.818
50,78,10,5.881
50,78,11,5.933
50,78,12,5.989
50,78,13,6.042
50,78,14,6.100
50,78,15,6.154
50,78,16,6.207
50,78,17,6.259
50,78,18,6.364
50,78,19,6.418
50,78,20,6.469
50,78,21,6.574
50,78,22,6.624
50,78,23,6.676
50,78,24,6.728
50,78,25,6.796
50,78,26,6.832
50,78,27,6.889
50,78,28,6.940
50,78,29,6.991
50,78,30,7.041
50,78,31,7.097
50,78,32,7.134
50,78,33,7.195
50,78,34,7.231
50,78,35,7.294
50,78,36,7.331
50,78,37,7.393
50,78,38,7.445
50,78,39,7.604
50,78,40,7.765
50,78,41,7.776
50,78,42,7.913
50,78,43,7.923
50,78,44,7.931
50,78,45,8.060
50,78,46,8.069
50,78,47,8.077
50,78,48,8.157
50,78,49,8.166
50,79,0,8.496
50,79,1,8.280
50,79,2,7.109
50,79,3,7.180
50,79,4,7.273
50,79,5,7.368
50,79,6,7.457
50,79,7,7.547
50,79,8,7.637
50,79,9,7.726
50,79,10,7.815
50,79,11,7.902
50,79,12,7.968
50,79,13,8.020
50,79,14,8.074
50,79,15,8.126
50,79,16,8.185
50,79,17,8.223
50,79,18,8.330
50,79,19,8.385
50,79,20,8.437
50,79,21,8.656
50,79,22,8.793
50,79,23,8.805
50,79,24,8.969
50,79,25,8.980
50,79,26,8.988
50,79,27,9.178
50,79,28,9.189
50,79,29,9.197
50,79,30,9.204
50,79,31,9.398
50,79,32,9.408
50,79,33,9.417
50,79,34,9.424
50,79,35,9.431
50,79,36,9.598
50,79,37,9.608
50,79,38,9.615
50,79,39,9.622
50,79,40,9.779
50,79,41,9.788
50,79,42,9.796
50,79,43,9.802
50,79,44,9.948
50,79,45,9.957
50,79,46,9.964
50,79,47,9.970
50,79,48,10.045
50,79,49,10.054
50,80,0,6.714
50,80,1,6.544
50,80,2,5.421
50,80,3,5.467
50,80,4,5.500
50,80,5,5.539
50,80,6,5.607
50,80,7,5.661
50,80,8,5.717
50,80,9,5.764
50,80,10,5.826
50,80,11,5.863
50,80,12,5.924
50,80,13,6.206
50,80,14,6.221
50,80,15,6.352
50,80,16,6.366
50,80,17,6.534
50,80,18,6.551
50,80,19,6.695
50,80,20,6.705
50,80,21,6.812
50,80,22,6.821
50,80,23,6.913
50,80,24,6.922
50,80,25,7.021
50,80,26,7.030
50,80,27,7.127
50,80,28,7.137
50,80,29,7.221
50,80,30,7.230
50,80,31,7.278
50,80,32,7.308
50,80,33,7.336
50,80,34,7.371
50,80,35,7.486
50,80,36,7.531
50,80,37,7.626
50,80,38,7.714
50,80,39,7.720
50,80,40,7.756
50,80,41,7.791
50,80,42,7.825
50,80,43,7.853
50,80,44,7.889
50,80,45,7.977
50,80,46,8.009
50,80,47,8.063
50,80,48,8.122
50,80,49,8.176
50,81,0,7.445
50,81,1,7.154
50,81,2,5.919
50,81,3,6.175
50,81,4,6.217
50,81,5,6.319
50,81,6,6.402
50,81,7,6.469
50,81,8,6.537
50,81,9,6.609
50,81,10,6.724
50,81,11,6.734
50,81,12,6.833
50,81,13,6.843
50,81,14,6.936
50,81,15,6.946
50,81,16,7.040
50,81,17,7.049
50,81,18,7.163
50,81,19,7.305
50,81,20,7.317
50,81,21,7.455
50,81,22,7.462
50,81,23,7.552
50,81,24,7.558
50,81,25,7.610
50,81,26,7.616
50,81,27,7.648
50,81,28,7.685
50,81,29,7.773
50,81,30,7.862
50,81,31,7.901
50,81,32,7.936
50,81,33,7.974
50,81,34,8.004
50,81,35,8.110
50,81,36,8.155
50,81,37,8.193
50,81,38,8.224
50,81,39,8.282
50,81,40,8.320
50,81,41,8.390
50,81,42,8.444
50,81,43,8.498
50,81,44,8.557
50,81,45,8.595
50,81,46,8.658
50,81,47,8.734
50,81,48,8.843
50,81,49,8.880
50,82,0,7.046
50,82,1,6.921
50,82,2,6.007
50,82,3,6.136
50,82,4,6.152
50,82,5,6.253
50,82,6,6.263
50,82,7,6.372
50,82,8,6.382
50,82,9,6.509
50,82,10,6.518
50,82,11,6.526
50,82,12,6.626
50,82,13,6.636
50,82,14,6.769
50,82,15,6.778
50,82,16,6.786
50,82,17,6.911
50,82,18,6.928
50,82,19,7.036
50,82,20,7.042
50,82,21,7.096
50,82,22,7.101
50,82,23,7.131
50,82,24,7.163
50,82,25,7.191
50,82,26,7.225
50,82,27,7.392
50,82,28,7.518
50,82,29,7.530
50,82,30,7.672
50,82,31,7.683
50,82,32,7.691
50,82,33,7.822
50,82,34,7.832
50,82,35,7.841
50,82,36,7.997
50,82,37,8.007
50,82,38,8.014
50,82,39,8.184
50,82,40,8.194
50,82,41,8.201
50,82,42,8.205
50,82,43,8.297
50,82,44,8.303
50,82,45,8.307
50,82,46,8.311
50,82,47,8.362
50,82,48,8.368
50,82,49,8.396
50,83,0,7.145
50,83,1,6.917
50,83,2,6.115
50,83,3,6.167
50,83,4,6.208
50,83,5,6.248
50,83,6,6.285
50,83,7,6.317
50,83,8,6.381
50,83,9,6.469
50,83,10,6.514
50,83,11,6.547
50,83,12,6.587
50,83,13,6.648
50,83,14,6.710
50,83,15,6.750
50,83,16,6.813
50,83,17,6.853
50,83,18,6.955
50,83,19,7.019
50,83,20,7.102
50,83,21,7.178
50,83,22,7.237
50,83,23,7.293
50,83,24,7.360
50,83,25,7.401
50,83,26,7.457
50,83,27,7.511
50,83,28,7.564
50,83,29,7.618
50,83,30,7.680
50,83,31,7.720
50,83,32,7.789
50,83,33,7.896
50,83,34,7.966
50,83,35,8.026
50,83,36,8.084
50,83,37,8.136
50,83,38,8.193
50,83,39,8.248
50,83,40,8.302
50,83,41,8.358
50,83,42,8.408
50,83,43,8.466
50,83,44,8.520
50,83,45,8.577
50,83,46,8.630
50,83,47,8.684
50,83,48,8.737
50,83,49,8.792
50,84,0,7.774
50,84,1,7.563
50,84,2,6.732
50,84,3,6.778
50,84,4,6.811
50,84,5,6.850
50,84,6,6.919
50,84,7,6.965
50,84,8,7.039
50,84,9,7.096
50,84,10,7.151
50,84,11,7.255
50,84,12,7.300
50,84,13,7.338
50,84,14,7.373
50,84,15,7.403
50,84,16,7.457
50,84,17,7.511
50,84,18,7.615
50,84,19,7.667
50,84,20,7.726
50,84,21,7.836
50,84,22,7.889
50,84,23,7.940
50,84,24,7.994
50,84,25,8.045
50,84,26,8.095
50,84,27,8.147
50,84,28,8.199
50,84,29,8.249
50,84,30,8.301
50,84,31,8.354
50,84,32,8.405
50,84,33,8.455
50,84,34,8.511
50,84,35,8.565
50,84,36,8.616
50,84,37,8.668
50,84,38,8.727
50,84,39,8.787
50,84,40,8.823
50,84,41,8.881
50,84,42,9.047
50,84,43,9.440
50,84,44,9.476
50,84,45,9.514
50,84,46,9.712
50,84,47,9.825
50,84,48,9.836
50,84,49,9.883
50,85,0,6.343
50,85,1,6.104
50,85,2,5.206
50,85,3,5.283
50,85,4,5.354
50,85,5,5.457
50,85,6,5.467
50,85,7,5.564
50,85,8,5.573
50,85,9,5.666
50,85,10,5.676
50,85,11,5.774
50,85,12,5.783
50,85,13,5.877
50,85,14,5.887
50,85,15,5.979
50,85,16,5.988
50,85,17,6.094
50,85,18,6.230
50,85,19,6.239
50,85,20,6.246
50,85,21,6.353
50,85,22,6.450
50,85,23,6.454
50,85,24,6.459
50,85,25,6.508
50,85,26,6.513
50,85,27,6.540
50,85,28,6.605
50,85,29,6.640
50,85,30,6.702
50,85,31,6.739
50,85,32,6.800
50,85,33,6.844
50,85,34,6.905
50,85,35,6.948
50,85,36,7.002
50,85,37,7.038
50,85,38,7.096
50,85,39,7.131
50,85,40,7.191
50,85,41,7.241
50,85,42,7.290
50,85,43,7.339
50,85,44,7.387
50,85,45,7.436
50,85,46,7.487
50,85,47,7.537
50,85,48,7.586
50,85,49,7.642
50,86,0,6.342
50,86,1,6.008
50,86,2,5.199
50,86,3,5.237
50,86,4,5.275
50,86,5,5.333
50,86,6,5.386
50,86,7,5.438
50,86,8,5.492
50,86,9,5.551
50,86,10,5.587
50,86,11,5.653
50,86,12,5.704
50,86,13,5.758
50,86,14,5.808
50,86,15,5.859
50,86,16,5.902
50,86,17,5.956
50,86,18,6.060
50,86,19,6.130
50,86,20,6.198
50,86,21,6.442
50,86,22,6.627
50,86,23,6.761
50,86,24,6.772
50,86,25,6.903
50,86,26,6.915
50,86,27,7.053
50,86,28,7.063
50,86,29,7.070
50,86,30,7.165
50,86,31,7.175
50,86,32,7.268
50,86,33,7.273
50,86,34,7.277
50,86,35,7.327
50,86,36,7.333
50,86,37,7.366
50,86,38,7.393
50,86,39,7.488
50,86,40,7.528
50,86,41,7.563
50,86,42,7.598
50,86,43,7.626
50,86,44,7.683
50,86,45,7.742
50,86,46,7.778
50,86,47,7.841
50,86,48,7.899
50,86,49,7.952
50,87,0,6.307
50,87,1,6.104
50,87,2,5.369
50,87,3,5.501
50,87,4,5.507
50,87,5,5.565
50,87,6,5.571
50,87,7,5.623
50,87,8,5.629
50,87,9,5.657
50,87,10,5.694
50,87,11,5.756
50,87,12,5.793
50,87,13,5.855
50,87,14,5.892
50,87,15,5.955
50,87,16,5.992
50,87,17,6.052
50,87,18,6.157
50,87,19,6.200
50,87,20,6.255
50,87,21,6.360
50,87,22,6.411
50,87,23,6.462
50,87,24,6.507
50,87,25,6.561
50,87,26,6.596
50,87,27,6.655
50,87,28,6.691
50,87,29,6.747
50,87,30,6.803
50,87,31,6.837
50,87,32,6.894
50,87,33,6.945
50,87,34,6.996
50,87,35,7.047
50,87,36,7.098
50,87,37,7.141
50,87,38,7.206
50,87,39,7.240
50,87,40,7.300
50,87,41,7.349
50,87,42,7.399
50,87,43,7.448
50,87,44,7.498
50,87,45,7.554
50,87,46,7.605
50,87,47,7.655
50,87,48,7.705
50,87,49,7.755
50,88,0,6.189
50,88,1,6.072
50,88,2,5.178
50,88,3,5.265
50,88,4,5.373
50,88,5,5.383
50,88,6,5.516
50,88,7,5.526
50,88,8,5.640
50,88,9,5.651
50,88,10,5.784
50,88,11,5.798
50,88,12,5.806
50,88,13,5.953
50,88,14,5.963
50,88,15,5.969
50,88,16,6.062
50,88,17,6.068
50,88,18,6.122
50,88,19,6.128
50,88,20,6.158
50,88,21,6.216
50,88,22,6.251
50,88,23,6.349
50,88,24,6.392
50,88,25,6.429
50,88,26,6.460
50,88,27,6.498
50,88,28,6.575
50,88,29,6.628
50,88,30,6.681
50,88,31,6.726
50,88,32,6.784
50,88,33,6.820
50,88,34,6.880
50,88,35,6.941
50,88,36,6.997
50,88,37,7.034
50,88,38,7.092
50,88,39,7.144
50,88,40,7.193
50,88,41,7.243
50,88,42,7.294
50,88,43,7.345
50,88,44,7.401
50,88,45,7.457
50,88,46,7.608
50,88,47,7.756
50,88,48,7.768
50,88,49,7.824
50,89,0,6.362
50,89,1,6.165
50,89,2,5.366
50,89,3,5.405
50,89,4,5.445
50,89,5,5.494
50,89,6,5.554
50,89,7,5.593
50,89,8,5.654
50,89,9,5.721
50,89,10,5.759
50,89,11,5.819
50,89,12,5.857
50,89,13,5.916
50,89,14,5.955
50,89,15,6.017
50,89,16,6.054
50,89,17,6.114
50,89,18,6.216
50,89,19,6.252
50,89,20,6.310
50,89,21,6.413
50,89,22,6.465
50,89,23,6.550
50,89,24,6.580
50,89,25,6.614
50,89,26,6.668
50,89,27,6.900
50,89,28,6.915
50,89,29,7.058
50,89,30,7.068
50,89,31,7.076
50,89,32,7.237
50,89,33,7.247
50,89,34,7.254
50,89,35,7.261
50,89,36,7.396
50,89,37,7.406
50,89,38,7.414
50,89,39,7.576
50,89,40,7.585
50,89,41,7.592
50,89,42,7.599
50,89,43,7.751
50,89,44,7.760
50,89,45,7.767
50,89,46,7.773
50,89,47,7.876
50,89,48,7.885
50,89,49,7.892
50,90,0,7.591
50,90,1,7.379
50,90,2,6.497
50,90,3,6.548
50,90,4,6.587
50,90,5,6.624
50,90,6,6.655
50,90,7,6.718
50,90,8,6.797
50,90,9,6.882
50,90,10,6.931
50,90,11,6.999
50,90,12,7.080
50,90,13,7.116
50,90,14,7.157
50,90,15,7.242
50,90,16,7.282
50,90,17,7.322
50,90,18,7.435
50,90,19,7.489
50,90,20,7.550
50,90,21,7.649
50,90,22,7.689
50,90,23,7.747
50,90,24,7.807
50,90,25,7.868
50,90,26,7.920
50,90,27,7.975
50,90,28,8.018
50,90,29,8.075
50,90,30,8.114
50,90,31,8.209
50,90,32,8.254
50,90,33,8.287
50,90,34,8.327
50,90,35,8.412
50,90,36,8.457
50,90,37,8.490
50,90,38,8.531
50,90,39,8.600
50,90,40,8.662
50,90,41,8.704
50,90,42,8.778
50,90,43,8.813
50,90,44,8.862
50,90,45,8.899
50,90,46,8.980
50,90,47,9.023
50,90,48,9.098
50,90,49,9.131
50,91,0,7.253
50,91,1,6.975
50,91,2,6.005
50,91,3,6.043
50,91,4,6.084
50,91,5,6.155
50,91,6,6.196
50,91,7,6.261
50,91,8,6.310
50,91,9,6.379
50,91,10,6.530
50,91,11,6.651
50,91,12,6.662
50,91,13,6.801
50,91,14,6.812
50,91,15,6.820
50,91,16,6.957
50,91,17,6.968
50,91,18,7.108
50,91,19,7.118
50,91,20,7.125
50,91,21,7.262
50,91,22,7.266
50,91,23,7.350
50,91,24,7.356
50,91,25,7.360
50,91,26,7.425
50,91,27,7.430
50,91,28,7.434
50,91,29,7.464
50,91,30,7.496
50,91,31,7.525
50,91,32,7.562
50,91,33,7.621
50,91,34,7.657
50,91,35,7.716
50,91,36,7.767
50,91,37,7.819
50,91,38,7.872
50,91,39,7.926
50,91,40,7.977
50,91,41,8.028
50,91,42,8.080
50,91,43,8.131
50,91,44,8.182
50,91,45,8.234
50,91,46,8.285
50,91,47,8.343
50,91,48,8.399
50,91,49,8.449
50,92,0,7.290
50,92,1,7.120
50,92,2,6.106
50,92,3,6.152
50,92,4,6.187
50,92,5,6.218
50,92,6,6.281
50,92,7,6.329
50,92,8,6.396
50,92,9,6.434
50,92,10,6.497
50,92,11,6.557
50,92,12,6.596
50,92,13,6.654
50,92,14,6.696
50,92,15,6.766
50,92,16,6.807
50,92,17,6.994
50,92,18,7.132
50,92,19,7.272
50,92,20,7.283
50,92,21,7.428
50,92,22,7.437
50,92,23,7.445
50,92,24,7.600
50,92,25,7.610
50,92,26,7.617
50,92,27,7.623
50,92,28,7.748
50,92,29,7.758
50,92,30,7.765
50,92,31,7.894
50,92,32,7.903
50,92,33,7.910
50,92,34,8.055
50,92,35,8.064
50,92,36,8.072
50,92,37,8.304
50,92,38,8.314
50,92,39,8.322
50,92,40,8.330
50,92,41,8.529
50,92,42,8.539
50,92,43,8.543
50,92,44,8.548
50,92,45,8.552
50,92,46,8.775
50,92,47,8.788
50,92,48,8.797
50,92,49,8.805
50,93,0,6.329
50,93,1,6.125
50,93,2,5.036
50,93,3,5.073
50,93,4,5.112
50,93,5,5.173
50,93,6,5.224
50,93,7,5.278
50,93,8,5.331
50,93,9,5.395
50,93,10,5.440
50,93,11,5.494
50,93,12,5.545
50,93,13,5.783
50,93,14,5.798
50,93,15,5.944
50,93,16,5.955
50,93,17,5.963
50,93,18,6.135
50,93,19,6.142
50,93,20,6.149
50,93,21,6.339
50,93,22,6.347
50,93,23,6.353
50,93,24,6.552
50,93,25,6.562
50,93,26,6.569
50,93,27,6.576
50,93,28,6.582
50,93,29,6.764
50,93,30,6.774
50,93,31,6.781
50,93,32,6.787
50,93,33,6.793
50,93,34,6.953
50,93,35,6.963
50,93,36,6.970
50,93,37,6.976
50,93,38,7.095
50,93,39,7.104
50,93,40,7.112
50,93,41,7.187
50,93,42,7.192
50,93,43,7.196
50,93,44,7.241
50,93,45,7.246
50,93,46,7.273
50,93,47,7.297
50,93,48,7.409
50,93,49,7.462
50,94,0,6.838
50,94,1,6.519
50,94,2,5.701
50,94,3,5.745
50,94,4,5.778
50,94,5,5.838
50,94,6,5.892
50,94,7,5.952
50,94,8,5.989
50,94,9,6.055
50,94,10,6.107
50,94,11,6.161
50,94,12,6.212
50,94,13,6.265
50,94,14,6.309
50,94,15,6.365
50,94,16,6.416
50,94,17,6.467
50,94,18,6.574
50,94,19,6.625
50,94,20,6.680
50,94,21,6.989
50,94,22,7.000
50,94,23,7.140
50,94,24,7.150
50,94,25,7.158
50,94,26,7.306
50,94,27,7.316
50,94,28,7.323
50,94,29,7.451
50,94,30,7.461
50,94,31,7.468
50,94,32,7.591
50,94,33,7.601
50,94,34,7.608
50,94,35,7.741
50,94,36,7.750
50,94,37,7.757
50,94,38,7.884
50,94,39,7.893
50,94,40,7.901
50,94,41,8.026
50,94,42,8.036
50,94,43,8.043
50,94,44,8.127
50,94,45,8.132
50,94,46,8.136
50,94,47,8.184
50,94,48,8.188
50,94,49,8.218
50,95,0,5.618
50,95,1,5.414
50,95,2,4.638
50,95,3,4.675
50,95,4,4.713
50,95,5,4.775
50,95,6,4.812
50,95,7,4.871
50,95,8,4.923
50,95,9,4.973
50,95,10,5.029
50,95,11,5.065
50,95,12,5.122
50,95,13,5.156
50,95,14,5.214
50,95,15,5.264
50,95,16,5.305
50,95,17,5.359
50,95,18,5.468
50,95,19,5.516
50,95,20,5.567
50,95,21,5.660
50,95,22,5.714
50,95,23,5.748
50,95,24,5.806
50,95,25,5.866
50,95,26,5.943
50,95,27,6.014
50,95,28,6.079
50,95,29,6.114
50,95,30,6.169
50,95,31,6.226
50,95,32,6.286
50,95,33,6.319
50,95,34,6.493
50,95,35,6.613
50,95,36,6.624
50,95,37,6.790
50,95,38,6.808
50,95,39,6.816
50,95,40,6.969
50,95,41,6.980
50,95,42,6.987
50,95,43,7.072
50,95,44,7.082
50,95,45,7.133
50,95,46,7.186
50,95,47,7.250
50,95,48,7.377
50,95,49,7.513
50,96,0,6.731
50,96,1,6.517
50,96,2,5.636
50,96,3,5.675
50,96,4,5.715
50,96,5,5.779
50,96,6,5.837
50,96,7,5.895
50,96,8,5.964
50,96,9,6.023
50,96,10,6.080
50,96,11,6.136
50,96,12,6.191
50,96,13,6.243
50,96,14,6.301
50,96,15,6.355
50,96,16,6.410
50,96,17,6.463
50,96,18,6.571
50,96,19,6.629
50,96,20,6.666
50,96,21,6.783
50,96,22,6.837
50,96,23,6.892
50,96,24,6.946
50,96,25,7.000
50,96,26,7.053
50,96,27,7.106
50,96,28,7.165
50,96,29,7.222
50,96,30,7.278
50,96,31,7.332
50,96,32,7.387
50,96,33,7.441
50,96,34,7.495
50,96,35,7.561
50,96,36,7.644
50,96,37,7.686
50,96,38,7.716
50,96,39,7.750
50,96,40,7.813
50,96,41,7.848
50,96,42,7.914
50,96,43,7.968
50,96,44,8.023
50,96,45,8.076
50,96,46,8.129
50,96,47,8.181
50,96,48,8.232
50,96,49,8.284
50,97,0,6.612
50,97,1,6.476
50,97,2,5.486
50,97,3,5.531
50,97,4,5.563
50,97,5,6.079
50,97,6,6.093
50,97,7,6.103
50,97,8,6.111
50,97,9,6.326
50,97,10,6.332
50,97,11,6.337
50,97,12,6.341
50,97,13,6.345
50,97,14,6.349
50,97,15,6.460
50,97,16,6.466
50,97,17,6.471
50,97,18,6.541
50,97,19,6.547
50,97,20,6.579
50,97,21,6.641
50,97,22,6.676
50,97,23,6.770
50,97,24,6.813
50,97,25,6.853
50,97,26,6.884
50,97,27,6.923
50,97,28,7.021
50,97,29,7.060
50,97,30,7.091
50,97,31,7.150
50,97,32,7.187
50,97,33,7.255
50,97,34,7.293
50,97,35,7.358
50,97,36,7.393
50,97,37,7.456
50,97,38,7.513
50,97,39,7.548
50,97,40,7.610
50,97,41,7.668
50,97,42,7.710
50,97,43,7.809
50,97,44,7.854
50,97,45,7.918
50,97,46,7.953
50,97,47,8.023
50,97,48,8.075
50,97,49,8.138
50,98,0,6.573
50,98,1,6.427
50,98,2,5.455
50,98,3,5.492
50,98,4,5.530
50,98,5,5.601
50,98,6,5.761
50,98,7,5.879
50,98,8,5.890
50,98,9,5.988
50,98,10,5.998
50,98,11,6.133
50,98,12,6.143
50,98,13,6.150
50,98,14,6.277
50,98,15,6.286
50,98,16,6.294
50,98,17,6.418
50,98,18,6.434
50,98,19,6.557
50,98,20,6.567
50,98,21,6.692
50,98,22,6.702
50,98,23,6.708
50,98,24,6.854
50,98,25,6.863
50,98,26,6.869
50,98,27,6.965
50,98,28,6.971
50,98,29,6.975
50,98,30,6.978
50,98,31,7.032
50,98,32,7.037
50,98,33,7.089
50,98,34,7.094
50,98,35,7.125
50,98,36,7.157
50,98,37,7.183
50,98,38,7.290
50,98,39,7.348
50,98,40,7.407
50,98,41,7.500
50,98,42,7.509
50,98,43,7.601
50,98,44,7.610
50,98,45,7.705
50,98,46,7.714
50,98,47,7.809
50,98,48,7.819
50,98,49,7.865
50,99,0,7.359
50,99,1,7.152
50,99,2,6.365
50,99,3,6.414
50,99,4,6.454
50,99,5,6.491
50,99,6,6.530
50,99,7,6.571
50,99,8,6.639
50,99,9,6.678
50,99,10,6.745
50,99,11,6.791
50,99,12,6.857
50,99,13,6.898
50,99,14,6.939
50,99,15,7.000
50,99,16,7.038
50,99,17,7.099
50,99,18,7.192
50,99,19,7.254
50,99,20,7.307
50,99,21,7.410
50,99,22,7.465
50,99,23,7.510
50,99,24,7.566
50,99,25,7.604
50,99,26,7.667
50,99,27,7.704
50,99,28,7.761
50,99,29,7.819
50,99,30,7.872
50,99,31,7.924
50,99,32,7.975
50,99,33,8.026
50,99,34,8.077
50,99,35,8.131
50,99,36,8.184
50,99,37,8.236
50,99,38,8.288
50,99,39,8.339
50,99,40,8.392
50,99,41,8.443
50,99,42,8.494
50,99,43,8.544
50,99,44,8.596
50,99,45,8.649
50,99,46,8.705
50,99,47,8.741
50,99,48,8.800
50,99,49,8.854
50,100,0,6.313
50,100,1,6.125
50,100,2,5.353
50,100,3,5.390
50,100,4,5.429
50,100,5,5.506
50,100,6,5.537
50,100,7,5.590
50,100,8,5.648
50,100,9,5.685
50,100,10,5.750
50,100,11,5.785
50,100,12,5.845
50,100,13,5.882
50,100,14,5.949
50,100,15,5.977
50,100,16,6.034
50,100,17,6.091
50,100,18,6.185
50,100,19,6.220
50,100,20,6.281
50,100,21,6.373
50,100,22,6.407
50,100,23,6.466
50,100,24,6.499
50,100,25,6.559
50,100,26,6.592
50,100,27,6.653
50,100,28,6.686
50,100,29,6.737
50,100,30,6.770
50,100,31,6.842
50,100,32,6.869
50,100,33,6.918
50,100,34,6.966
50,100,35,7.006
50,100,36,7.068
50,100,37,7.101
50,100,38,7.161
50,100,39,7.193
50,100,40,7.252
50,100,41,7.306
50,100,42,7.359
50,100,43,7.391
50,100,44,7.450
50,100,45,7.483
50,100,46,7.541
50,100,47,7.595
50,100,48,7.627
50,100,49,7.687
50,101,0,7.307
50,101,1,7.105
50,101,2,6.339
50,101,3,6.464
50,101,4,6.485
50,101,5,6.616
50,101,6,6.626
50,101,7,6.762
50,101,8,6.768
50,101,9,6.772
50,101,10,6.842
50,101,11,6.848
50,101,12,6.852
50,101,13,6.884
50,101,14,6.916
50,101,15,6.944
50,101,16,7.030
50,101,17,7.074
50,101,18,7.142
50,101,19,7.201
50,101,20,7.238
50,101,21,7.344
50,101,22,7.408
50,101,23,7.446
50,101,24,7.512
50,101,25,7.549
50,101,26,7.617
50,101,27,7.653
50,101,28,7.718
50,101,29,7.754
50,101,30,7.817
50,101,31,7.852
50,101,32,7.913
50,101,33,7.948
50,101,34,8.009
50,101,35,8.065
50,101,36,8.100
50,101,37,8.162
50,101,38,8.211
50,101,39,8.272
50,101,40,8.321
50,101,41,8.381
50,101,42,8.417
50,101,43,8.478
50,101,44,8.512
50,101,45,8.575
50,101,46,8.630
50,101,47,8.666
50,101,48,8.730
50,101,49,8.777
50,102,0,6.737
50,102,1,6.518
50,102,2,5.681
50,102,3,5.730
50,102,4,5.774
50,102,5,5.805
50,102,6,5.867
50,102,7,5.906
50,102,8,5.969
50,102,9,6.022
50,102,10,6.084
50,102,11,6.143
50,102,12,6.181
50,102,13,6.239
50,102,14,6.298
50,102,15,6.375
50,102,16,6.427
50,102,17,6.484
50,102,18,6.580
50,102,19,6.623
50,102,20,6.679
50,102,21,6.799
50,102,22,6.833
50,102,23,6.889
50,102,24,6.924
50,102,25,6.988
50,102,26,7.022
50,102,27,7.089
50,102,28,7.139
50,102,29,7.187
50,102,30,7.249
50,102,31,7.284
50,102,32,7.351
50,102,33,7.386
50,102,34,7.447
50,102,35,7.482
50,102,36,7.544
50,102,37,7.592
50,102,38,7.653
50,102,39,7.688
50,102,40,7.749
50,102,41,7.784
50,102,42,7.844
50,102,43,7.878
50,102,44,7.945
50,102,45,7.978
50,102,46,8.040
50,102,47,8.103
50,102,48,8.317
50,102,49,8.332
50,103,0,7.005
50,103,1,6.805
50,103,2,5.979
50,103,3,6.024
50,103,4,6.056
50,103,5,6.094
50,103,6,6.166
50,103,7,6.203
50,103,8,6.274
50,103,9,6.311
50,103,10,6.377
50,103,11,6.412
50,103,12,6.474
50,103,13,6.525
50,103,14,6.587
50,103,15,6.621
50,103,16,6.687
50,103,17,6.747
50,103,18,6.847
50,103,19,6.909
50,103,20,6.944
50,103,21,7.040
50,103,22,7.102
50,103,23,7.153
50,103,24,7.203
50,103,25,7.252
50,103,26,7.308
50,103,27,7.342
50,103,28,7.405
50,103,29,7.439
50,103,30,7.500
50,103,31,7.535
50,103,32,7.596
50,103,33,7.643
50,103,34,7.704
50,103,35,7.737
50,103,36,7.798
50,103,37,7.853
50,103,38,7.887
50,103,39,7.948
50,103,40,7.996
50,103,41,8.059
50,103,42,8.094
50,103,43,8.146
50,103,44,8.208
50,103,45,8.250
50,103,46,8.313
50,103,47,8.356
50,103,48,8.398
50,103,49,8.467
50,104,0,7.059
50,104,1,6.972
50,104,2,5.675
50,104,3,5.755
50,104,4,5.813
50,104,5,5.881
50,104,6,5.971
50,104,7,6.042
50,104,8,6.136
50,104,9,6.228
50,104,10,6.307
50,104,11,6.391
50,104,12,6.475
50,104,13,6.785
50,104,14,6.902
50,104,15,6.908
50,104,16,6.913
50,104,17,6.917
50,104,18,6.977
50,104,19,7.026
50,104,20,7.032
50,104,21,7.103
50,104,22,7.166
50,104,23,7.202
50,104,24,7.287
50,104,25,7.338
50,104,26,7.380
50,104,27,7.443
50,104,28,7.478
50,104,29,7.540
50,104,30,7.596
50,104,31,7.635
50,104,32,7.700
50,104,33,7.738
50,104,34,7.803
50,104,35,7.839
50,104,36,7.911
50,104,37,7.969
50,104,38,8.005
50,104,39,8.335
50,104,40,8.344
50,104,41,8.349
50,104,42,8.353
50,104,43,8.420
50,104,44,8.425
50,104,45,8.429
50,104,46,8.458
50,104,47,8.490
50,104,48,8.517
50,104,49,8.550
50,105,0,6.661
50,105,1,6.467
50,105,2,5.452
50,105,3,5.496
50,105,4,5.531
50,105,5,5.590
50,105,6,5.629
50,105,7,5.695
50,105,8,5.736
50,105,9,5.800
50,105,10,5.839
50,105,11,5.898
50,105,12,5.934
50,105,13,5.993
50,105,14,6.044
50,105,15,6.290
50,105,16,6.304
50,105,17,6.457
50,105,18,6.475
50,105,19,6.644
50,105,20,6.654
50,105,21,6.668
50,105,22,6.855
50,105,23,6.864
50,105,24,6.872
50,105,25,6.879
50,105,26,7.102
50,105,27,7.112
50,105,28,7.119
50,105,29,7.126
50,105,30,7.132
50,105,31,7.443
50,105,32,7.453
50,105,33,7.461
50,105,34,7.467
50,105,35,7.473
50,105,36,7.480
50,105,37,7.701
50,105,38,7.706
50,105,39,7.710
50,105,40,7.714
50,105,41,7.718
50,105,42,7.722
50,105,43,7.725
50,105,44,7.875
50,105,45,7.885
50,105,46,7.892
50,105,47,7.898
50,105,48,7.904
50,105,49,7.911
50,106,0,6.457
50,106,1,6.276
50,106,2,5.494
50,106,3,5.654
50,106,4,5.665
50,106,5,5.777
50,106,6,5.788
50,106,7,5.898
50,106,8,5.904
50,106,9,5.909
50,106,10,5.966
50,106,11,5.971
50,106,12,6.028
50,106,13,6.033
50,106,14,6.066
50,106,15,6.096
50,106,16,6.133
50,106,17,6.231
50,106,18,6.316
50,106,19,6.349
50,106,20,6.389
50,106,21,6.496
50,106,22,6.556
50,106,23,6.605
50,106,24,6.671
50,106,25,6.708
50,106,26,6.765
50,106,27,6.846
50,106,28,6.885
50,106,29,6.914
50,106,30,6.950
50,106,31,7.010
50,106,32,7.062
50,106,33,7.113
50,106,34,7.150
50,106,35,7.209
50,106,36,7.260
50,106,37,7.313
50,106,38,7.364
50,106,39,7.421
50,106,40,7.475
50,106,41,7.529
50,106,42,7.592
50,106,43,7.644
50,106,44,7.701
50,106,45,7.738
50,106,46,7.799
50,106,47,7.852
50,106,48,7.903
50,106,49,7.954
50,107,0,6.385
50,107,1,6.175
50,107,2,5.271
50,107,3,5.309
50,107,4,5.386
50,107,5,5.452
50,107,6,5.524
50,107,7,5.634
50,107,8,5.644
50,107,9,5.749
50,107,10,5.759
50,107,11,5.866
50,107,12,5.876
50,107,13,6.005
50,107,14,6.014
50,107,15,6.021
50,107,16,6.158
50,107,17,6.168
50,107,18,6.361
50,107,19,6.371
50,107,20,6.378
50,107,21,6.596
50,107,22,6.602
50,107,23,6.606
50,107,24,6.611
50,107,25,6.675
50,107,26,6.680
50,107,27,6.684
50,107,28,6.723
50,107,29,6.753
50,107,30,6.781
50,107,31,6.869
50,107,32,6.908
50,107,33,7.088
50,107,34,7.223
50,107,35,7.236
50,107,36,7.461
50,107,37,7.477
50,107,38,7.487
50,107,39,7.753
50,107,40,7.762
50,107,41,7.767
50,107,42,7.770
50,107,43,7.774
50,107,44,7.896
50,107,45,7.901
50,107,46,7.906
50,107,47,7.910
50,107,48,7.913
50,107,49,7.917
50,108,0,7.513
50,108,1,7.278
50,108,2,6.290
50,108,3,6.370
50,108,4,6.414
50,108,5,6.566
50,108,6,6.691
50,108,7,6.702
50,108,8,6.822
50,108,9,6.833
50,108,10,6.968
50,108,11,6.978
50,108,12,6.986
50,108,13,7.115
50,108,14,7.125
50,108,15,7.133
50,108,16,7.261
50,108,17,7.271
50,108,18,7.402
50,108,19,7.412
50,108,20,7.420
50,108,21,7.520
50,108,22,7.576
50,108,23,7.581
50,108,24,7.611
50,108,25,7.641
50,108,26,7.675
50,108,27,7.749
50,108,28,7.790
50,108,29,7.826
50,108,30,7.885
50,108,31,7.938
50,108,32,7.990
50,108,33,8.027
50,108,34,8.088
50,108,35,8.151
50,108,36,8.203
50,108,37,8.257
50,108,38,8.313
50,108,39,8.352
50,108,40,8.413
50,108,41,8.460
50,108,42,8.519
50,108,43,8.556
50,108,44,8.613
50,108,45,8.654
50,108,46,8.711
50,108,47,8.749
50,108,48,8.811
50,108,49,8.904
50,109,0,7.636
50,109,1,7.361
50,109,2,6.336
50,109,3,6.381
50,109,4,6.413
50,109,5,6.451
50,109,6,6.536
50,109,7,6.589
50,109,8,6.648
50,109,9,6.704
50,109,10,6.763
50,109,11,6.916
50,109,12,7.054
50,109,13,7.065
50,109,14,7.174
50,109,15,7.185
50,109,16,7.336
50,109,17,7.353
50,109,18,7.491
50,109,19,7.501
50,109,20,7.508
50,109,21,7.646
50,109,22,7.653
50,109,23,7.782
50,109,24,7.791
50,109,25,7.799
50,109,26,7.926
50,109,27,7.935
50,109,28,7.942
50,109,29,8.060
50,109,30,8.070
50,109,31,8.077
50,109,32,8.170
50,109,33,8.178
50,109,34,8.305
50,109,35,8.315
50,109,36,8.321
50,109,37,8.420
50,109,38,8.426
50,109,39,8.430
50,109,40,8.479
50,109,41,8.485
50,109,42,8.540
50,109,43,8.606
50,109,44,8.642
50,109,45,8.677
50,109,46,8.712
50,109,47,8.740
50,109,48,8.804
50,109,49,8.841
50,110,0,6.801
50,110,1,6.643
50,110,2,5.559
50,110,3,5.603
50,110,4,5.635
50,110,5,5.673
50,110,6,5.746
50,110,7,5.784
50,110,8,5.854
50,110,9,5.909
50,110,10,5.962
50,110,11,6.014
50,110,12,6.191
50,110,13,6.316
50,110,14,6.327
50,110,15,6.468
50,110,16,6.478
50,110,17,6.486
50,110,18,6.653
50,110,19,6.661
50,110,20,6.668
50,110,21,6.810
50,110,22,6.817
50,110,23,6.972
50,110,24,6.982
50,110,25,6.989
50,110,26,6.996
50,110,27,7.096
50,110,28,7.102
50,110,29,7.106
50,110,30,7.110
50,110,31,7.173
50,110,32,7.178
50,110,33,7.182
50,110,34,7.211
50,110,35,7.237
50,110,36,7.270
50,110,37,7.387
50,110,38,7.454
50,110,39,7.553
50,110,40,7.562
50,110,41,7.653
50,110,42,7.663
50,110,43,7.756
50,110,44,7.765
50,110,45,7.845
50,110,46,7.853
50,110,47,8.047
50,110,48,8.085
50,110,49,8.123
50,111,0,7.489
50,111,1,7.295
50,111,2,6.168
50,111,3,6.217
50,111,4,6.256
50,111,5,6.292
50,111,6,6.325
50,111,7,6.387
50,111,8,6.461
50,111,9,6.518
50,111,10,6.576
50,111,11,6.630
50,111,12,6.918
50,111,13,6.933
50,111,14,7.085
50,111,15,7.095
50,111,16,7.103
50,111,17,7.284
50,111,18,7.303
50,111,19,7.471
50,111,20,7.481
50,111,21,7.496
50,111,22,7.661
50,111,23,7.667
50,111,24,7.671
50,111,25,7.675
50,111,26,7.765
50,111,27,7.770
50,111,28,7.774
50,111,29,7.778
50,111,30,7.832
50,111,31,7.838
50,111,32,7.888
50,111,33,7.894
50,111,34,7.926
50,111,35,7.953
50,111,36,7.987
50,111,37,8.085
50,111,38,8.128
50,111,39,8.161
50,111,40,8.198
50,111,41,8.258
50,111,42,8.294
50,111,43,8.353
50,111,44,8.390
50,111,45,8.459
50,111,46,8.511
50,111,47,8.565
50,111,48,8.616
50,111,49,8.668
50,112,0,7.402
50,112,1,7.013
50,112,2,6.166
50,112,3,6.235
50,112,4,6.291
50,112,5,6.376
50,112,6,6.409
50,112,7,6.446
50,112,8,6.514
50,112,9,6.551
50,112,10,6.613
50,112,11,6.664
50,112,12,6.728
50,112,13,6.765
50,112,14,6.818
50,112,15,6.874
50,112,16,6.911
50,112,17,6.976
50,112,18,7.085
50,112,19,7.117
50,112,20,7.153
50,112,21,7.569
50,112,22,7.581
50,112,23,7.680
50,112,24,7.691
50,112,25,7.754
50,112,26,7.812
50,112,27,7.869
50,112,28,7.931
50,112,29,7.984
50,112,30,8.037
50,112,31,8.089
50,112,32,8.141
50,112,33,8.193
50,112,34,8.246
50,112,35,8.299
50,112,36,8.357
50,112,37,8.441
50,112,38,8.450
50,112,39,8.512
50,112,40,8.593
50,112,41,8.598
50,112,42,8.647
50,112,43,8.653
50,112,44,8.679
50,112,45,8.713
50,112,46,8.875
50,112,47,8.986
50,112,48,8.997
50,112,49,9.050
50,113,0,7.809
50,113,1,7.603
50,113,2,6.437
50,113,3,6.490
50,113,4,6.583
50,113,5,6.672
50,113,6,6.762
50,113,7,6.849
50,113,8,6.952
50,113,9,7.091
50,113,10,7.136
50,113,11,7.183
50,113,12,7.266
50,113,13,7.299
50,113,14,7.345
50,113,15,7.400
50,113,16,7.500
50,113,17,7.539
50,113,18,7.645
50,113,19,7.706
50,113,20,7.750
50,113,21,7.847
50,113,22,7.908
50,113,23,7.966
50,113,24,8.004
50,113,25,8.060
50,113,26,8.099
50,113,27,8.158
50,113,28,8.197
50,113,29,8.252
50,113,30,8.308
50,113,31,8.343
50,113,32,8.400
50,113,33,8.451
50,113,34,8.504
50,113,35,8.554
50,113,36,8.605
50,113,37,8.657
50,113,38,8.715
50,113,39,8.769
50,113,40,8.822
50,113,41,8.875
50,113,42,8.925
50,113,43,8.976
50,113,44,9.026
50,113,45,9.078
50,113,46,9.131
50,113,47,9.183
50,113,48,9.233
50,113,49,9.285
50,114,0,7.093
50,114,1,6.937
50,114,2,5.967
50,114,3,6.097
50,114,4,6.109
50,114,5,6.212
50,114,6,6.222
50,114,7,6.334
50,114,8,6.344
50,114,9,6.438
50,114,10,6.448
50,114,11,6.548
50,114,12,6.558
50,114,13,6.681
50,114,14,6.692
50,114,15,6.700
50,114,16,6.800
50,114,17,6.810
50,114,18,6.947
50,114,19,6.954
50,114,20,7.083
50,114,21,7.100
50,114,22,7.227
50,114,23,7.237
50,114,24,7.244
50,114,25,7.374
50,114,26,7.383
50,114,27,7.390
50,114,28,7.470
50,114,29,7.475
50,114,30,7.479
50,114,31,7.531
50,114,32,7.536
50,114,33,7.646
50,114,34,7.655
50,114,35,7.718
50,114,36,7.725
50,114,37,7.759
50,114,38,7.793
50,114,39,7.827
50,114,40,7.856
50,114,41,7.896
50,114,42,7.961
50,114,43,7.996
50,114,44,8.058
50,114,45,8.110
50,114,46,8.162
50,114,47,8.221
50,114,48,8.276
50,114,49,8.327
50,115,0,6.390
50,115,1,6.226
50,115,2,5.248
50,115,3,5.292
50,115,4,5.325
50,115,5,5.366
50,115,6,5.438
50,115,7,5.478
50,115,8,5.540
50,115,9,5.593
50,115,10,5.645
50,115,11,5.705
50,115,12,5.744
50,115,13,5.779
50,115,14,5.843
50,115,15,5.880
50,115,16,5.939
50,115,17,6.095
50,115,18,6.237
50,115,19,6.373
50,115,20,6.382
50,115,21,6.526
50,115,22,6.536
50,115,23,6.543
50,115,24,6.639
50,115,25,6.645
50,115,26,6.649
50,115,27,6.652
50,115,28,6.702
50,115,29,6.708
50,115,30,6.753
50,115,31,6.758
50,115,32,6.783
50,115,33,6.816
50,115,34,6.927
50,115,35,6.985
50,115,36,7.048
50,115,37,7.143
50,115,38,7.153
50,115,39,7.247
50,115,40,7.256
50,115,41,7.348
50,115,42,7.358
50,115,43,7.447
50,115,44,7.456
50,115,45,7.551
50,115,46,7.560
50,115,47,7.668
50,115,48,7.677
50,115,49,7.684
50,116,0,7.419
50,116,1,7.268
50,116,2,6.330
50,116,3,6.470
50,116,4,6.481
50,116,5,6.585
50,116,6,6.595
50,116,7,6.722
50,116,8,6.732
50,116,9,6.739
50,116,10,6.838
50,116,11,6.847
50,116,12,6.983
50,116,13,6.994
50,116,14,7.001
50,116,15,7.129
50,116,16,7.138
50,116,17,7.145
50,116,18,7.278
50,116,19,7.285
50,116,20,7.409
50,116,21,7.426
50,116,22,7.504
50,116,23,7.510
50,116,24,7.514
50,116,25,7.563
50,116,26,7.568
50,116,27,7.598
50,116,28,7.624
50,116,29,7.709
50,116,30,7.751
50,116,31,7.793
50,116,32,7.833
50,116,33,7.870
50,116,34,7.936
50,116,35,7.974
50,116,36,8.034
50,116,37,8.086
50,116,38,8.140
50,116,39,8.193
50,116,40,8.248
50,116,41,8.300
50,116,42,8.351
50,116,43,8.401
50,116,44,8.453
50,116,45,8.503
50,116,46,8.558
50,116,47,8.608
50,116,48,8.660
50,116,49,8.724
50,117,0,6.809
50,117,1,6.607
50,117,2,5.128
50,117,3,5.318
50,117,4,5.436
50,117,5,5.574
50,117,6,5.816
50,117,7,5.923
50,117,8,6.038
50,117,9,6.127
50,117,10,6.204
50,117,11,6.302
50,117,12,6.356
50,117,13,6.395
50,117,14,6.431
50,117,15,6.476
50,117,16,6.511
50,117,17,6.542
50,117,18,6.646
50,117,19,6.702
50,117,20,6.756
50,117,21,7.056
50,117,22,7.071
50,117,23,7.217
50,117,24,7.228
50,117,25,7.235
50,117,26,7.343
50,117,27,7.365
50,117,28,7.371
50,117,29,7.461
50,117,30,7.467
50,117,31,7.472
50,117,32,7.539
50,117,33,7.544
50,117,34,7.548
50,117,35,7.579
50,117,36,7.610
50,117,37,7.637
50,117,38,7.678
50,117,39,7.713
50,117,40,7.777
50,117,41,7.885
50,117,42,7.958
50,117,43,8.066
50,117,44,8.077
50,117,45,8.168
50,117,46,8.178
50,117,47,8.272
50,117,48,8.281
50,117,49,8.331
50,118,0,6.872
50,118,1,6.522
50,118,2,5.717
50,118,3,5.759
50,118,4,5.791
50,118,5,5.850
50,118,6,5.906
50,118,7,5.951
50,118,8,6.012
50,118,9,6.063
50,118,10,6.114
50,118,11,6.168
50,118,12,6.219
50,118,13,6.270
50,118,14,6.321
50,118,15,6.373
50,118,16,6.423
50,118,17,6.472
50,118,18,6.573
50,118,19,6.623
50,118,20,6.857
50,118,21,7.022
50,118,22,7.033
50,118,23,7.041
50,118,24,7.225
50,118,25,7.235
50,118,26,7.243
50,118,27,7.249
50,118,28,7.424
50,118,29,7.433
50,118,30,7.441
50,118,31,7.447
50,118,32,7.637
50,118,33,7.647
50,118,34,7.654
50,118,35,7.661
50,118,36,7.667
50,118,37,7.820
50,118,38,7.829
50,118,39,7.836
50,118,40,7.842
50,118,41,7.923
50,118,42,7.928
50,118,43,7.932
50,118,44,7.936
50,118,45,7.998
50,118,46,8.003
50,118,47,8.007
50,118,48,8.033
50,118,49,8.059
50,119,0,7.081
50,119,1,6.956
50,119,2,6.220
50,119,3,6.393
50,119,4,6.405
50,119,5,6.413
50,119,6,6.559
50,119,7,6.570
50,119,8,6.578
50,119,9,6.718
50,119,10,6.728
50,119,11,6.735
50,119,12,6.861
50,119,13,6.866
50,119,14,6.871
50,119,15,6.874
50,119,16,6.946
50,119,17,6.952
50,119,18,7.006
50,119,19,7.012
50,119,20,7.051
50,119,21,7.121
50,119,22,7.166
50,119,23,7.336
50,119,24,7.464
50,119,25,7.475
50,119,26,7.619
50,119,27,7.629
50,119,28,7.637
50,119,29,7.768
50,119,30,7.777
50,119,31,7.785
50,119,32,7.920
50,119,33,7.930
50,119,34,7.938
50,119,35,8.060
50,119,36,8.066
50,119,37,8.070
50,119,38,8.074
50,119,39,8.128
50,119,40,8.134
50,119,41,8.183
50,119,42,8.188
50,119,43,8.219
50,119,44,8.247
50,119,45,8.310
50,119,46,8.346
50,119,47,8.406
50,119,48,8.457
50,119,49,8.512
50,120,0,6.242
50,120,1,5.771
50,120,2,4.990
50,120,3,5.028
50,120,4,5.068
50,120,5,5.128
50,120,6,5.168
50,120,7,5.234
50,120,8,5.273
50,120,9,5.341
50,120,10,5.371
50,120,11,5.437
50,120,12,5.466
50,120,13,5.519
50,120,14,5.565
50,120,15,5.627
50,120,16,5.660
50,120,17,5.722
50,120,18,6.057
50,120,19,6.232
50,120,20,6.238
50,120,21,6.246
50,120,22,6.250
50,120,23,6.254
50,120,24,6.327
50,120,25,6.332
50,120,26,6.336
50,120,27,6.391
50,120,28,6.396
50,120,29,6.447
50,120,30,6.452
50,120,31,6.483
50,120,32,6.518
50,120,33,6.561
50,120,34,6.639
50,120,35,6.674
50,120,36,6.738
50,120,37,6.776
50,120,38,6.838
50,120,39,6.874
50,120,40,6.936
50,120,41,6.986
50,120,42,7.036
50,120,43,7.125
50,120,44,7.168
50,120,45,7.205
50,120,46,7.234
50,120,47,7.271
50,120,48,7.326
50,120,49,7.382
50,121,0,7.428
50,121,1,7.250
50,121,2,6.497
50,121,3,6.620
50,121,4,6.631
50,121,5,6.738
50,121,6,6.749
50,121,7,6.885
50,121,8,6.896
50,121,9,6.905
50,121,10,7.041
50,121,11,7.052
50,121,12,7.059
50,121,13,7.143
50,121,14,7.148
50,121,15,7.152
50,121,16,7.213
50,121,17,7.218
50,121,18,7.282
50,121,19,7.310
50,121,20,7.346
50,121,21,7.458
50,121,22,7.512
50,121,23,7.559
50,121,24,7.735
50,121,25,7.857
50,121,26,7.868
50,121,27,8.055
50,121,28,8.066
50,121,29,8.074
50,121,30,8.254
50,121,31,8.263
50,121,32,8.270
50,121,33,8.277
50,121,34,8.363
50,121,35,8.369
50,121,36,8.373
50,121,37,8.377
50,121,38,8.430
50,121,39,8.435
50,121,40,8.483
50,121,41,8.488
50,121,42,8.519
50,121,43,8.545
50,121,44,8.630
50,121,45,8.676
50,121,46,8.705
50,121,47,8.750
50,121,48,8.806
50,121,49,8.868
50,122,0,8.262
50,122,1,7.919
50,122,2,6.683
50,122,3,6.755
50,122,4,6.828
50,122,5,6.913
50,122,6,7.004
50,122,7,7.043
50,122,8,7.113
50,122,9,7.222
50,122,10,7.290
50,122,11,7.470
50,122,12,7.483
50,122,13,7.591
50,122,14,7.601
50,122,15,7.657
50,122,16,7.708
50,122,17,7.787
50,122,18,8.015
50,122,19,8.077
50,122,20,8.182
50,122,21,8.327
50,122,22,8.368
50,122,23,8.453
50,122,24,8.484
50,122,25,8.588
50,122,26,8.654
50,122,27,8.691
50,122,28,8.726
50,122,29,8.755
50,122,30,8.790
50,122,31,8.861
50,122,32,8.900
50,122,33,8.962
50,122,34,9.002
50,122,35,9.058
50,122,36,9.110
50,122,37,9.160
50,122,38,9.212
50,122,39,9.263
50,122,40,9.315
50,122,41,9.366
50,122,42,9.418
50,122,43,9.476
50,122,44,9.519
50,122,45,9.576
50,122,46,9.629
50,122,47,9.680
50,122,48,9.729
50,122,49,9.783
50,123,0,6.396
50,123,1,6.192
50,123,2,5.400
50,123,3,5.446
50,123,4,5.479
50,123,5,5.558
50,123,6,5.594
50,123,7,5.635
50,123,8,5.707
50,123,9,5.746
50,123,10,5.814
50,123,11,5.853
50,123,12,5.918
50,123,13,5.954
50,123,14,6.019
50,123,15,6.056
50,123,16,6.099
50,123,17,6.156
50,123,18,6.256
50,123,19,6.293
50,123,20,6.356
50,123,21,6.468
50,123,22,6.500
50,123,23,6.536
50,123,24,6.587
50,123,25,6.625
50,123,26,6.690
50,123,27,6.725
50,123,28,6.775
50,123,29,6.835
50,123,30,6.868
50,123,31,6.928
50,123,32,6.962
50,123,33,7.022
50,123,34,7.078
50,123,35,7.126
50,123,36,7.180
50,123,37,7.230
50,123,38,7.278
50,123,39,7.329
50,123,40,7.364
50,123,41,7.425
50,123,42,7.466
50,123,43,7.527
50,123,44,7.562
50,123,45,7.614
50,123,46,7.662
50,123,47,7.724
50,123,48,7.780
50,123,49,7.837
50,124,0,7.284
50,124,1,7.036
50,124,2,6.034
50,124,3,6.081
50,124,4,6.119
50,124,5,6.150
50,124,6,6.212
50,124,7,6.251
50,124,8,6.332
50,124,9,6.372
50,124,10,6.541
50,124,11,6.657
50,124,12,6.667
50,124,13,6.778
50,124,14,6.788
50,124,15,6.893
50,124,16,6.902
50,124,17,7.026
50,124,18,7.043
50,124,19,7.139
50,124,20,7.149
50,124,21,7.290
50,124,22,7.294
50,124,23,7.363
50,124,24,7.368
50,124,25,7.373
50,124,26,7.403
50,124,27,7.434
50,124,28,7.465
50,124,29,7.491
50,124,30,7.592
50,124,31,7.633
50,124,32,7.665
50,124,33,7.703
50,124,34,7.764
50,124,35,7.858
50,124,36,7.911
50,124,37,7.964
50,124,38,8.017
50,124,39,8.087
50,124,40,8.119
50,124,41,8.171
50,124,42,8.242
50,124,43,8.273
50,124,44,8.326
50,124,45,8.378
50,124,46,8.434
50,124,47,8.487
50,124,48,8.540
50,124,49,8.598
50,125,0,6.993
50,125,1,6.607
50,125,2,5.905
50,125,3,6.034
50,125,4,6.045
50,125,5,6.142
50,125,6,6.147
50,125,7,6.203
50,125,8,6.209
50,125,9,6.259
50,125,10,6.265
50,125,11,6.297
50,125,12,6.326
50,125,13,6.368
50,125,14,6.409
50,125,15,6.477
50,125,16,6.515
50,125,17,6.570
50,125,18,6.663
50,125,19,6.699
50,125,20,6.755
50,125,21,7.008
50,125,22,7.161
50,125,23,7.172
50,125,24,7.180
50,125,25,7.343
50,125,26,7.353
50,125,27,7.360
50,125,28,7.366
50,125,29,7.523
50,125,30,7.532
50,125,31,7.539
50,125,32,7.545
50,125,33,7.711
50,125,34,7.721
50,125,35,7.727
50,125,36,7.734
50,125,37,7.901
50,125,38,7.911
50,125,39,7.918
50,125,40,7.925
50,125,41,8.111
50,125,42,8.123
50,125,43,8.130
50,125,44,8.137
50,125,45,8.143
50,125,46,8.275
50,125,47,8.284
50,125,48,8.290
50,125,49,8.297
50,126,0,6.603
50,126,1,6.503
50,126,2,5.491
50,126,3,5.537
50,126,4,5.569
50,126,5,5.608
50,126,6,5.673
50,126,7,5.721
50,126,8,5.780
50,126,9,5.818
50,126,10,5.884
50,126,11,6.055
50,126,12,6.185
50,126,13,6.196
50,126,14,6.347
50,126,15,6.357
50,126,16,6.365
50,126,17,6.497
50,126,18,6.508
50,126,19,6.592
50,126,20,6.598
50,126,21,6.652
50,126,22,6.657
50,126,23,6.688
50,126,24,6.717
50,126,25,6.762
50,126,26,6.866
50,126,27,6.905
50,126,28,6.941
50,126,29,6.972
50,126,30,7.009
50,126,31,7.075
50,126,32,7.114
50,126,33,7.169
50,126,34,7.205
50,126,35,7.269
50,126,36,7.312
50,126,37,7.382
50,126,38,7.419
50,126,39,7.479
50,126,40,7.531
50,126,41,7.590
50,126,42,7.644
50,126,43,7.695
50,126,44,7.745
50,126,45,7.797
50,126,46,7.849
50,126,47,7.901
50,126,48,7.954
50,126,49,8.005
50,127,0,6.619
50,127,1,6.429
50,127,2,5.640
50,127,3,5.677
50,127,4,5.715
50,127,5,5.773
50,127,6,5.809
50,127,7,5.870
50,127,8,5.930
50,127,9,5.982
50,127,10,6.034
50,127,11,6.089
50,127,12,6.126
50,127,13,6.183
50,127,14,6.234
50,127,15,6.285
50,127,16,6.334
50,127,17,6.370
50,127,18,6.465
50,127,19,6.520
50,127,20,6.555
50,127,21,6.696
50,127,22,6.775
50,127,23,6.873
50,127,24,6.992
50,127,25,7.180
50,127,26,7.302
50,127,27,7.313
50,127,28,7.425
50,127,29,7.435
50,127,30,7.573
50,127,31,7.582
50,127,32,7.590
50,127,33,7.717
50,127,34,7.727
50,127,35,7.734
50,127,36,7.869
50,127,37,7.878
50,127,38,7.885
50,127,39,7.975
50,127,40,7.984
50,127,41,8.073
50,127,42,8.082
50,127,43,8.179
50,127,44,8.188
50,127,45,8.279
50,127,46,8.288
50,127,47,8.340
50,127,48,8.345
50,127,49,8.372
50,128,0,6.259
50,128,1,6.171
50,128,2,5.105
50,128,3,5.143
50,128,4,5.183
50,128,5,5.243
50,128,6,5.298
50,128,7,5.350
50,128,8,5.405
50,128,9,5.560
50,128,10,5.703
50,128,11,5.715
50,128,12,5.855
50,128,13,5.865
50,128,14,5.873
50,128,15,6.024
50,128,16,6.034
50,128,17,6.041
50,128,18,6.178
50,128,19,6.182
50,128,20,6.254
50,128,21,6.263
50,128,22,6.312
50,128,23,6.317
50,128,24,6.348
50,128,25,6.375
50,128,26,6.408
50,128,27,6.505
50,128,28,6.544
50,128,29,6.575
50,128,30,6.612
50,128,31,6.672
50,128,32,6.708
50,128,33,6.766
50,128,34,6.818
50,128,35,6.868
50,128,36,6.919
50,128,37,6.973
50,128,38,7.045
50,128,39,7.080
50,128,40,7.139
50,128,41,7.190
50,128,42,7.292
50,128,43,7.334
50,128,44,7.403
50,128,45,7.498
50,128,46,7.507
50,128,47,7.592
50,128,48,7.601
50,128,49,7.650
50,129,0,6.861
50,129,1,6.650
50,129,2,5.574
50,129,3,5.621
50,129,4,5.817
50,129,5,5.942
50,129,6,5.953
50,129,7,6.062
50,129,8,6.072
50,129,9,6.151
50,129,10,6.262
50,129,11,6.271
50,129,12,6.377
50,129,13,6.387
50,129,14,6.481
50,129,15,6.490
50,129,16,6.550
50,129,17,6.641
50,129,18,6.752
50,129,19,6.761
50,129,20,6.851
50,129,21,6.950
50,129,22,6.959
50,129,23,7.049
50,129,24,7.058
50,129,25,7.153
50,129,26,7.162
50,129,27,7.239
50,129,28,7.244
50,129,29,7.301
50,129,30,7.306
50,129,31,7.337
50,129,32,7.364
50,129,33,7.398
50,129,34,7.564
50,129,35,7.685
50,129,36,7.696
50,129,37,7.831
50,129,38,7.893
50,129,39,7.902
50,129,40,8.090
50,129,41,8.100
50,129,42,8.107
50,129,43,8.309
50,129,44,8.319
50,129,45,8.327
50,129,46,8.335
50,129,47,8.341
50,129,48,8.403
50,129,49,8.409
50,130,0,6.141
50,130,1,5.945
50,130,2,5.114
50,130,3,5.153
50,130,4,5.192
50,130,5,5.259
50,130,6,5.317
50,130,7,5.371
50,130,8,5.437
50,130,9,5.475
50,130,10,5.540
50,130,11,5.576
50,130,12,5.647
50,130,13,5.684
50,130,14,5.744
50,130,15,5.793
50,130,16,5.843
50,130,17,5.893
50,130,18,5.996
50,130,19,6.047
50,130,20,6.083
50,130,21,6.183
50,130,22,6.239
50,130,23,6.274
50,130,24,6.331
50,130,25,6.382
50,130,26,6.619
50,130,27,6.634
50,130,28,6.783
50,130,29,6.793
50,130,30,6.801
50,130,31,6.971
50,130,32,6.981
50,130,33,6.988
50,130,34,6.995
50,130,35,7.168
50,130,36,7.178
50,130,37,7.186
50,130,38,7.193
50,130,39,7.396
50,130,40,7.406
50,130,41,7.413
50,130,42,7.420
50,130,43,7.426
50,130,44,7.524
50,130,45,7.529
50,130,46,7.534
50,130,47,7.538
50,130,48,7.541
50,130,49,7.567
50,131,0,6.346
50,131,1,6.114
50,131,2,5.198
50,131,3,5.264
50,131,4,5.300
50,131,5,5.368
50,131,6,5.411
50,131,7,5.480
50,131,8,5.521
50,131,9,5.591
50,131,10,5.632
50,131,11,5.749
50,131,12,5.803
50,131,13,5.843
50,131,14,5.877
50,131,15,5.916
50,131,16,6.032
50,131,17,6.073
50,131,18,6.193
50,131,19,6.227
50,131,20,6.276
50,131,21,6.390
50,131,22,6.564
50,131,23,6.710
50,131,24,6.723
50,131,25,6.890
50,131,26,6.902
50,131,27,6.909
50,131,28,7.090
50,131,29,7.101
50,131,30,7.109
50,131,31,7.116
50,131,32,7.325
50,131,33,7.335
50,131,34,7.343
50,131,35,7.350
50,131,36,7.528
50,131,37,7.537
50,131,38,7.542
50,131,39,7.546
50,131,40,7.655
50,131,41,7.661
50,131,42,7.666
50,131,43,7.670
50,131,44,7.674
50,131,45,7.728
50,131,46,7.734
50,131,47,7.784
50,131,48,7.789
50,131,49,7.817
50,132,0,8.013
50,132,1,7.700
50,132,2,6.968
50,132,3,7.094
50,132,4,7.104
50,132,5,7.165
50,132,6,7.171
50,132,7,7.226
50,132,8,7.232
50,132,9,7.275
50,132,10,7.305
50,132,11,7.342
50,132,12,7.409
50,132,13,7.457
50,132,14,7.502
50,132,15,7.561
50,132,16,7.603
50,132,17,7.661
50,132,18,7.762
50,132,19,7.802
50,132,20,7.863
50,132,21,8.136
50,132,22,8.147
50,132,23,8.287
50,132,24,8.298
50,132,25,8.305
50,132,26,8.442
50,132,27,8.451
50,132,28,8.459
50,132,29,8.588
50,132,30,8.597
50,132,31,8.605
50,132,32,8.726
50,132,33,8.735
50,132,34,8.743
50,132,35,8.866
50,132,36,8.875
50,132,37,8.882
50,132,38,9.006
50,132,39,9.015
50,132,40,9.022
50,132,41,9.139
50,132,42,9.148
50,132,43,9.156
50,132,44,9.251
50,132,45,9.260
50,132,46,9.372
50,132,47,9.381
50,132,48,9.387
50,132,49,9.433
50,133,0,7.418
50,133,1,7.214
50,133,2,6.198
50,133,3,6.263
50,133,4,6.340
50,133,5,6.351
50,133,6,6.405
50,133,7,6.474
50,133,8,6.714
50,133,9,6.755
50,133,10,6.807
50,133,11,6.853
50,133,12,6.896
50,133,13,6.988
50,133,14,7.035
50,133,15,7.068
50,133,16,7.109
50,133,17,7.148
50,133,18,7.253
50,133,19,7.318
50,133,20,7.358
50,133,21,7.463
50,133,22,7.528
50,133,23,7.582
50,133,24,7.635
50,133,25,7.706
50,133,26,7.761
50,133,27,7.817
50,133,28,7.876
50,133,29,7.931
50,133,30,7.985
50,133,31,8.047
50,133,32,8.100
50,133,33,8.160
50,133,34,8.212
50,133,35,8.265
50,133,36,8.318
50,133,37,8.375
50,133,38,8.412
50,133,39,8.473
50,133,40,8.517
50,133,41,8.574
50,133,42,8.625
50,133,43,8.680
50,133,44,8.732
50,133,45,8.788
50,133,46,8.841
50,133,47,8.894
50,133,48,8.947
50,133,49,8.998
50,134,0,8.150
50,134,1,7.926
50,134,2,6.966
50,134,3,7.055
50,134,4,7.137
50,134,5,7.192
50,134,6,7.263
50,134,7,7.301
50,134,8,7.366
50,134,9,7.405
50,134,10,7.535
50,134,11,7.583
50,134,12,7.623
50,134,13,7.690
50,134,14,7.729
50,134,15,7.788
50,134,16,7.827
50,134,17,7.890
50,134,18,8.003
50,134,19,8.040
50,134,20,8.099
50,134,21,8.212
50,134,22,8.248
50,134,23,8.310
50,134,24,8.369
50,134,25,8.405
50,134,26,8.468
50,134,27,8.504
50,134,28,9.518
50,134,29,9.532
50,134,30,9.541
50,134,31,9.549
50,134,32,9.556
50,134,33,9.562
50,134,34,9.570
50,134,35,9.577
50,134,36,9.584
50,134,37,9.591
50,134,38,9.597
50,134,39,9.909
50,134,40,9.925
50,134,41,9.933
50,134,42,9.940
50,134,43,9.946
50,134,44,9.952
50,134,45,9.959
50,134,46,9.965
50,134,47,9.971
50,134,48,10.302
50,134,49,10.309
50,135,0,8.008
50,135,1,7.812
50,135,2,6.796
50,135,3,6.895
50,135,4,6.994
50,135,5,7.087
50,135,6,7.169
50,135,7,7.232
50,135,8,7.272
50,135,9,7.341
50,135,10,7.378
50,135,11,7.449
50,135,12,7.485
50,135,13,7.551
50,135,14,7.609
50,135,15,7.661
50,135,16,7.725
50,135,17,7.761
50,135,18,7.881
50,135,19,7.910
50,135,20,7.973
50,135,21,8.069
50,135,22,8.127
50,135,23,8.175
50,135,24,8.258
50,135,25,8.293
50,135,26,8.357
50,135,27,8.391
50,135,28,8.458
50,135,29,8.502
50,135,30,8.560
50,135,31,8.597
50,135,32,8.664
50,135,33,8.700
50,135,34,8.765
50,135,35,8.803
50,135,36,8.854
50,135,37,8.904
50,135,38,8.954
50,135,39,8.995
50,135,40,9.055
50,135,41,9.089
50,135,42,9.150
50,135,43,9.201
50,135,44,9.256
50,135,45,9.314
50,135,46,9.347
50,135,47,9.407
50,135,48,9.455
50,135,49,9.514
50,136,0,6.918
50,136,1,6.457
50,136,2,5.619
50,136,3,5.666
50,136,4,5.700
50,136,5,5.743
50,136,6,5.831
50,136,7,5.866
50,136,8,5.907
50,136,9,5.984
50,136,10,6.023
50,136,11,6.087
50,136,12,6.126
50,136,13,6.189
50,136,14,6.247
50,136,15,6.300
50,136,16,6.353
50,136,17,6.404
50,136,18,6.623
50,136,19,6.760
50,136,20,6.771
50,136,21,6.927
50,136,22,6.935
50,136,23,7.082
50,136,24,7.092
50,136,25,7.099
50,136,26,7.238
50,136,27,7.244
50,136,28,7.248
50,136,29,7.320
50,136,30,7.325
50,136,31,7.330
50,136,32,7.379
50,136,33,7.384
50,136,34,7.415
50,136,35,7.442
50,136,36,7.482
50,136,37,7.585
50,136,38,7.627
50,136,39,7.659
50,136,40,7.698
50,136,41,7.757
50,136,42,7.794
50,136,43,7.853
50,136,44,7.890
50,136,45,7.950
50,136,46,8.007
50,136,47,8.064
50,136,48,8.119
50,136,49,8.180
50,137,0,6.411
50,137,1,6.127
50,137,2,5.223
50,137,3,5.279
50,137,4,5.396
50,137,5,5.503
50,137,6,5.513
50,137,7,5.609
50,137,8,5.618
50,137,9,5.712
50,137,10,5.722
50,137,11,5.821
50,137,12,5.830
50,137,13,5.966
50,137,14,5.975
50,137,15,5.982
50,137,16,6.111
50,137,17,6.121
50,137,18,6.257
50,137,19,6.266
50,137,20,6.273
50,137,21,6.421
50,137,22,6.428
50,137,23,6.532
50,137,24,6.537
50,137,25,6.541
50,137,26,6.612
50,137,27,6.617
50,137,28,6.621
50,137,29,6.669
50,137,30,6.674
50,137,31,6.704
50,137,32,6.732
50,137,33,6.758
50,137,34,6.819
50,137,35,6.854
50,137,36,6.908
50,137,37,6.942
50,137,38,7.002
50,137,39,7.050
50,137,40,7.100
50,137,41,7.149
50,137,42,7.197
50,137,43,7.245
50,137,44,7.295
50,137,45,7.420
50,137,46,7.490
50,137,47,7.548
50,137,48,7.597
50,137,49,7.640
50,138,0,7.692
50,138,1,7.488
50,138,2,6.633
50,138,3,6.712
50,138,4,6.754
50,138,5,6.822
50,138,6,6.883
50,138,7,6.937
50,138,8,6.997
50,138,9,7.035
50,138,10,7.122
50,138,11,7.154
50,138,12,7.191
50,138,13,7.250
50,138,14,7.291
50,138,15,7.364
50,138,16,7.395
50,138,17,7.450
50,138,18,7.553
50,138,19,7.590
50,138,20,7.655
50,138,21,7.755
50,138,22,7.791
50,138,23,7.855
50,138,24,7.892
50,138,25,7.953
50,138,26,7.990
50,138,27,8.053
50,138,28,8.088
50,138,29,8.152
50,138,30,8.187
50,138,31,8.249
50,138,32,8.304
50,138,33,8.369
50,138,34,8.405
50,138,35,8.462
50,138,36,8.518
50,138,37,8.671
50,138,38,8.754
50,138,39,8.865
50,138,40,8.875
50,138,41,9.009
50,138,42,9.020
50,138,43,9.027
50,138,44,9.187
50,138,45,9.197
50,138,46,9.204
50,138,47,9.319
50,138,48,9.328
50,138,49,9.335
50,139,0,6.451
50,139,1,6.295
50,139,2,5.305
50,139,3,5.406
50,139,4,5.512
50,139,5,5.523
50,139,6,5.623
50,139,7,5.632
50,139,8,5.727
50,139,9,5.737
50,139,10,5.835
50,139,11,5.844
50,139,12,5.978
50,139,13,5.987
50,139,14,5.995
50,139,15,6.130
50,139,16,6.140
50,139,17,6.149
50,139,18,6.305
50,139,19,6.313
50,139,20,6.442
50,139,21,6.459
50,139,22,6.531
50,139,23,6.536
50,139,24,6.541
50,139,25,6.594
50,139,26,6.599
50,139,27,6.658
50,139,28,6.663
50,139,29,6.694
50,139,30,6.720
50,139,31,6.756
50,139,32,6.859
50,139,33,6.888
50,139,34,6.945
50,139,35,6.980
50,139,36,7.047
50,139,37,7.084
50,139,38,7.138
50,139,39,7.190
50,139,40,7.242
50,139,41,7.305
50,139,42,7.340
50,139,43,7.404
50,139,44,7.460
50,139,45,7.495
50,139,46,7.556
50,139,47,7.607
50,139,48,7.657
50,139,49,7.718
50,140,0,6.522
50,140,1,6.315
50,140,2,5.486
50,140,3,5.531
50,140,4,5.565
50,140,5,5.604
50,140,6,5.673
50,140,7,5.711
50,140,8,5.779
50,140,9,5.850
50,140,10,5.904
50,140,11,5.956
50,140,12,6.008
50,140,13,6.053
50,140,14,6.107
50,140,15,6.159
50,140,16,6.212
50,140,17,6.263
50,140,18,6.367
50,140,19,6.419
50,140,20,6.470
50,140,21,6.572
50,140,22,6.623
50,140,23,6.673
50,140,24,6.724
50,140,25,6.775
50,140,26,6.826
50,140,27,6.862
50,140,28,6.924
50,140,29,6.961
50,140,30,7.019
50,140,31,7.056
50,140,32,7.114
50,140,33,7.172
50,140,34,7.209
50,140,35,7.266
50,140,36,7.315
50,140,37,7.374
50,140,38,7.412
50,140,39,7.481
50,140,40,7.520
50,140,41,7.604
50,140,42,7.752
50,140,43,7.877
50,140,44,7.888
50,140,45,8.019
50,140,46,8.029
50,140,47,8.037
50,140,48,8.119
50,140,49,8.129
50,141,0,6.444
50,141,1,6.177
50,141,2,5.262
50,141,3,5.306
50,141,4,5.338
50,141,5,5.376
50,141,6,5.443
50,141,7,5.497
50,141,8,5.551
50,141,9,5.611
50,141,10,5.665
50,141,11,5.717
50,141,12,5.770
50,141,13,5.806
50,141,14,5.865
50,141,15,5.917
50,141,16,6.054
50,141,17,6.166
50,141,18,6.282
50,141,19,6.292
50,141,20,6.434
50,141,21,6.451
50,141,22,6.586
50,141,23,6.595
50,141,24,6.603
50,141,25,6.773
50,141,26,6.782
50,141,27,6.789
50,141,28,6.795
50,141,29,6.895
50,141,30,6.900
50,141,31,6.904
50,141,32,6.971
50,141,33,6.976
50,141,34,6.980
50,141,35,7.027
50,141,36,7.032
50,141,37,7.073
50,141,38,7.119
50,141,39,7.305
50,141,40,7.463
50,141,41,7.474
50,141,42,7.482
50,141,43,7.612
50,141,44,7.623
50,141,45,7.631
50,141,46,7.762
50,141,47,7.771
50,141,48,7.778
50,141,49,7.825
50,142,0,6.188
50,142,1,5.989
50,142,2,5.148
50,142,3,5.192
50,142,4,5.224
50,142,5,5.285
50,142,6,5.325
50,142,7,5.387
50,142,8,5.441
50,142,9,5.495
50,142,10,5.547
50,142,11,5.599
50,142,12,5.644
50,142,13,5.698
50,142,14,5.742
50,142,15,5.798
50,142,16,5.858
50,142,17,5.915
50,142,18,6.042
50,142,19,6.094
50,142,20,6.151
50,142,21,6.258
50,142,22,6.376
50,142,23,6.460
50,142,24,6.527
50,142,25,6.579
50,142,26,6.813
50,142,27,6.828
50,142,28,6.979
50,142,29,6.989
50,142,30,6.997
50,142,31,7.159
50,142,32,7.169
50,142,33,7.176
50,142,34,7.183
50,142,35,7.334
50,142,36,7.343
50,142,37,7.350
50,142,38,7.357
50,142,39,7.485
50,142,40,7.495
50,142,41,7.502
50,142,42,7.660
50,142,43,7.669
50,142,44,7.676
50,142,45,7.683
50,142,46,7.820
50,142,47,7.825
50,142,48,7.829
50,142,49,7.832
50,143,0,7.691
50,143,1,7.675
50,143,2,6.193
50,143,3,6.238
50,143,4,6.271
50,143,5,6.308
50,143,6,6.382
50,143,7,6.423
50,143,8,6.492
50,143,9,6.530
50,143,10,6.595
50,143,11,6.640
50,143,12,6.706
50,143,13,6.743
50,143,14,6.808
50,143,15,7.370
50,143,16,7.663
50,143,17,7.670
50,143,18,7.679
50,143,19,7.683
50,143,20,7.688
50,143,21,7.696
50,143,22,7.700
50,143,23,7.704
50,143,24,7.708
50,143,25,7.851
50,143,26,7.857
50,143,27,7.862
50,143,28,7.865
50,143,29,7.870
50,143,30,7.873
50,143,31,8.010
50,143,32,8.016
50,143,33,8.020
50,143,34,8.024
50,143,35,8.078
50,143,36,8.083
50,143,37,8.132
50,143,38,8.138
50,143,39,8.167
50,143,40,8.203
50,143,41,8.264
50,143,42,8.299
50,143,43,8.373
50,143,44,8.407
50,143,45,8.471
50,143,46,8.507
50,143,47,8.567
50,143,48,8.601
50,143,49,8.665
50,144,0,6.507
50,144,1,6.314
50,144,2,5.532
50,144,3,5.570
50,144,4,5.612
50,144,5,5.677
50,144,6,5.731
50,144,7,5.769
50,144,8,5.833
50,144,9,5.871
50,144,10,5.934
50,144,11,5.969
50,144,12,6.028
50,144,13,6.065
50,144,14,6.124
50,144,15,6.176
50,144,16,6.211
50,144,17,6.272
50,144,18,6.370
50,144,19,6.407
50,144,20,6.464
50,144,21,6.563
50,144,22,6.612
50,144,23,6.663
50,144,24,6.722
50,144,25,6.773
50,144,26,6.822
50,144,27,6.871
50,144,28,6.938
50,144,29,7.048
50,144,30,7.126
50,144,31,7.190
50,144,32,7.226
50,144,33,7.287
50,144,34,7.334
50,144,35,7.398
50,144,36,7.433
50,144,37,7.498
50,144,38,7.725
50,144,39,7.740
50,144,40,7.911
50,144,41,7.922
50,144,42,7.929
50,144,43,8.076
50,144,44,8.086
50,144,45,8.093
50,144,46,8.228
50,144,47,8.238
50,144,48,8.244
50,144,49,8.251
50,145,0,7.100
50,145,1,6.871
50,145,2,6.055
50,145,3,6.103
50,145,4,6.149
50,145,5,6.181
50,145,6,6.221
50,145,7,6.294
50,145,8,6.333
50,145,9,6.399
50,145,10,6.437
50,145,11,6.510
50,145,12,6.553
50,145,13,6.590
50,145,14,6.659
50,145,15,6.695
50,145,16,6.760
50,145,17,6.797
50,145,18,6.941
50,145,19,7.002
50,145,20,7.063
50,145,21,7.164
50,145,22,7.215
50,145,23,7.278
50,145,24,7.314
50,145,25,7.377
50,145,26,7.414
50,145,27,7.465
50,145,28,7.519
50,145,29,7.553
50,145,30,7.617
50,145,31,7.651
50,145,32,7.713
50,145,33,7.990
50,145,34,8.004
50,145,35,8.176
50,145,36,8.187
50,145,37,8.194
50,145,38,8.201
50,145,39,8.336
50,145,40,8.346
50,145,41,8.353
50,145,42,8.512
50,145,43,8.522
50,145,44,8.528
50,145,45,8.535
50,145,46,8.646
50,145,47,8.651
50,145,48,8.655
50,145,49,8.659
50,146,0,6.631
50,146,1,6.436
50,146,2,5.721
50,146,3,5.844
50,146,4,5.855
50,146,5,5.961
50,146,6,5.971
50,146,7,6.110
50,146,8,6.120
50,146,9,6.128
50,146,10,6.254
50,146,11,6.259
50,146,12,6.263
50,146,13,6.332
50,146,14,6.338
50,146,15,6.341
50,146,16,6.391
50,146,17,6.396
50,146,18,6.470
50,146,19,6.498
50,146,20,6.550
50,146,21,6.669
50,146,22,6.725
50,146,23,6.769
50,146,24,6.825
50,146,25,6.861
50,146,26,7.044
50,146,27,7.178
50,146,28,7.189
50,146,29,7.327
50,146,30,7.337
50,146,31,7.345
50,146,32,7.540
50,146,33,7.554
50,146,34,7.559
50,146,35,7.653
50,146,36,7.659
50,146,37,7.663
50,146,38,7.668
50,146,39,7.734
50,146,40,7.739
50,146,41,7.795
50,146,42,7.800
50,146,43,7.834
50,146,44,7.867
50,146,45,7.894
50,146,46,7.929
50,146,47,7.999
50,146,48,8.035
50,146,49,8.094
50,147,0,6.983
50,147,1,6.695
50,147,2,5.769
50,147,3,5.814
50,147,4,5.850
50,147,5,5.880
50,147,6,5.940
50,147,7,5.980
50,147,8,6.045
50,147,9,6.097
50,147,10,6.151
50,147,11,6.204
50,147,12,6.248
50,147,13,6.305
50,147,14,6.342
50,147,15,6.403
50,147,16,6.557
50,147,17,6.684
50,147,18,6.831
50,147,19,6.841
50,147,20,6.849
50,147,21,6.994
50,147,22,7.001
50,147,23,7.138
50,147,24,7.148
50,147,25,7.155
50,147,26,7.328
50,147,27,7.337
50,147,28,7.344
50,147,29,7.351
50,147,30,7.509
50,147,31,7.519
50,147,32,7.526
50,147,33,7.532
50,147,34,7.698
50,147,35,7.707
50,147,36,7.715
50,147,37,7.722
50,147,38,7.878
50,147,39,7.888
50,147,40,7.895
50,147,41,7.901
50,147,42,8.060
50,147,43,8.069
50,147,44,8.076
50,147,45,8.082
50,147,46,8.222
50,147,47,8.232
50,147,48,8.240
50,147,49,8.247
50,148,0,6.005
50,148,1,5.802
50,148,2,4.960
50,148,3,4.998
50,148,4,5.038
50,148,5,5.103
50,148,6,5.161
50,148,7,5.216
50,148,8,5.276
50,148,9,5.328
50,148,10,5.385
50,148,11,5.437
50,148,12,5.489
50,148,13,5.539
50,148,14,5.592
50,148,15,5.645
50,148,16,5.697
50,148,17,5.750
50,148,18,5.852
50,148,19,5.903
50,148,20,5.946
50,148,21,6.059
50,148,22,6.111
50,148,23,6.162
50,148,24,6.223
50,148,25,6.258
50,148,26,6.321
50,148,27,6.358
50,148,28,6.419
50,148,29,6.485
50,148,30,6.550
50,148,31,6.603
50,148,32,6.657
50,148,33,6.712
50,148,34,6.764
50,148,35,6.824
50,148,36,6.868
50,148,37,7.042
50,148,38,7.156
50,148,39,7.167
50,148,40,7.295
50,148,41,7.306
50,148,42,7.314
50,148,43,7.435
50,148,44,7.440
50,148,45,7.444
50,148,46,7.493
50,148,47,7.498
50,148,48,7.541
50,148,49,7.546
50,149,0,6.530
50,149,1,6.201
50,149,2,5.397
50,149,3,5.441
50,149,4,5.472
50,149,5,5.511
50,149,6,5.576
50,149,7,5.615
50,149,8,5.677
50,149,9,5.736
50,149,10,5.774
50,149,11,5.836
50,149,12,5.873
50,149,13,5.936
50,149,14,5.994
50,149,15,6.044
50,149,16,6.097
50,149,17,6.149
50,149,18,6.254
50,149,19,6.403
50,149,20,6.519
50,149,21,6.669
50,149,22,6.680
50,149,23,6.687
50,149,24,6.828
50,149,25,6.838
50,149,26,6.846
50,149,27,6.975
50,149,28,6.985
50,149,29,6.992
50,149,30,7.116
50,149,31,7.125
50,149,32,7.132
50,149,33,7.253
50,149,34,7.262
50,149,35,7.270
50,149,36,7.392
50,149,37,7.402
50,149,38,7.409
50,149,39,7.495
50,149,40,7.500
50,149,41,7.505
50,149,42,7.553
50,149,43,7.559
50,149,44,7.604
50,149,45,7.609
50,149,46,7.634
50,149,47,7.667
50,149,48,7.775
50,149,49,7.827
50,150,0,7.171
50,150,1,6.958
50,150,2,6.155
50,150,3,6.211
50,150,4,6.249
50,150,5,6.280
50,150,6,6.329
50,150,7,6.413
50,150,8,6.446
50,150,9,6.483
50,150,10,6.544
50,150,11,6.581
50,150,12,6.645
50,150,13,6.697
50,150,14,6.758
50,150,15,6.845
50,150,16,6.877
50,150,17,6.914
50,150,18,7.015
50,150,19,7.066
50,150,20,7.117
50,150,21,7.223
50,150,22,7.274
50,150,23,7.325
50,150,24,7.470
50,150,25,7.586
50,150,26,7.597
50,150,27,7.728
50,150,28,7.739
50,150,29,7.747
50,150,30,7.886
50,150,31,7.896
50,150,32,7.903
50,150,33,7.996
50,150,34,8.002
50,150,35,8.006
50,150,36,8.069
50,150,37,8.074
50,150,38,8.078
50,150,39,8.109
50,150,40,8.139
50,150,41,8.167
50,150,42,8.267
50,150,43,8.327
50,150,44,8.388
50,150,45,8.482
50,150,46,8.492
50,150,47,8.577
50,150,48,8.586
50,150,49,8.633
50,151,0,6.790
50,151,1,6.700
50,151,2,5.891
50,151,3,6.007
50,151,4,6.018
50,151,5,6.128
50,151,6,6.138
50,151,7,6.234
50,151,8,6.244
50,151,9,6.345
50,151,10,6.354
50,151,11,6.486
50,151,12,6.496
50,151,13,6.504
50,151,14,6.616
50,151,15,6.621
50,151,16,6.625
50,151,17,6.695
50,151,18,6.704
50,151,19,6.754
50,151,20,6.759
50,151,21,6.818
50,151,22,6.853
50,151,23,6.917
50,151,24,6.953
50,151,25,7.007
50,151,26,7.043
50,151,27,7.161
50,151,28,7.274
50,151,29,7.342
50,151,30,7.420
50,151,31,7.607
50,151,32,7.708
50,151,33,7.777
50,151,34,7.823
50,151,35,7.856
50,151,36,7.889
50,151,37,7.917
50,151,38,7.952
50,151,39,8.043
50,151,40,8.078
50,151,41,8.128
50,151,42,8.183
50,151,43,8.230
50,151,44,8.292
50,151,45,8.336
50,151,46,8.394
50,151,47,8.446
50,151,48,8.496
50,151,49,8.559
50,152,0,6.698
50,152,1,6.354
50,152,2,5.444
50,152,3,5.538
50,152,4,5.625
50,152,5,5.679
50,152,6,5.736
50,152,7,5.789
50,152,8,5.843
50,152,9,5.899
50,152,10,5.953
50,152,11,6.006
50,152,12,6.058
50,152,13,6.101
50,152,14,6.156
50,152,15,6.200
50,152,16,6.253
50,152,17,6.304
50,152,18,6.406
50,152,19,6.559
50,152,20,6.687
50,152,21,6.844
50,152,22,6.854
50,152,23,6.863
50,152,24,6.953
50,152,25,6.963
50,152,26,7.302
50,152,27,7.485
50,152,28,7.495
50,152,29,7.503
50,152,30,7.510
50,152,31,7.612
50,152,32,7.622
50,152,33,7.746
50,152,34,7.756
50,152,35,7.851
50,152,36,7.861
50,152,37,7.918
50,152,38,7.972
50,152,39,7.998
50,152,40,8.063
50,152,41,8.100
50,152,42,8.165
50,152,43,8.202
50,152,44,8.266
50,152,45,8.302
50,152,46,8.365
50,152,47,8.402
50,152,48,8.464
50,152,49,8.499
50,153,0,6.866
50,153,1,6.658
50,153,2,5.833
50,153,3,5.880
50,153,4,5.913
50,153,5,5.952
50,153,6,6.023
50,153,7,6.062
50,153,8,6.130
50,153,9,6.190
50,153,10,6.235
50,153,11,6.295
50,153,12,6.351
50,153,13,6.389
50,153,14,6.452
50,153,15,6.489
50,153,16,6.552
50,153,17,6.605
50,153,18,6.709
50,153,19,6.760
50,153,20,6.814
50,153,21,6.919
50,153,22,6.973
50,153,23,7.026
50,153,24,7.078
50,153,25,7.117
50,153,26,7.176
50,153,27,7.254
50,153,28,7.288
50,153,29,7.317
50,153,30,7.371
50,153,31,7.408
50,153,32,7.465
50,153,33,7.515
50,153,34,7.569
50,153,35,7.621
50,153,36,7.672
50,153,37,7.723
50,153,38,7.776
50,153,39,7.832
50,153,40,7.886
50,153,41,7.939
50,153,42,7.997
50,153,43,8.048
50,153,44,8.100
50,153,45,8.188
50,153,46,8.218
50,153,47,8.253
50,153,48,8.311
50,153,49,8.362
50,154,0,6.366
50,154,1,6.168
50,154,2,5.340
50,154,3,5.392
50,154,4,5.427
50,154,5,5.478
50,154,6,5.542
50,154,7,5.598
50,154,8,5.635
50,154,9,5.734
50,154,10,5.775
50,154,11,5.819
50,154,12,5.852
50,154,13,5.904
50,154,14,5.984
50,154,15,6.015
50,154,16,6.051
50,154,17,6.118
50,154,18,6.205
50,154,19,6.266
50,154,20,6.302
50,154,21,6.402
50,154,22,6.467
50,154,23,6.510
50,154,24,6.570
50,154,25,6.607
50,154,26,6.669
50,154,27,6.704
50,154,28,6.767
50,154,29,6.802
50,154,30,6.856
50,154,31,6.908
50,154,32,6.943
50,154,33,7.008
50,154,34,7.042
50,154,35,7.106
50,154,36,7.140
50,154,37,7.202
50,154,38,7.263
50,154,39,7.320
50,154,40,7.353
50,154,41,7.418
50,154,42,7.468
50,154,43,7.518
50,154,44,7.567
50,154,45,7.628
50,154,46,7.662
50,154,47,7.723
50,154,48,7.757
50,154,49,7.817
50,155,0,6.657
50,155,1,6.559
50,155,2,5.652
50,155,3,5.699
50,155,4,5.733
50,155,5,5.775
50,155,6,5.837
50,155,7,5.990
50,155,8,6.111
50,155,9,6.122
50,155,10,6.247
50,155,11,6.257
50,155,12,6.394
50,155,13,6.405
50,155,14,6.412
50,155,15,6.496
50,155,16,6.502
50,155,17,6.506
50,155,18,6.564
50,155,19,6.596
50,155,20,6.628
50,155,21,6.692
50,155,22,6.787
50,155,23,6.829
50,155,24,6.866
50,155,25,6.896
50,155,26,6.936
50,155,27,6.997
50,155,28,7.035
50,155,29,7.087
50,155,30,7.148
50,155,31,7.203
50,155,32,7.262
50,155,33,7.299
50,155,34,7.361
50,155,35,7.411
50,155,36,7.466
50,155,37,7.519
50,155,38,7.570
50,155,39,7.620
50,155,40,7.672
50,155,41,7.722
50,155,42,7.782
50,155,43,7.819
50,155,44,7.864
50,155,45,7.920
50,155,46,7.966
50,155,47,8.019
50,155,48,8.056
50,155,49,8.115
50,156,0,6.356
50,156,1,6.162
50,156,2,5.360
50,156,3,5.404
50,156,4,5.436
50,156,5,5.496
50,156,6,5.552
50,156,7,5.605
50,156,8,5.660
50,156,9,5.713
50,156,10,5.767
50,156,11,5.818
50,156,12,5.858
50,156,13,5.917
50,156,14,5.957
50,156,15,6.015
50,156,16,6.053
50,156,17,6.110
50,156,18,6.212
50,156,19,6.263
50,156,20,6.319
50,156,21,6.411
50,156,22,6.461
50,156,23,6.512
50,156,24,6.747
50,156,25,6.761
50,156,26,6.905
50,156,27,6.915
50,156,28,6.923
50,156,29,7.065
50,156,30,7.075
50,156,31,7.083
50,156,32,7.252
50,156,33,7.262
50,156,34,7.269
50,156,35,7.277
50,156,36,7.443
50,156,37,7.453
50,156,38,7.460
50,156,39,7.467
50,156,40,7.635
50,156,41,7.644
50,156,42,7.651
50,156,43,7.658
50,156,44,7.837
50,156,45,7.847
50,156,46,7.854
50,156,47,7.860
50,156,48,7.866
50,156,49,7.910
50,157,0,7.211
50,157,1,7.041
50,157,2,5.945
50,157,3,5.991
50,157,4,6.037
50,157,5,6.069
50,157,6,6.132
50,157,7,6.172
50,157,8,6.242
50,157,9,6.302
50,157,10,6.359
50,157,11,6.399
50,157,12,6.460
50,157,13,6.497
50,157,14,6.558
50,157,15,6.735
50,157,16,6.865
50,157,17,6.877
50,157,18,7.051
50,157,19,7.059
50,157,20,7.201
50,157,21,7.218
50,157,22,7.375
50,157,23,7.381
50,157,24,7.385
50,157,25,7.390
50,157,26,7.478
50,157,27,7.483
50,157,28,7.488
50,157,29,7.547
50,157,30,7.552
50,157,31,7.606
50,157,32,7.611
50,157,33,7.645
50,157,34,7.672
50,157,35,7.708
50,157,36,7.800
50,157,37,7.840
50,157,38,7.871
50,157,39,8.115
50,157,40,8.129
50,157,41,8.275
50,157,42,8.285
50,157,43,8.293
50,157,44,8.446
50,157,45,8.453
50,157,46,8.461
50,157,47,8.554
50,157,48,8.564
50,157,49,8.572
50,158,0,7.470
50,158,1,7.300
50,158,2,6.343
50,158,3,6.468
50,158,4,6.480
50,158,5,6.586
50,158,6,6.596
50,158,7,6.701
50,158,8,6.711
50,158,9,6.847
50,158,10,6.857
50,158,11,6.864
50,158,12,7.000
50,158,13,7.010
50,158,14,7.018
50,158,15,7.136
50,158,16,7.147
50,158,17,7.290
50,158,18,7.308
50,158,19,7.459
50,158,20,7.465
50,158,21,7.553
50,158,22,7.559
50,158,23,7.564
50,158,24,7.617
50,158,25,7.623
50,158,26,7.673
50,158,27,7.678
50,158,28,7.705
50,158,29,7.742
50,158,30,7.804
50,158,31,7.842
50,158,32,7.903
50,158,33,7.948
50,158,34,8.006
50,158,35,8.043
50,158,36,8.103
50,158,37,8.157
50,158,38,8.210
50,158,39,8.272
50,158,40,8.311
50,158,41,8.376
50,158,42,8.417
50,158,43,8.476
50,158,44,8.633
50,158,45,8.758
50,158,46,8.768
50,158,47,8.888
50,158,48,8.899
50,158,49,8.907
50,159,0,6.130
50,159,1,5.926
50,159,2,5.128
50,159,3,5.173
50,159,4,5.215
50,159,5,5.250
50,159,6,5.290
50,159,7,5.356
50,159,8,5.399
50,159,9,5.475
50,159,10,5.515
50,159,11,5.579
50,159,12,5.619
50,159,13,5.677
50,159,14,5.713
50,159,15,5.776
50,159,16,5.828
50,159,17,5.865
50,159,18,5.965
50,159,19,6.027
50,159,20,6.079
50,159,21,6.183
50,159,22,6.247
50,159,23,6.304
50,159,24,6.355
50,159,25,6.409
50,159,26,6.464
50,159,27,6.500
50,159,28,6.564
50,159,29,6.607
50,159,30,6.664
50,159,31,6.715
50,159,32,6.769
50,159,33,6.823
50,159,34,6.874
50,159,35,6.926
50,159,36,6.977
50,159,37,7.039
50,159,38,7.089
50,159,39,7.140
50,159,40,7.192
50,159,41,7.243
50,159,42,7.301
50,159,43,7.349
50,159,44,7.416
50,159,45,7.478
50,159,46,7.530
50,159,47,7.587
50,159,48,7.622
50,159,49,7.691
50,160,0,6.728
50,160,1,6.566
50,160,2,5.513
50,160,3,5.561
50,160,4,5.600
50,160,5,5.636
50,160,6,5.666
50,160,7,5.733
50,160,8,5.798
50,160,9,5.839
50,160,10,5.909
50,160,11,5.946
50,160,12,6.008
50,160,13,6.045
50,160,14,6.108
50,160,15,6.164
50,160,16,6.238
50,160,17,6.437
50,160,18,6.577
50,160,19,6.710
50,160,20,6.720
50,160,21,6.840
50,160,22,6.850
50,160,23,6.977
50,160,24,6.986
50,160,25,6.994
50,160,26,7.124
50,160,27,7.135
50,160,28,7.143
50,160,29,7.284
50,160,30,7.293
50,160,31,7.300
50,160,32,7.423
50,160,33,7.433
50,160,34,7.440
50,160,35,7.563
50,160,36,7.573
50,160,37,7.580
50,160,38,7.702
50,160,39,7.712
50,160,40,7.719
50,160,41,7.819
50,160,42,7.824
50,160,43,7.828
50,160,44,7.877
50,160,45,7.883
50,160,46,7.913
50,160,47,7.940
50,160,48,8.041
50,160,49,8.127
50,161,0,6.659
50,161,1,6.448
50,161,2,5.617
50,161,3,5.662
50,161,4,5.696
50,161,5,5.736
50,161,6,5.807
50,161,7,5.847
50,161,8,5.913
50,161,9,5.968
50,161,10,6.026
50,161,11,6.081
50,161,12,6.134
50,161,13,6.171
50,161,14,6.234
50,161,15,6.289
50,161,16,6.342
50,161,17,6.394
50,161,18,6.493
50,161,19,6.550
50,161,20,6.601
50,161,21,6.713
50,161,22,6.768
50,161,23,6.939
50,161,24,7.220
50,161,25,7.363
50,161,26,7.375
50,161,27,7.485
50,161,28,7.495
50,161,29,7.673
50,161,30,7.684
50,161,31,7.692
50,161,32,7.828
50,161,33,7.838
50,161,34,7.845
50,161,35,7.998
50,161,36,8.008
50,161,37,8.014
50,161,38,8.021
50,161,39,8.143
50,161,40,8.152
50,161,41,8.160
50,161,42,8.291
50,161,43,8.301
50,161,44,8.308
50,161,45,8.413
50,161,46,8.418
50,161,47,8.422
50,161,48,8.466
50,161,49,8.471
50,162,0,7.149
50,162,1,6.987
50,162,2,6.054
50,162,3,6.200
50,162,4,6.211
50,162,5,6.362
50,162,6,6.373
50,162,7,6.380
50,162,8,6.527
50,162,9,6.537
50,162,10,6.545
50,162,11,6.681
50,162,12,6.691
50,162,13,6.698
50,162,14,6.830
50,162,15,6.840
50,162,16,6.848
50,162,17,6.977
50,162,18,6.994
50,162,19,7.132
50,162,20,7.142
50,162,21,7.221
50,162,22,7.226
50,162,23,7.231
50,162,24,7.279
50,162,25,7.284
50,162,26,7.315
50,162,27,7.347
50,162,28,7.374
50,162,29,7.532
50,162,30,7.658
50,162,31,7.669
50,162,32,7.807
50,162,33,7.817
50,162,34,7.825
50,162,35,7.956
50,162,36,7.966
50,162,37,7.973
50,162,38,8.100
50,162,39,8.110
50,162,40,8.118
50,162,41,8.247
50,162,42,8.258
50,162,43,8.265
50,162,44,8.363
50,162,45,8.368
50,162,46,8.373
50,162,47,8.421
50,162,48,8.427
50,162,49,8.454
50,163,0,7.278
50,163,1,7.103
50,163,2,6.392
50,163,3,6.570
50,163,4,6.583
50,163,5,6.591
50,163,6,6.774
50,163,7,6.782
50,163,8,6.787
50,163,9,6.892
50,163,10,6.899
50,163,11,6.904
50,163,12,6.909
50,163,13,6.970
50,163,14,6.976
50,163,15,7.031
50,163,16,7.037
50,163,17,7.070
50,163,18,7.131
50,163,19,7.170
50,163,20,7.247
50,163,21,7.334
50,163,22,7.388
50,163,23,7.441
50,163,24,7.487
50,163,25,7.552
50,163,26,7.606
50,163,27,7.644
50,163,28,7.713
50,163,29,7.751
50,163,30,7.816
50,163,31,7.851
50,163,32,7.927
50,163,33,7.959
50,163,34,7.995
50,163,35,8.056
50,163,36,8.095
50,163,37,8.161
50,163,38,8.197
50,163,39,8.260
50,163,40,8.295
50,163,41,8.358
50,163,42,8.396
50,163,43,8.458
50,163,44,8.511
50,163,45,8.574
50,163,46,8.608
50,163,47,8.670
50,163,48,8.724
50,163,49,8.762
50,164,0,6.889
50,164,1,6.683
50,164,2,5.879
50,164,3,5.928
50,164,4,5.966
50,164,5,5.998
50,164,6,6.038
50,164,7,6.114
50,164,8,6.155
50,164,9,6.223
50,164,10,6.262
50,164,11,6.335
50,164,12,6.376
50,164,13,6.434
50,164,14,6.474
50,164,15,6.529
50,164,16,6.566
50,164,17,6.630
50,164,18,6.736
50,164,19,6.773
50,164,20,6.836
50,164,21,6.944
50,164,22,6.997
50,164,23,7.049
50,164,24,7.100
50,164,25,7.155
50,164,26,7.194
50,164,27,7.271
50,164,28,7.309
50,164,29,7.366
50,164,30,7.402
50,164,31,7.464
50,164,32,7.520
50,164,33,7.572
50,164,34,7.623
50,164,35,7.676
50,164,36,7.727
50,164,37,7.778
50,164,38,7.832
50,164,39,7.883
50,164,40,7.935
50,164,41,7.984
50,164,42,8.038
50,164,43,8.089
50,164,44,8.141
50,164,45,8.201
50,164,46,8.253
50,164,47,8.311
50,164,48,8.347
50,164,49,8.407
50,165,0,8.542
50,165,1,8.376
50,165,2,7.367
50,165,3,7.440
50,165,4,7.447
50,165,5,7.494
50,165,6,7.531
50,165,7,7.574
50,165,8,7.614
50,165,9,7.683
50,165,10,7.723
50,165,11,7.783
50,165,12,7.942
50,165,13,8.071
50,165,14,8.082
50,165,15,8.223
50,165,16,8.233
50,165,17,8.240
50,165,18,8.386
50,165,19,8.394
50,165,20,8.533
50,165,21,8.550
50,165,22,8.716
50,165,23,8.726
50,165,24,8.734
50,165,25,8.740
50,165,26,8.900
50,165,27,8.911
50,165,28,8.917
50,165,29,8.924
50,165,30,9.048
50,165,31,9.057
50,165,32,9.065
50,165,33,9.187
50,165,34,9.197
50,165,35,9.204
50,165,36,9.330
50,165,37,9.340
50,165,38,9.348
50,165,39,9.476
50,165,40,9.485
50,165,41,9.493
50,165,42,9.650
50,165,43,9.661
50,165,44,9.668
50,165,45,9.822
50,165,46,9.832
50,165,47,9.840
50,165,48,9.846
50,165,49,9.895
50,166,0,6.679
50,166,1,6.279
50,166,2,5.450
50,166,3,5.496
50,166,4,5.528
50,166,5,5.590
50,166,6,5.646
50,166,7,5.702
50,166,8,5.770
50,166,9,5.808
50,166,10,5.875
50,166,11,5.911
50,166,12,5.975
50,166,13,6.012
50,166,14,6.076
50,166,15,6.121
50,166,16,6.175
50,166,17,6.214
50,166,18,6.318
50,166,19,6.421
50,166,20,6.506
50,166,21,6.759
50,166,22,6.837
50,166,23,6.914
50,166,24,6.985
50,166,25,7.041
50,166,26,7.085
50,166,27,7.191
50,166,28,7.265
50,166,29,7.341
50,166,30,7.419
50,166,31,8.203
50,166,32,8.211
50,166,33,8.217
50,166,34,8.221
50,166,35,8.225
50,166,36,8.229
50,166,37,8.233
50,166,38,8.237
50,166,39,8.241
50,166,40,8.244
50,166,41,8.359
50,166,42,8.365
50,166,43,8.370
50,166,44,8.377
50,166,45,8.450
50,166,46,8.455
50,166,47,8.460
50,166,48,8.491
50,166,49,8.518
50,167,0,6.926
50,167,1,6.768
50,167,2,5.788
50,167,3,5.837
50,167,4,5.875
50,167,5,5.908
50,167,6,5.948
50,167,7,6.014
50,167,8,6.054
50,167,9,6.120
50,167,10,6.170
50,167,11,6.227
50,167,12,6.267
50,167,13,6.329
50,167,14,6.480
50,167,15,6.607
50,167,16,6.618
50,167,17,6.758
50,167,18,6.775
50,167,19,6.908
50,167,20,6.918
50,167,21,7.056
50,167,22,7.066
50,167,23,7.072
50,167,24,7.147
50,167,25,7.153
50,167,26,7.157
50,167,27,7.212
50,167,28,7.217
50,167,29,7.269
50,167,30,7.274
50,167,31,7.314
50,167,32,7.344
50,167,33,7.404
50,167,34,7.455
50,167,35,7.491
50,167,36,7.556
50,167,37,7.593
50,167,38,7.658
50,167,39,7.711
50,167,40,7.763
50,167,41,7.806
50,167,42,7.863
50,167,43,7.913
50,167,44,7.966
50,167,45,8.018
50,167,46,8.069
50,167,47,8.121
50,167,48,8.174
50,167,49,8.227
50,168,0,7.917
50,168,1,7.708
50,168,2,6.968
50,168,3,7.103
50,168,4,7.115
50,168,5,7.198
50,168,6,7.204
50,168,7,7.208
50,168,8,7.243
50,168,9,7.277
50,168,10,7.311
50,168,11,7.340
50,168,12,7.383
50,168,13,7.450
50,168,14,7.495
50,168,15,7.592
50,168,16,7.637
50,168,17,7.670
50,168,18,7.779
50,168,19,7.820
50,168,20,7.878
50,168,21,7.977
50,168,22,8.030
50,168,23,8.083
50,168,24,8.135
50,168,25,8.175
50,168,26,8.238
50,168,27,8.278
50,168,28,8.337
50,168,29,8.375
50,168,30,8.436
50,168,31,8.485
50,168,32,8.522
50,168,33,8.588
50,168,34,8.625
50,168,35,8.686
50,168,36,8.742
50,168,37,8.797
50,168,38,8.850
50,168,39,8.902
50,168,40,8.956
50,168,41,9.007
50,168,42,9.061
50,168,43,9.122
50,168,44,9.186
50,168,45,9.239
50,168,46,9.291
50,168,47,9.346
50,168,48,9.396
50,168,49,9.447
50,169,0,6.757
50,169,1,6.572
50,169,2,5.800
50,169,3,5.840
50,169,4,5.890
50,169,5,5.934
50,169,6,5.972
50,169,7,6.040
50,169,8,6.083
50,169,9,6.123
50,169,10,6.190
50,169,11,6.232
50,169,12,6.270
50,169,13,6.330
50,169,14,6.368
50,169,15,6.427
50,169,16,6.462
50,169,17,6.522
50,169,18,6.616
50,169,19,6.670
50,169,20,6.720
50,169,21,6.817
50,169,22,6.852
50,169,23,6.909
50,169,24,6.962
50,169,25,7.013
50,169,26,7.064
50,169,27,7.099
50,169,28,7.158
50,169,29,7.192
50,169,30,7.254
50,169,31,7.290
50,169,32,7.348
50,169,33,7.579
50,169,34,7.594
50,169,35,7.732
50,169,36,7.743
50,169,37,7.750
50,169,38,7.890
50,169,39,7.900
50,169,40,7.906
50,169,41,8.007
50,169,42,8.016
50,169,43,8.153
50,169,44,8.162
50,169,45,8.172
50,169,46,8.264
50,169,47,8.274
50,169,48,8.326
50,169,49,8.373
50,170,0,7.053
50,170,1,6.848
50,170,2,6.052
50,170,3,6.103
50,170,4,6.142
50,170,5,6.180
50,170,6,6.212
50,170,7,6.252
50,170,8,6.321
50,170,9,6.361
50,170,10,6.441
50,170,11,6.481
50,170,12,6.548
50,170,13,6.584
50,170,14,6.654
50,170,15,6.692
50,170,16,6.746
50,170,17,6.786
50,170,18,6.900
50,170,19,6.952
50,170,20,7.016
50,170,21,7.107
50,170,22,7.164
50,170,23,7.199
50,170,24,7.262
50,170,25,7.313
50,170,26,7.364
50,170,27,7.414
50,170,28,7.477
50,170,29,7.534
50,170,30,7.569
50,170,31,7.633
50,170,32,7.688
50,170,33,7.740
50,170,34,7.802
50,170,35,7.838
50,170,36,7.912
50,170,37,7.943
50,170,38,7.996
50,170,39,8.036
50,170,40,8.101
50,170,41,8.138
50,170,42,8.203
50,170,43,8.240
50,170,44,8.302
50,170,45,8.338
50,170,46,8.399
50,170,47,8.450
50,170,48,8.511
50,170,49,8.545
50,171,0,7.040
50,171,1,6.831
50,171,2,5.922
50,171,3,5.975
50,171,4,6.079
50,171,5,6.149
50,171,6,6.194
50,171,7,6.258
50,171,8,6.312
50,171,9,6.367
50,171,10,6.428
50,171,11,6.466
50,171,12,6.525
50,171,13,6.563
50,171,14,6.626
50,171,15,6.665
50,171,16,6.730
50,171,17,6.769
50,171,18,6.872
50,171,19,6.934
50,171,20,6.987
50,171,21,7.085
50,171,22,7.144
50,171,23,7.195
50,171,24,7.299
50,171,25,7.410
50,171,26,7.508
50,171,27,7.596
50,171,28,7.684
50,171,29,7.771
50,171,30,7.856
50,171,31,7.940
50,171,32,8.028
50,171,33,8.111
50,171,34,8.196
50,171,35,8.280
50,171,36,8.364
50,171,37,8.449
50,171,38,8.654
50,171,39,8.925
50,171,40,9.058
50,171,41,9.069
50,171,42,9.173
50,171,43,9.184
50,171,44,9.292
50,171,45,9.301
50,171,46,9.396
50,171,47,9.406
50,171,48,9.485
50,171,49,9.494
50,172,0,6.570
50,172,1,6.347
50,172,2,5.419
50,172,3,5.466
50,172,4,5.500
50,172,5,5.538
50,172,6,5.603
50,172,7,5.740
50,172,8,5.821
50,172,9,5.927
50,172,10,5.937
50,172,11,6.040
50,172,12,6.050
50,172,13,6.184
50,172,14,6.194
50,172,15,6.202
50,172,16,6.330
50,172,17,6.340
50,172,18,6.474
50,172,19,6.483
50,172,20,6.491
50,172,21,6.575
50,172,22,6.580
50,172,23,6.628
50,172,24,6.634
50,172,25,6.669
50,172,26,6.696
50,172,27,6.731
50,172,28,6.844
50,172,29,6.908
50,172,30,6.971
50,172,31,7.069
50,172,32,7.079
50,172,33,7.171
50,172,34,7.181
50,172,35,7.274
50,172,36,7.284
50,172,37,7.378
50,172,38,7.388
50,172,39,7.487
50,172,40,7.496
50,172,41,7.627
50,172,42,7.636
50,172,43,7.643
50,172,44,7.746
50,172,45,7.752
50,172,46,7.756
50,172,47,7.804
50,172,48,7.809
50,172,49,7.836
50,173,0,7.879
50,173,1,7.585
50,173,2,6.535
50,173,3,6.609
50,173,4,6.663
50,173,5,6.768
50,173,6,6.857
50,173,7,6.940
50,173,8,7.027
50,173,9,7.109
50,173,10,7.194
50,173,11,7.237
50,173,12,7.272
50,173,13,7.311
50,173,14,7.381
50,173,15,7.421
50,173,16,7.461
50,173,17,7.552
50,173,18,7.644
50,173,19,7.719
50,173,20,7.814
50,173,21,7.944
50,173,22,8.005
50,173,23,8.095
50,173,24,8.144
50,173,25,8.187
50,173,26,8.249
50,173,27,8.309
50,173,28,8.368
50,173,29,8.426
50,173,30,8.491
50,173,31,8.597
50,173,32,8.607
50,173,33,8.723
50,173,34,8.733
50,173,35,8.839
50,173,36,8.849
50,173,37,9.017
50,173,38,9.027
50,173,39,9.035
50,173,40,9.159
50,173,41,9.168
50,173,42,9.176
50,173,43,9.301
50,173,44,9.310
50,173,45,9.318
50,173,46,9.465
50,173,47,9.474
50,173,48,9.480
50,173,49,9.523
50,174,0,6.992
50,174,1,6.893
50,174,2,5.875
50,174,3,5.925
50,174,4,5.967
50,174,5,6.000
50,174,6,6.063
50,174,7,6.242
50,174,8,6.307
50,174,9,6.367
50,174,10,6.373
50,174,11,6.407
50,174,12,6.439
50,174,13,6.476
50,174,14,6.642
50,174,15,6.792
50,174,16,6.801
50,174,17,6.887
50,174,18,6.898
50,174,19,6.953
50,174,20,6.959
50,174,21,7.022
50,174,22,7.060
50,174,23,7.145
50,174,24,7.176
50,174,25,7.270
50,174,26,7.313
50,174,27,7.346
50,174,28,7.385
50,174,29,7.485
50,174,30,7.548
50,174,31,7.605
50,174,32,7.672
50,174,33,7.769
50,174,34,7.780
50,174,35,7.873
50,174,36,7.882
50,174,37,7.976
50,174,38,7.986
50,174,39,8.079
50,174,40,8.089
50,174,41,8.179
50,174,42,8.188
50,174,43,8.279
50,174,44,8.288
50,174,45,8.378
50,174,46,8.386
50,174,47,8.472
50,174,48,8.481
50,174,49,8.527
50,175,0,7.684
50,175,1,7.482
50,175,2,6.711
50,175,3,6.761
50,175,4,6.800
50,175,5,6.837
50,175,6,6.874
50,175,7,6.905
50,175,8,6.954
50,175,9,7.033
50,175,10,7.067
50,175,11,7.109
50,175,12,7.172
50,175,13,7.215
50,175,14,7.276
50,175,15,7.316
50,175,16,7.379
50,175,17,7.418
50,175,18,7.521
50,175,19,7.584
50,175,20,7.624
50,175,21,7.722
50,175,22,7.785
50,175,23,7.823
50,175,24,7.883
50,175,25,7.938
50,175,26,7.977
50,175,27,8.040
50,175,28,8.079
50,175,29,8.132
50,175,30,8.186
50,175,31,8.242
50,175,32,8.294
50,175,33,8.348
50,175,34,8.400
50,175,35,8.464
50,175,36,8.519
50,175,37,8.572
50,175,38,8.626
50,175,39,8.678
50,175,40,8.731
50,175,41,8.784
50,175,42,8.836
50,175,43,8.889
50,175,44,8.942
50,175,45,8.993
50,175,46,9.049
50,175,47,9.109
50,175,48,9.163
50,175,49,9.217
50,176,0,7.213
50,176,1,6.978
50,176,2,6.235
50,176,3,6.384
50,176,4,6.396
50,176,5,6.534
50,176,6,6.540
50,176,7,6.545
50,176,8,6.626
50,176,9,6.632
50,176,10,6.636
50,176,11,6.702
50,176,12,6.707
50,176,13,6.740
50,176,14,6.783
50,176,15,6.817
50,176,16,6.857
50,176,17,6.944
50,176,18,7.015
50,176,19,7.084
50,176,20,7.125
50,176,21,7.266
50,176,22,7.318
50,176,23,7.382
50,176,24,7.419
50,176,25,7.484
50,176,26,7.520
50,176,27,7.578
50,176,28,7.614
50,176,29,7.677
50,176,30,7.713
50,176,31,7.777
50,176,32,7.813
50,176,33,7.876
50,176,34,7.912
50,176,35,7.982
50,176,36,8.019
50,176,37,8.092
50,176,38,8.128
50,176,39,8.188
50,176,40,8.240
50,176,41,8.291
50,176,42,8.374
50,176,43,8.432
50,176,44,8.471
50,176,45,8.505
50,176,46,8.533
50,176,47,9.050
50,176,48,9.776
50,176,49,9.795
50,177,0,6.987
50,177,1,6.551
50,177,2,5.827
50,177,3,5.966
50,177,4,5.978
50,177,5,6.091
50,177,6,6.097
50,177,7,6.102
50,177,8,6.179
50,177,9,6.185
50,177,10,6.190
50,177,11,6.225
50,177,12,6.260
50,177,13,6.295
50,177,14,6.324
50,177,15,6.402
50,177,16,6.441
50,177,17,6.497
50,177,18,6.800
50,177,19,6.815
50,177,20,6.976
50,177,21,6.996
50,177,22,7.211
50,177,23,7.221
50,177,24,7.226
50,177,25,7.230
50,177,26,7.342
50,177,27,7.348
50,177,28,7.352
50,177,29,7.357
50,177,30,7.361
50,177,31,7.438
50,177,32,7.444
50,177,33,7.449
50,177,34,7.477
50,177,35,7.541
50,177,36,7.584
50,177,37,7.653
50,177,38,7.713
50,177,39,7.750
50,177,40,7.939
50,177,41,8.067
50,177,42,8.078
50,177,43,8.219
50,177,44,8.230
50,177,45,8.239
50,177,46,8.335
50,177,47,8.345
50,177,48,8.422
50,177,49,8.431
50,178,0,7.767
50,178,1,7.654
50,178,2,5.997
50,178,3,6.629
50,178,4,6.770
50,178,5,6.782
50,178,6,6.907
50,178,7,6.918
50,178,8,7.059
50,178,9,7.069
50,178,10,7.078
50,178,11,7.229
50,178,12,7.239
50,178,13,7.247
50,178,14,7.448
50,178,15,7.461
50,178,16,7.470
50,178,17,7.477
50,178,18,7.660
50,178,19,7.665
50,178,20,7.670
50,178,21,7.773
50,178,22,7.778
50,178,23,7.782
50,178,24,7.851
50,178,25,7.857
50,178,26,7.861
50,178,27,7.893
50,178,28,7.926
50,178,29,7.959
50,178,30,7.987
50,178,31,8.076
50,178,32,8.119
50,178,33,8.151
50,178,34,8.191
50,178,35,8.231
50,178,36,8.293
50,178,37,8.333
50,178,38,8.396
50,178,39,8.436
50,178,40,8.496
50,178,41,8.553
50,178,42,8.609
50,178,43,8.663
50,178,44,8.715
50,178,45,8.769
50,178,46,8.823
50,178,47,8.874
50,178,48,8.928
50,178,49,8.980
50,179,0,7.849
50,179,1,7.593
50,179,2,6.138
50,179,3,6.190
50,179,4,6.295
50,179,5,6.385
50,179,6,6.477
50,179,7,6.565
50,179,8,6.665
50,179,9,6.755
50,179,10,6.843
50,179,11,6.932
50,179,12,7.163
50,179,13,7.290
50,179,14,7.302
50,179,15,7.415
50,179,16,7.425
50,179,17,7.583
50,179,18,7.600
50,179,19,7.706
50,179,20,7.716
50,179,21,7.859
50,179,22,7.866
50,179,23,7.996
50,179,24,8.006
50,179,25,8.013
50,179,26,8.139
50,179,27,8.149
50,179,28,8.156
50,179,29,8.281
50,179,30,8.286
50,179,31,8.290
50,179,32,8.372
50,179,33,8.378
50,179,34,8.382
50,179,35,8.435
50,179,36,8.441
50,179,37,8.476
50,179,38,8.514
50,179,39,8.542
50,179,40,8.631
50,179,41,8.672
50,179,42,8.703
50,179,43,8.741
50,179,44,8.804
50,179,45,8.842
50,179,46,8.901
50,179,47,8.952
50,179,48,9.006
50,179,49,9.059
50,180,0,7.192
50,180,1,6.791
50,180,2,5.982
50,180,3,6.028
50,180,4,6.066
50,180,5,6.098
50,180,6,6.137
50,180,7,6.210
50,180,8,6.255
50,180,9,6.323
50,180,10,6.361
50,180,11,6.422
50,180,12,6.476
50,180,13,6.529
50,180,14,6.574
50,180,15,6.631
50,180,16,6.683
50,180,17,6.737
50,180,18,6.843
50,180,19,6.896
50,180,20,7.062
50,180,21,7.204
50,180,22,7.339
50,180,23,7.349
50,180,24,7.357
50,180,25,7.496
50,180,26,7.506
50,180,27,7.514
50,180,28,7.648
50,180,29,7.657
50,180,30,7.665
50,180,31,7.824
50,180,32,7.834
50,180,33,7.841
50,180,34,7.847
50,180,35,7.923
50,180,36,7.928
50,180,37,7.932
50,180,38,8.015
50,180,39,8.020
50,180,40,8.024
50,180,41,8.056
50,180,42,8.089
50,180,43,8.125
50,180,44,8.153
50,180,45,8.303
50,180,46,8.415
50,180,47,8.425
50,180,48,8.511
50,180,49,8.520
50,181,0,7.736
50,181,1,7.556
50,181,2,6.492
50,181,3,6.563
50,181,4,6.569
50,181,5,6.606
50,181,6,6.657
50,181,7,6.696
50,181,8,6.762
50,181,9,6.802
50,181,10,6.867
50,181,11,6.909
50,181,12,7.194
50,181,13,7.209
50,181,14,7.379
50,181,15,7.390
50,181,16,7.401
50,181,17,7.546
50,181,18,7.563
50,181,19,7.718
50,181,20,7.728
50,181,21,7.913
50,181,22,7.918
50,181,23,7.923
50,181,24,7.927
50,181,25,8.019
50,181,26,8.025
50,181,27,8.029
50,181,28,8.033
50,181,29,8.083
50,181,30,8.089
50,181,31,8.121
50,181,32,8.152
50,181,33,8.180
50,181,34,8.214
50,181,35,8.383
50,181,36,8.509
50,181,37,8.521
50,181,38,8.628
50,181,39,8.639
50,181,40,8.771
50,181,41,8.781
50,181,42,8.788
50,181,43,8.917
50,181,44,8.927
50,181,45,8.934
50,181,46,9.050
50,181,47,9.060
50,181,48,9.067
50,181,49,9.099
50,182,0,8.385
50,182,1,8.230
50,182,2,7.217
50,182,3,7.288
50,182,4,7.294
50,182,5,7.332
50,182,6,7.364
50,182,7,7.405
50,182,8,7.472
50,182,9,7.511
50,182,10,7.576
50,182,11,7.732
50,182,12,7.861
50,182,13,7.871
50,182,14,8.011
50,182,15,8.021
50,182,16,8.029
50,182,17,8.219
50,182,18,8.237
50,182,19,8.374
50,182,20,8.380
50,182,21,8.390
50,182,22,8.462
50,182,23,8.469
50,182,24,8.473
50,182,25,8.523
50,182,26,8.529
50,182,27,8.560
50,182,28,8.592
50,182,29,8.619
50,182,30,8.654
50,182,31,8.723
50,182,32,8.759
50,182,33,8.819
50,182,34,8.871
50,182,35,8.926
50,182,36,8.980
50,182,37,9.030
50,182,38,9.086
50,182,39,9.137
50,182,40,9.190
50,182,41,9.251
50,182,42,9.304
50,182,43,9.356
50,182,44,9.408
50,182,45,9.461
50,182,46,9.515
50,182,47,9.568
50,182,48,9.621
50,182,49,9.675
50,183,0,7.872
50,183,1,7.667
50,183,2,6.617
50,183,3,6.706
50,183,4,6.713
50,183,5,6.754
50,183,6,6.812
50,183,7,6.853
50,183,8,6.890
50,183,9,6.924
50,183,10,7.021
50,183,11,7.066
50,183,12,7.107
50,183,13,7.148
50,183,14,7.253
50,183,15,7.489
50,183,16,7.504
50,183,17,7.656
50,183,18,7.675
50,183,19,7.858
50,183,20,7.867
50,183,21,7.990
50,183,22,7.996
50,183,23,8.001
50,183,24,8.006
50,183,25,8.082
50,183,26,8.087
50,183,27,8.092
50,183,28,8.145
50,183,29,8.151
50,183,30,8.195
50,183,31,8.231
50,183,32,8.265
50,183,33,8.295
50,183,34,8.332
50,183,35,8.395
50,183,36,8.434
50,183,37,8.495
50,183,38,8.533
50,183,39,8.595
50,183,40,8.648
50,183,41,8.701
50,183,42,8.755
50,183,43,8.808
50,183,44,8.859
50,183,45,8.914
50,183,46,8.966
50,183,47,9.020
50,183,48,9.072
50,183,49,9.126
50,184,0,7.323
50,184,1,7.030
50,184,2,6.086
50,184,3,6.134
50,184,4,6.171
50,184,5,6.204
50,184,6,6.243
50,184,7,6.309
50,184,8,6.350
50,184,9,6.532
50,184,10,6.649
50,184,11,6.659
50,184,12,6.759
50,184,13,6.770
50,184,14,6.870
50,184,15,6.880
50,184,16,7.013
50,184,17,7.023
50,184,18,7.175
50,184,19,7.185
50,184,20,7.192
50,184,21,7.332
50,184,22,7.374
50,184,23,7.485
50,184,24,7.492
50,184,25,7.502
50,184,26,7.667
50,184,27,7.677
50,184,28,7.684
50,184,29,7.691
50,184,30,7.821
50,184,31,7.830
50,184,32,7.838
50,184,33,7.966
50,184,34,7.976
50,184,35,7.982
50,184,36,8.113
50,184,37,8.123
50,184,38,8.131
50,184,39,8.260
50,184,40,8.269
50,184,41,8.275
50,184,42,8.400
50,184,43,8.409
50,184,44,8.417
50,184,45,8.541
50,184,46,8.550
50,184,47,8.557
50,184,48,8.633
50,184,49,8.643
50,185,0,7.622
50,185,1,7.479
50,185,2,6.438
50,185,3,6.525
50,185,4,6.532
50,185,5,6.601
50,185,6,6.608
50,185,7,6.643
50,185,8,6.686
50,185,9,6.719
50,185,10,6.790
50,185,11,6.830
50,185,12,7.019
50,185,13,7.152
50,185,14,7.164
50,185,15,7.316
50,185,16,7.327
50,185,17,7.334
50,185,18,7.490
50,185,19,7.498
50,185,20,7.617
50,185,21,7.627
50,185,22,7.704
50,185,23,7.710
50,185,24,7.715
50,185,25,7.767
50,185,26,7.772
50,185,27,7.804
50,185,28,7.831
50,185,29,7.866
50,185,30,7.969
50,185,31,8.011
50,185,32,8.042
50,185,33,8.078
50,185,34,8.141
50,185,35,8.180
50,185,36,8.239
50,185,37,8.293
50,185,38,8.337
50,185,39,8.394
50,185,40,8.446
50,185,41,8.498
50,185,42,8.551
50,185,43,8.607
50,185,44,8.661
50,185,45,8.715
50,185,46,8.769
50,185,47,8.831
50,185,48,8.885
50,185,49,8.937
50,186,0,7.504
50,186,1,7.296
50,186,2,6.486
50,186,3,6.536
50,186,4,6.575
50,186,5,6.607
50,186,6,6.645
50,186,7,6.710
50,186,8,6.749
50,186,9,6.814
50,186,10,6.870
50,186,11,6.924
50,186,12,6.978
50,186,13,7.032
50,186,14,7.086
50,186,15,7.141
50,186,16,7.179
50,186,17,7.241
50,186,18,7.335
50,186,19,7.397
50,186,20,7.442
50,186,21,7.655
50,186,22,7.779
50,186,23,7.790
50,186,24,7.926
50,186,25,7.936
50,186,26,7.944
50,186,27,8.079
50,186,28,8.090
50,186,29,8.097
50,186,30,8.226
50,186,31,8.236
50,186,32,8.243
50,186,33,8.372
50,186,34,8.382
50,186,35,8.389
50,186,36,8.475
50,186,37,8.480
50,186,38,8.484
50,186,39,8.535
50,186,40,8.541
50,186,41,8.569
50,186,42,9.091
50,186,43,9.125
50,186,44,9.161
50,186,45,9.229
50,186,46,9.281
50,186,47,9.337
50,186,48,9.389
50,186,49,9.453
50,187,0,7.765
50,187,1,7.490
50,187,2,6.247
50,187,3,6.332
50,187,4,6.399
50,187,5,6.464
50,187,6,6.527
50,187,7,6.588
50,187,8,6.650
50,187,9,6.719
50,187,10,6.890
50,187,11,6.970
50,187,12,7.055
50,187,13,7.123
50,187,14,7.183
50,187,15,7.242
50,187,16,7.293
50,187,17,7.333
50,187,18,7.571
50,187,19,7.647
50,187,20,7.755
50,187,21,7.867
50,187,22,7.877
50,187,23,7.975
50,187,24,7.985
50,187,25,8.088
50,187,26,8.098
50,187,27,8.224
50,187,28,8.234
50,187,29,8.241
50,187,30,8.398
50,187,31,8.408
50,187,32,8.416
50,187,33,8.536
50,187,34,8.542
50,187,35,8.547
50,187,36,8.620
50,187,37,8.635
50,187,38,8.640
50,187,39,8.696
50,187,40,8.701
50,187,41,8.754
50,187,42,8.759
50,187,43,8.791
50,187,44,8.819
50,187,45,8.884
50,187,46,8.922
50,187,47,8.980
50,187,48,9.037
50,187,49,9.092
50,188,0,7.349
50,188,1,7.058
50,188,2,6.118
50,188,3,6.171
50,188,4,6.214
50,188,5,6.252
50,188,6,6.290
50,188,7,6.321
50,188,8,6.363
50,188,9,6.425
50,188,10,6.472
50,188,11,6.531
50,188,12,6.577
50,188,13,6.646
50,188,14,6.696
50,188,15,6.760
50,188,16,6.919
50,188,17,7.046
50,188,18,7.195
50,188,19,7.206
50,188,20,7.213
50,188,21,7.359
50,188,22,7.366
50,188,23,7.575
50,188,24,7.590
50,188,25,7.601
50,188,26,7.795
50,188,27,7.806
50,188,28,7.815
50,188,29,8.004
50,188,30,8.010
50,188,31,8.015
50,188,32,8.019
50,188,33,8.096
50,188,34,8.103
50,188,35,8.107
50,188,36,8.135
50,188,37,8.173
50,188,38,8.261
50,188,39,8.301
50,188,40,8.393
50,188,41,8.435
50,188,42,8.467
50,188,43,8.506
50,188,44,8.570
50,188,45,8.609
50,188,46,8.669
50,188,47,8.722
50,188,48,8.785
50,188,49,8.842
50,189,0,7.343
50,189,1,7.145
50,189,2,6.334
50,189,3,6.385
50,189,4,6.424
50,189,5,6.460
50,189,6,6.491
50,189,7,6.530
50,189,8,6.590
50,189,9,6.643
50,189,10,6.702
50,189,11,6.756
50,189,12,6.813
50,189,13,6.869
50,189,14,6.936
50,189,15,6.973
50,189,16,7.039
50,189,17,7.092
50,189,18,7.199
50,189,19,7.245
50,189,20,7.304
50,189,21,7.408
50,189,22,7.461
50,189,23,7.499
50,189,24,7.561
50,189,25,7.600
50,189,26,7.661
50,189,27,7.700
50,189,28,7.759
50,189,29,7.908
50,189,30,8.037
50,189,31,8.048
50,189,32,8.186
50,189,33,8.197
50,189,34,8.205
50,189,35,8.346
50,189,36,8.357
50,189,37,8.365
50,189,38,8.498
50,189,39,8.509
50,189,40,8.516
50,189,41,8.655
50,189,42,8.665
50,189,43,8.673
50,189,44,8.809
50,189,45,8.818
50,189,46,8.826
50,189,47,8.936
50,189,48,8.945
50,189,49,8.953
50,190,0,7.328
50,190,1,7.222
50,190,2,6.218
50,190,3,6.357
50,190,4,6.370
50,190,5,6.531
50,190,6,6.542
50,190,7,6.550
50,190,8,6.702
50,190,9,6.713
50,190,10,6.721
50,190,11,6.871
50,190,12,6.881
50,190,13,6.889
50,190,14,7.067
50,190,15,7.077
50,190,16,7.084
50,190,17,7.092
50,190,18,7.227
50,190,19,7.232
50,190,20,7.323
50,190,21,7.333
50,190,22,7.338
50,190,23,7.388
50,190,24,7.394
50,190,25,7.428
50,190,26,7.461
50,190,27,7.488
50,190,28,7.525
50,190,29,7.684
50,190,30,7.809
50,190,31,7.821
50,190,32,7.961
50,190,33,7.972
50,190,34,7.981
50,190,35,8.116
50,190,36,8.127
50,190,37,8.135
50,190,38,8.282
50,190,39,8.292
50,190,40,8.300
50,190,41,8.433
50,190,42,8.439
50,190,43,8.443
50,190,44,8.448
50,190,45,8.518
50,190,46,8.523
50,190,47,8.527
50,190,48,8.559
50,190,49,8.589
50,191,0,6.851
50,191,1,6.410
50,191,2,5.596
50,191,3,5.642
50,191,4,5.676
50,191,5,5.715
50,191,6,5.784
50,191,7,5.825
50,191,8,5.888
50,191,9,5.952
50,191,10,6.007
50,191,11,6.078
50,191,12,6.107
50,191,13,6.143
50,191,14,6.204
50,191,15,6.258
50,191,16,6.302
50,191,17,6.358
50,191,18,6.566
50,191,19,6.695
50,191,20,6.706
50,191,21,6.862
50,191,22,6.869
50,191,23,7.039
50,191,24,7.050
50,191,25,7.058
50,191,26,7.066
50,191,27,7.159
50,191,28,7.164
50,191,29,7.168
50,191,30,7.172
50,191,31,7.236
50,191,32,7.241
50,191,33,7.245
50,191,34,7.274
50,191,35,7.305
50,191,36,7.332
50,191,37,7.367
50,191,38,7.467
50,191,39,7.526
50,191,40,7.587
50,191,41,7.681
50,191,42,7.690
50,191,43,7.791
50,191,44,7.800
50,191,45,7.891
50,191,46,7.900
50,191,47,7.984
50,191,48,7.992
50,191,49,8.039
50,192,0,6.853
50,192,1,6.660
50,192,2,5.570
50,192,3,5.650
50,192,4,5.740
50,192,5,5.832
50,192,6,5.926
50,192,7,6.026
50,192,8,6.112
50,192,9,6.197
50,192,10,6.237
50,192,11,6.308
50,192,12,6.348
50,192,13,6.389
50,192,14,6.471
50,192,15,6.517
50,192,16,6.548
50,192,17,6.628
50,192,18,6.697
50,192,19,6.753
50,192,20,6.791
50,192,21,7.022
50,192,22,7.133
50,192,23,7.227
50,192,24,7.317
50,192,25,7.404
50,192,26,7.488
50,192,27,7.574
50,192,28,7.660
50,192,29,7.747
50,192,30,7.830
50,192,31,7.917
50,192,32,8.003
50,192,33,8.084
50,192,34,8.168
50,192,35,8.253
50,192,36,8.348
50,192,37,8.434
50,192,38,8.518
50,192,39,8.595
50,192,40,8.654
50,192,41,8.707
50,192,42,8.743
50,192,43,8.803
50,192,44,8.855
50,192,45,8.907
50,192,46,8.959
50,192,47,9.011
50,192,48,9.069
50,192,49,9.105
50,193,0,6.580
50,193,1,6.463
50,193,2,5.045
50,193,3,5.434
50,193,4,5.528
50,193,5,5.646
50,193,6,5.657
50,193,7,5.761
50,193,8,5.772
50,193,9,5.876
50,193,10,5.886
50,193,11,6.021
50,193,12,6.031
50,193,13,6.038
50,193,14,6.230
50,193,15,6.241
50,193,16,6.250
50,193,17,6.455
50,193,18,6.468
50,193,19,6.472
50,193,20,6.574
50,193,21,6.584
50,193,22,6.589
50,193,23,6.667
50,193,24,6.673
50,193,25,6.677
50,193,26,6.733
50,193,27,6.738
50,193,28,6.770
50,193,29,6.797
50,193,30,6.832
50,193,31,6.895
50,193,32,6.997
50,193,33,7.057
50,193,34,7.109
50,193,35,7.143
50,193,36,7.175
50,193,37,7.202
50,193,38,7.237
50,193,39,7.294
50,193,40,7.346
50,193,41,7.399
50,193,42,7.434
50,193,43,7.494
50,193,44,7.544
50,193,45,7.597
50,193,46,7.649
50,193,47,7.700
50,193,48,7.751
50,193,49,7.802
50,194,0,6.596
50,194,1,6.391
50,194,2,5.546
50,194,3,5.584
50,194,4,5.623
50,194,5,5.684
50,194,6,5.744
50,194,7,5.781
50,194,8,5.853
50,194,9,5.936
50,194,10,5.988
50,194,11,6.041
50,194,12,6.091
50,194,13,6.142
50,194,14,6.194
50,194,15,6.230
50,194,16,6.291
50,194,17,6.341
50,194,18,6.444
50,194,19,6.499
50,194,20,6.538
50,194,21,6.634
50,194,22,6.694
50,194,23,6.730
50,194,24,6.790
50,194,25,6.828
50,194,26,6.891
50,194,27,6.931
50,194,28,6.985
50,194,29,7.020
50,194,30,7.078
50,194,31,7.128
50,194,32,7.179
50,194,33,7.213
50,194,34,7.272
50,194,35,7.321
50,194,36,7.369
50,194,37,7.422
50,194,38,7.464
50,194,39,7.519
50,194,40,7.570
50,194,41,7.621
50,194,42,7.656
50,194,43,7.712
50,194,44,7.746
50,194,45,7.808
50,194,46,7.862
50,194,47,7.926
50,194,48,7.962
50,194,49,8.020
50,195,0,7.677
50,195,1,7.518
50,195,2,6.479
50,195,3,6.527
50,195,4,6.565
50,195,5,6.596
50,195,6,6.636
50,195,7,6.697
50,195,8,6.738
50,195,9,6.826
50,195,10,6.864
50,195,11,6.906
50,195,12,6.976
50,195,13,7.017
50,195,14,7.192
50,195,15,7.324
50,195,16,7.335
50,195,17,7.507
50,195,18,7.526
50,195,19,7.660
50,195,20,7.670
50,195,21,7.810
50,195,22,7.820
50,195,23,7.827
50,195,24,7.955
50,195,25,7.966
50,195,26,7.973
50,195,27,8.143
50,195,28,8.151
50,195,29,8.156
50,195,30,8.260
50,195,31,8.266
50,195,32,8.271
50,195,33,8.275
50,195,34,8.345
50,195,35,8.351
50,195,36,8.356
50,195,37,8.389
50,195,38,8.426
50,195,39,8.457
50,195,40,8.493
50,195,41,8.530
50,195,42,8.597
50,195,43,8.632
50,195,44,8.691
50,195,45,8.744
50,195,46,8.796
50,195,47,8.846
50,195,48,8.897
50,195,49,8.955
50,196,0,6.047
50,196,1,5.860
50,196,2,5.063
50,196,3,5.107
50,196,4,5.146
50,196,5,5.210
50,196,6,5.265
50,196,7,5.318
50,196,8,5.372
50,196,9,5.424
50,196,10,5.474
50,196,11,5.525
50,196,12,5.575
50,196,13,5.611
50,196,14,5.670
50,196,15,5.720
50,196,16,5.769
50,196,17,5.822
50,196,18,5.914
50,196,19,5.951
50,196,20,6.010
50,196,21,6.108
50,196,22,6.144
50,196,23,6.202
50,196,24,6.250
50,196,25,6.305
50,196,26,6.340
50,196,27,6.397
50,196,28,6.432
50,196,29,6.487
50,196,30,6.536
50,196,31,6.586
50,196,32,6.627
50,196,33,6.680
50,196,34,6.729
50,196,35,6.777
50,196,36,6.825
50,196,37,6.874
50,196,38,6.928
50,196,39,6.978
50,196,40,7.029
50,196,41,7.078
50,196,42,7.111
50,196,43,7.216
50,196,44,7.246
50,196,45,7.291
50,196,46,7.366
50,196,47,7.400
50,196,48,7.456
50,196,49,7.506
50,197,0,7.082
50,197,1,6.606
50,197,2,5.810
50,197,3,5.857
50,197,4,5.895
50,197,5,5.936
50,197,6,5.976
50,197,7,6.042
50,197,8,6.080
50,197,9,6.144
50,197,10,6.199
50,197,11,6.254
50,197,12,6.295
50,197,13,6.355
50,197,14,6.413
50,197,15,6.453
50,197,16,6.514
50,197,17,6.554
50,197,18,6.787
50,197,19,6.923
50,197,20,6.935
50,197,21,7.092
50,197,22,7.100
50,197,23,7.282
50,197,24,7.297
50,197,25,7.304
50,197,26,7.311
50,197,27,7.457
50,197,28,7.464
50,197,29,7.468
50,197,30,7.537
50,197,31,7.542
50,197,32,7.547
50,197,33,7.594
50,197,34,7.600
50,197,35,7.638
50,197,36,7.671
50,197,37,7.698
50,197,38,7.788
50,197,39,7.828
50,197,40,7.858
50,197,41,7.917
50,197,42,7.957
50,197,43,8.013
50,197,44,8.050
50,197,45,8.113
50,197,46,8.190
50,197,47,8.222
50,197,48,8.257
50,197,49,8.314
50,198,0,6.359
50,198,1,6.167
50,198,2,5.110
50,198,3,5.148
50,198,4,5.187
50,198,5,5.248
50,198,6,5.287
50,198,7,5.349
50,198,8,5.410
50,198,9,5.472
50,198,10,5.524
50,198,11,5.576
50,198,12,5.628
50,198,13,5.665
50,198,14,5.723
50,198,15,5.776
50,198,16,6.009
50,198,17,6.023
50,198,18,6.178
50,198,19,6.186
50,198,20,6.349
50,198,21,6.366
50,198,22,6.372
50,198,23,6.541
50,198,24,6.551
50,198,25,6.558
50,198,26,6.566
50,198,27,6.661
50,198,28,6.665
50,198,29,6.669
50,198,30,6.715
50,198,31,6.720
50,198,32,6.746
50,198,33,6.780
50,198,34,6.884
50,198,35,6.933
50,198,36,6.963
50,198,37,7.022
50,198,38,7.065
50,198,39,7.244
50,198,40,7.367
50,198,41,7.378
50,198,42,7.465
50,198,43,7.596
50,198,44,7.636
50,198,45,7.667
50,198,46,7.708
50,198,47,7.771
50,198,48,7.807
50,198,49,7.871
50,199,0,6.620
50,199,1,6.415
50,199,2,5.610
50,199,3,5.664
50,199,4,5.702
50,199,5,5.735
50,199,6,5.774
50,199,7,5.840
50,199,8,5.879
50,199,9,5.943
50,199,10,6.105
50,199,11,6.176
50,199,12,6.182
50,199,13,6.244
50,199,14,6.250
50,199,15,6.303
50,199,16,6.348
50,199,17,6.384
50,199,18,6.454
50,199,19,6.518
50,199,20,6.557
50,199,21,6.659
50,199,22,6.722
50,199,23,6.763
50,199,24,6.822
50,199,25,6.882
50,199,26,6.922
50,199,27,6.976
50,199,28,7.013
50,199,29,7.072
50,199,30,7.123
50,199,31,7.176
50,199,32,7.229
50,199,33,7.264
50,199,34,7.330
50,199,35,7.367
50,199,36,7.423
50,199,37,7.466
50,199,38,7.521
50,199,39,7.569
50,199,40,7.622
50,199,41,7.658
50,199,42,7.719
50,199,43,7.756
50,199,44,7.812
50,199,45,7.864
50,199,46,7.917
50,199,47,7.980
50,199,48,8.010
50,199,49,8.054
